source,actor,model,market,confidence_band,observed_predictions,abstentions,stored_resolved,stored_wins,stored_losses,stored_winrate,last20_n,last20_sequence,last20_wins,last20_rate,last10_n,last10_sequence,last10_wins,last10_rate,known_outcome_at_prediction,unknown_snapshot,outcome_mismatch,future_or_unproven_time,verified_predictive,verified_wins,verified_winrate,predictive_independent_events,predictive_last20_n,predictive_last20_rate,predictive_last10_n,predictive_last10_rate,priced_n,profit_units,roi_pct,latest_prediction
legacy_shadow,Groq-Llama70B,model_id_not_recorded,other,<77,9,1,5,2,3,40.0,5,LLWWL,2,40.0,5,LLWWL,2,40.0,0,5,0,0,0,0,,0,0,,0,,0,,,2026-07-02 15:27:44
legacy_shadow,Groq-Llama70B,model_id_not_recorded,ou25,77-84,198,0,120,99,21,82.5,20,LWWLWWWLLWWWWWWLWWWW,15,75.0,10,LWWLWWWLLW,6,60.0,0,120,0,0,0,0,,0,0,,0,,0,,,2026-08-13 20:15:14
legacy_shadow,Groq-Llama70B,model_id_not_recorded,ou25,<77,722,0,632,336,296,53.16,20,WWWWWLLWWLLWWLWWLLLL,11,55.0,10,WWWWWLLWWL,7,70.0,0,632,0,0,0,0,,0,0,,0,,0,,,2026-08-17 03:48:12
legacy_shadow,Groq-Llama8B,model_id_not_recorded,other,77-84,51,0,44,19,25,43.18,20,LLLLLWLWLLLLWLWLLLLW,5,25.0,10,LLLLLWLWLL,2,20.0,0,44,0,0,0,0,,0,0,,0,,0,,,2026-07-02 15:28:41
legacy_shadow,Groq-Llama8B,model_id_not_recorded,other,<77,52,22,22,4,18,18.18,20,LLLLLLWLLLLLWLWLLLLL,3,15.0,10,LLLLLLWLLL,1,10.0,0,22,0,0,0,0,,0,0,,0,,0,,,2026-07-28 01:05:52
legacy_shadow,Groq-Llama8B,model_id_not_recorded,ou25,77-84,695,0,527,236,291,44.78,20,LLLLWLLWWWLLLWWWWLLL,8,40.0,10,LLLLWLLWWW,4,40.0,0,527,0,0,0,0,,0,0,,0,,0,,,2026-07-28 01:06:01
legacy_shadow,Groq-Llama8B,model_id_not_recorded,ou25,<77,13,0,10,3,7,30.0,10,LWLWLLWLLL,3,30.0,10,LWLWLLWLLL,3,30.0,0,10,0,0,0,0,,0,0,,0,,0,,,2026-07-27 00:25:58
legacy_shadow,Mistral-Small,model_id_not_recorded,other,<77,440,440,0,0,0,,0,,0,,0,,0,,0,0,0,0,0,0,,0,0,,0,,0,,,2026-08-31 19:17:24
legacy_shadow,Mistral-Small,model_id_not_recorded,ou25,77-84,6,0,3,1,2,33.33,3,LLW,1,33.33,3,LLW,1,33.33,0,3,0,0,0,0,,0,0,,0,,0,,,2026-07-26 11:15:47
legacy_shadow,Mistral-Small,model_id_not_recorded,ou25,85-89,17,0,13,11,2,84.62,13,LWWWWWWWWLWWW,11,84.62,10,LWWWWWWWWL,8,80.0,0,13,0,0,0,0,,0,0,,0,,0,,,2026-08-07 19:52:49
legacy_shadow,Mistral-Small,model_id_not_recorded,ou25,<77,546,0,375,237,138,63.2,20,LLWLLWWWWWWLWLWWWLWW,13,65.0,10,LLWLLWWWWW,6,60.0,0,375,0,0,0,0,,0,0,,0,,0,,,2026-09-01 19:18:03
legacy_shadow,OR-KimiK3,model_id_not_recorded,other,<77,8,8,0,0,0,,0,,0,,0,,0,,0,0,0,0,0,0,,0,0,,0,,0,,,2026-08-20 17:16:58
legacy_shadow,OR-KimiK3,model_id_not_recorded,ou25,90+,1,0,0,0,0,,0,,0,,0,,0,,0,0,0,0,0,0,,0,0,,0,,0,,,2026-07-25 05:01:26
legacy_shadow,OR-KimiK3,model_id_not_recorded,ou25,<77,65,0,65,47,18,72.31,20,WWLWWWLLWWWWWWWWWWLL,15,75.0,10,WWLWWWLLWW,7,70.0,0,65,0,0,0,0,,0,0,,0,,0,,,2026-08-20 18:43:28
legacy_shadow,OR-Mistral7B,model_id_not_recorded,other,<77,79,79,0,0,0,,0,,0,,0,,0,,0,0,0,0,0,0,,0,0,,0,,0,,,2026-09-11 16:53:01
legacy_shadow,OR-Mistral7B,model_id_not_recorded,ou25,85-89,1,0,1,0,1,0.0,1,L,0,0.0,1,L,0,0.0,0,1,0,0,0,0,,0,0,,0,,0,,,2026-08-13 20:15:16
legacy_shadow,OR-Mistral7B,model_id_not_recorded,ou25,<77,62,0,62,36,26,58.06,20,WLWWWWLWLWWWWWWLWLLW,14,70.0,10,WLWWWWLWLW,7,70.0,0,62,0,0,0,0,,0,0,,0,,0,,,2026-09-06 00:45:32
legacy_shadow,OR-Qwen37Max,model_id_not_recorded,other,77-84,1,0,0,0,0,,0,,0,,0,,0,,0,0,0,0,0,0,,0,0,,0,,0,,,2026-07-25 06:20:40
legacy_shadow,OR-Qwen37Max,model_id_not_recorded,other,85-89,4,0,2,1,1,50.0,2,LW,1,50.0,2,LW,1,50.0,0,2,0,0,0,0,,0,0,,0,,0,,,2026-08-13 20:15:18
legacy_shadow,OR-Qwen37Max,model_id_not_recorded,other,90+,28,28,0,0,0,,0,,0,,0,,0,,0,0,0,0,0,0,,0,0,,0,,0,,,2026-07-25 09:10:09
legacy_shadow,OR-Qwen37Max,model_id_not_recorded,other,<77,19,18,1,0,1,0.0,1,L,0,0.0,1,L,0,0.0,0,1,0,0,0,0,,0,0,,0,,0,,,2026-08-18 03:41:15
legacy_shadow,OR-Qwen37Max,model_id_not_recorded,ou25,77-84,1,0,1,1,0,100.0,1,W,1,100.0,1,W,1,100.0,0,1,0,0,0,0,,0,0,,0,,0,,,2026-07-25 00:53:22
legacy_shadow,OR-Qwen37Max,model_id_not_recorded,ou25,85-89,1,0,0,0,0,,0,,0,,0,,0,,0,0,0,0,0,0,,0,0,,0,,0,,,2026-07-25 05:51:17
legacy_shadow,OR-Qwen37Max,model_id_not_recorded,ou25,90+,47,0,12,9,3,75.0,12,WWWWWWLLLWWW,9,75.0,10,WWWWWWLLLW,7,70.0,0,12,0,0,0,0,,0,0,,0,,0,,,2026-08-01 04:47:24
legacy_shadow,OR-Qwen37Max,model_id_not_recorded,ou25,<77,104,0,104,59,45,56.73,20,LWLLLWWWLWWWLWWLLWWW,12,60.0,10,LWLLLWWWLW,5,50.0,0,104,0,0,0,0,,0,0,,0,,0,,,2026-09-01 19:18:07
official_market,Cohere-Command,cohere/command-r-08-2024,btts,<77,11,0,11,7,4,63.64,11,WLWLWWWLWWL,7,63.64,10,WLWLWWWLWW,7,70.0,1,0,0,0,10,6,60.0,7,7,71.43,7,71.43,0,,,2026-08-07 20:10:48
official_market,Cohere-Command,cohere/command-r-08-2024,mt1,77-84,1,0,1,1,0,100.0,1,W,1,100.0,1,W,1,100.0,0,1,0,0,0,0,,0,0,,0,,0,,,2026-08-07 19:23:25
official_market,Cohere-Command,cohere/command-r-08-2024,mt1,<77,10,0,10,8,2,80.0,10,WLWLWWWWWW,8,80.0,10,WLWLWWWWWW,8,80.0,0,10,0,0,0,0,,0,0,,0,,0,,,2026-08-07 20:10:48
official_market,Cohere-Command,cohere/command-r-08-2024,mt1_dom,<77,11,0,11,8,3,72.73,11,LWWWWWLWLWW,8,72.73,10,LWWWWWLWLW,7,70.0,0,11,0,0,0,0,,0,0,,0,,0,,,2026-08-07 20:10:48
official_market,Cohere-Command,cohere/command-r-08-2024,mt1_ext,<77,8,0,8,6,2,75.0,8,WLWLWWWW,6,75.0,8,WLWLWWWW,6,75.0,0,8,0,0,0,0,,0,0,,0,,0,,,2026-08-07 20:10:48
official_market,Cohere-Command,cohere/command-r-08-2024,mt2,<77,2,0,2,0,2,0.0,2,LL,0,0.0,2,LL,0,0.0,0,2,0,0,0,0,,0,0,,0,,0,,,2026-08-07 20:10:48
official_market,Cohere-Command,cohere/command-r-08-2024,ou05,77-84,2,0,2,2,0,100.0,2,WW,2,100.0,2,WW,2,100.0,2,0,0,0,0,0,,0,0,,0,,0,,,2026-08-07 19:53:11
official_market,Cohere-Command,cohere/command-r-08-2024,ou05,85-89,2,0,2,2,0,100.0,2,WW,2,100.0,2,WW,2,100.0,2,0,0,0,0,0,,0,0,,0,,0,,,2026-08-07 20:04:18
official_market,Cohere-Command,cohere/command-r-08-2024,ou05,90+,6,0,6,6,0,100.0,6,WWWWWW,6,100.0,6,WWWWWW,6,100.0,6,0,0,0,0,0,,0,0,,0,,0,,,2026-08-07 20:10:48
official_market,Cohere-Command,cohere/command-r-08-2024,ou05,<77,1,0,1,1,0,100.0,1,W,1,100.0,1,W,1,100.0,1,0,0,0,0,0,,0,0,,0,,0,,,2026-08-07 20:02:40
official_market,Cohere-Command,cohere/command-r-08-2024,ou15,77-84,2,0,2,2,0,100.0,2,WW,2,100.0,2,WW,2,100.0,1,0,0,0,1,1,100.0,1,1,100.0,1,100.0,0,,,2026-08-07 19:59:49
official_market,Cohere-Command,cohere/command-r-08-2024,ou15,85-89,3,0,3,3,0,100.0,3,WWW,3,100.0,3,WWW,3,100.0,1,0,0,0,2,2,100.0,2,2,100.0,2,100.0,0,,,2026-08-07 19:51:57
official_market,Cohere-Command,cohere/command-r-08-2024,ou15,<77,6,0,6,5,1,83.33,6,WWLWWW,5,83.33,6,WWLWWW,5,83.33,2,0,0,0,4,3,75.0,4,4,75.0,4,75.0,0,,,2026-08-07 20:10:48
official_market,Cohere-Command,cohere/command-r-08-2024,ou25,77-84,5,0,5,4,1,80.0,5,WWWLW,4,80.0,5,WWWLW,4,80.0,1,0,0,0,4,3,75.0,4,4,75.0,4,75.0,0,,,2026-08-07 20:10:48
official_market,Cohere-Command,cohere/command-r-08-2024,ou25,<77,6,0,6,5,1,83.33,6,WWLWWW,5,83.33,6,WWLWWW,5,83.33,0,0,0,0,6,5,83.33,4,4,75.0,4,75.0,0,,,2026-08-07 20:04:18
official_market,Cohere-Command,cohere/command-r-08-2024,resultat,77-84,1,0,1,0,1,0.0,1,L,0,0.0,1,L,0,0.0,0,1,0,0,0,0,,0,0,,0,,0,,,2026-08-07 20:10:48
official_market,Cohere-Command,cohere/command-r-08-2024,resultat,<77,10,0,10,4,6,40.0,10,LWLLLLWWLW,4,40.0,10,LWLLLLWWLW,4,40.0,0,10,0,0,0,0,,0,0,,0,,0,,,2026-08-07 20:04:18
official_market,Cohere-Command,cohere/command-r-plus-08-2024,btts,77-84,13,0,13,9,4,69.23,13,WLWWLLWLWWWWW,9,69.23,10,WLWWLLWLWW,6,60.0,6,0,0,0,7,4,57.14,6,6,66.67,6,66.67,0,,,2026-08-28 19:19:35
official_market,Cohere-Command,cohere/command-r-plus-08-2024,btts,85-89,1,0,1,1,0,100.0,1,W,1,100.0,1,W,1,100.0,0,0,0,0,1,1,100.0,1,1,100.0,1,100.0,0,,,2026-08-09 00:44:52
official_market,Cohere-Command,cohere/command-r-plus-08-2024,btts,90+,1,0,1,1,0,100.0,1,W,1,100.0,1,W,1,100.0,1,0,0,0,0,0,,0,0,,0,,0,,,2026-08-10 19:45:58
official_market,Cohere-Command,cohere/command-r-plus-08-2024,btts,<77,495,0,495,291,204,58.79,20,LWLLLLLLLWWWWWWLLLWL,8,40.0,10,LWLLLLLLLW,2,20.0,69,0,7,25,402,228,56.72,223,20,50.0,10,50.0,0,,,2026-08-28 00:35:41
official_market,Cohere-Command,cohere/command-r-plus-08-2024,mt1,77-84,6,0,6,6,0,100.0,6,WWWWWW,6,100.0,6,WWWWWW,6,100.0,0,6,0,0,0,0,,0,0,,0,,0,,,2026-08-20 17:16:05
official_market,Cohere-Command,cohere/command-r-plus-08-2024,mt1,<77,504,0,504,355,149,70.44,20,WWLWLWLLLLWWWWWWLLLW,11,55.0,10,WWLWLWLLLL,4,40.0,0,504,0,25,0,0,,0,0,,0,,0,,,2026-08-28 19:19:35
official_market,Cohere-Command,cohere/command-r-plus-08-2024,mt1_dom,77-84,4,0,4,4,0,100.0,4,WWWW,4,100.0,4,WWWW,4,100.0,0,4,0,0,0,0,,0,0,,0,,0,,,2026-08-20 17:10:12
official_market,Cohere-Command,cohere/command-r-plus-08-2024,mt1_dom,85-89,3,0,3,3,0,100.0,3,WWW,3,100.0,3,WWW,3,100.0,0,3,0,0,0,0,,0,0,,0,,0,,,2026-08-20 17:16:05
official_market,Cohere-Command,cohere/command-r-plus-08-2024,mt1_dom,<77,501,0,501,338,163,67.47,20,WLLLWWLWWWWWWWWWLWWL,14,70.0,10,WLLLWWLWWW,6,60.0,0,501,0,25,0,0,,0,0,,0,,0,,,2026-08-28 19:19:35
official_market,Cohere-Command,cohere/command-r-plus-08-2024,mt1_ext,85-89,1,0,1,1,0,100.0,1,W,1,100.0,1,W,1,100.0,0,1,0,0,0,0,,0,0,,0,,0,,,2026-08-09 03:43:49
official_market,Cohere-Command,cohere/command-r-plus-08-2024,mt1_ext,<77,470,0,470,297,173,63.19,20,LLWWWWLWLLWWWWWLWLLW,12,60.0,10,LLWWWWLWLL,5,50.0,0,470,0,24,0,0,,0,0,,0,,0,,,2026-08-28 19:19:35
official_market,Cohere-Command,cohere/command-r-plus-08-2024,mt2,<77,237,0,237,125,112,52.74,20,WWLWWLWLWWLLLWLWWWWL,12,60.0,10,WWLWWLWLWW,7,70.0,0,237,0,13,0,0,,0,0,,0,,0,,,2026-08-28 00:35:41
official_market,Cohere-Command,cohere/command-r-plus-08-2024,mt2_dom,<77,14,0,14,8,6,57.14,14,LWLWLWWLLWWWLW,8,57.14,10,LWLWLWWLLW,5,50.0,0,14,0,0,0,0,,0,0,,0,,0,,,2026-08-20 17:22:32
official_market,Cohere-Command,cohere/command-r-plus-08-2024,mt2_ext,<77,2,0,2,1,1,50.0,2,WL,1,50.0,2,WL,1,50.0,0,2,0,0,0,0,,0,0,,0,,0,,,2026-08-15 10:24:45
official_market,Cohere-Command,cohere/command-r-plus-08-2024,ou05,77-84,118,0,118,112,6,94.92,20,LWWWWWWWWWWWWWWWWWWW,19,95.0,10,LWWWWWWWWW,9,90.0,98,0,0,7,20,16,80.0,20,20,80.0,10,70.0,0,,,2026-08-25 10:49:49
official_market,Cohere-Command,cohere/command-r-plus-08-2024,ou05,85-89,36,0,36,35,1,97.22,20,WWWWWWWWWWWWWWWWWWWW,20,100.0,10,WWWWWWWWWW,10,100.0,30,0,0,2,6,5,83.33,6,6,83.33,6,83.33,0,,,2026-08-28 19:19:35
official_market,Cohere-Command,cohere/command-r-plus-08-2024,ou05,90+,87,0,87,87,0,100.0,20,WWWWWWWWWWWWWWWWWWWW,20,100.0,10,WWWWWWWWWW,10,100.0,85,0,0,4,2,2,100.0,2,2,100.0,2,100.0,0,,,2026-08-27 16:44:14
official_market,Cohere-Command,cohere/command-r-plus-08-2024,ou05,<77,269,0,269,250,19,92.94,20,WWWWWWWLLWWWWWWWWWWW,18,90.0,10,WWWWWWWLLW,8,80.0,80,0,0,12,182,164,90.11,132,20,95.0,10,90.0,0,,,2026-08-27 17:17:59
official_market,Cohere-Command,cohere/command-r-plus-08-2024,ou15,77-84,53,0,53,47,6,88.68,20,WWWWWWWWWLWWWWLWWWWW,18,90.0,10,WWWWWWWWWL,9,90.0,24,0,0,3,28,23,82.14,27,20,85.0,10,90.0,0,,,2026-08-28 19:19:35
official_market,Cohere-Command,cohere/command-r-plus-08-2024,ou15,85-89,43,0,43,36,7,83.72,20,WWWWWWWWWWWWWWWLWWLL,17,85.0,10,WWWWWWWWWW,10,100.0,29,0,0,3,14,9,64.29,13,13,69.23,10,70.0,0,,,2026-08-27 16:44:14
official_market,Cohere-Command,cohere/command-r-plus-08-2024,ou15,90+,13,0,13,12,1,92.31,13,WWWWWWWLWWWWW,12,92.31,10,WWWWWWWLWW,9,90.0,13,0,0,0,0,0,,0,0,,0,,0,,,2026-08-22 14:36:35
official_market,Cohere-Command,cohere/command-r-plus-08-2024,ou15,<77,401,0,401,284,117,70.82,20,WLWLWLWWWWWWLLWWLWLW,13,65.0,10,WLWLWLWWWW,7,70.0,53,0,3,19,329,217,65.96,202,20,75.0,10,80.0,0,,,2026-08-28 00:35:41
official_market,Cohere-Command,cohere/command-r-plus-08-2024,ou25,77-84,134,0,134,89,45,66.42,20,WWWWWLLWWLWWWWLWLLWW,14,70.0,10,WWWWWLLWWL,7,70.0,11,0,0,7,118,80,67.8,97,20,70.0,10,90.0,16,7.18,44.88,2026-08-27 16:44:14
official_market,Cohere-Command,cohere/command-r-plus-08-2024,ou25,85-89,51,0,51,35,16,68.63,20,LWWWWWWWWWWWLLWWLWWW,16,80.0,10,LWWWWWWWWW,9,90.0,3,0,1,0,47,33,70.21,42,20,85.0,10,90.0,5,1.16,23.2,2026-08-22 14:36:35
official_market,Cohere-Command,cohere/command-r-plus-08-2024,ou25,90+,10,0,10,7,3,70.0,10,LWLLWWWWWW,7,70.0,10,LWLLWWWWWW,7,70.0,4,0,0,0,6,3,50.0,5,5,60.0,5,60.0,2,0.9,45.0,2026-08-19 23:48:20
official_market,Cohere-Command,cohere/command-r-plus-08-2024,ou25,<77,332,0,332,189,143,56.93,20,WLWLWLLLWWLLLLWLLWLW,8,40.0,10,WLWLWLLLWW,5,50.0,16,0,7,18,294,166,56.46,190,20,40.0,10,40.0,8,-0.58,-7.25,2026-08-28 19:19:35
official_market,Cohere-Command,cohere/command-r-plus-08-2024,resultat,77-84,39,0,39,32,7,82.05,20,WWWWWLWWWLWWWWWLWLLW,15,75.0,10,WWWWWLWWWL,8,80.0,0,39,0,1,0,0,,0,0,,0,,0,,,2026-08-25 19:21:38
official_market,Cohere-Command,cohere/command-r-plus-08-2024,resultat,85-89,33,0,33,30,3,90.91,20,WWWWWWWLLWWWWLWWWWWW,17,85.0,10,WWWWWWWLLW,8,80.0,0,33,0,2,0,0,,0,0,,0,,0,,,2026-08-20 18:42:31
official_market,Cohere-Command,cohere/command-r-plus-08-2024,resultat,90+,10,0,10,9,1,90.0,10,WLWWWWWWWW,9,90.0,10,WLWWWWWWWW,9,90.0,0,10,0,0,0,0,,0,0,,0,,0,,,2026-08-20 17:16:05
official_market,Cohere-Command,cohere/command-r-plus-08-2024,resultat,<77,428,0,428,188,240,43.93,20,LLLLWWWLWLLLWWWWLWLL,9,45.0,10,LLLLWWWLWL,4,40.0,0,428,0,22,0,0,,0,0,,0,,0,,,2026-08-28 19:19:35
official_market,Cohere-Command,command-r-plus-08-2024,btts,<77,11,0,11,6,5,54.55,11,WLLLWWWWWLL,6,54.55,10,WLLLWWWWWL,6,60.0,3,0,0,0,8,4,50.0,8,8,50.0,8,50.0,0,,,2026-08-29 16:01:51
official_market,Cohere-Command,command-r-plus-08-2024,mt1,<77,11,0,11,8,3,72.73,11,WWWWWWLWWLL,8,72.73,10,WWWWWWLWWL,8,80.0,0,11,0,0,0,0,,0,0,,0,,0,,,2026-08-29 16:01:51
official_market,Cohere-Command,command-r-plus-08-2024,mt1_dom,<77,11,0,11,8,3,72.73,11,WWWLWWWWWLL,8,72.73,10,WWWLWWWWWL,8,80.0,0,11,0,0,0,0,,0,0,,0,,0,,,2026-08-29 16:01:51
official_market,Cohere-Command,command-r-plus-08-2024,mt1_ext,<77,10,0,10,6,4,60.0,10,WWWWWLWLLL,6,60.0,10,WWWWWLWLLL,6,60.0,0,10,0,0,0,0,,0,0,,0,,0,,,2026-08-29 16:01:51
official_market,Cohere-Command,command-r-plus-08-2024,mt2,<77,5,0,5,3,2,60.0,5,LWLWW,3,60.0,5,LWLWW,3,60.0,0,5,0,0,0,0,,0,0,,0,,0,,,2026-08-29 14:41:10
official_market,Cohere-Command,command-r-plus-08-2024,mt2_dom,<77,1,0,1,1,0,100.0,1,W,1,100.0,1,W,1,100.0,0,1,0,0,0,0,,0,0,,0,,0,,,2026-08-29 13:48:58
official_market,Cohere-Command,command-r-plus-08-2024,mt2_ext,<77,1,0,1,1,0,100.0,1,W,1,100.0,1,W,1,100.0,0,1,0,0,0,0,,0,0,,0,,0,,,2026-08-29 13:48:58
official_market,Cohere-Command,command-r-plus-08-2024,ou05,77-84,5,0,5,5,0,100.0,5,WWWWW,5,100.0,5,WWWWW,5,100.0,4,0,0,0,1,1,100.0,1,1,100.0,1,100.0,0,,,2026-08-29 15:56:52
official_market,Cohere-Command,command-r-plus-08-2024,ou05,85-89,1,0,1,1,0,100.0,1,W,1,100.0,1,W,1,100.0,1,0,0,0,0,0,,0,0,,0,,0,,,2026-08-29 11:19:52
official_market,Cohere-Command,command-r-plus-08-2024,ou05,90+,1,0,1,1,0,100.0,1,W,1,100.0,1,W,1,100.0,1,0,0,0,0,0,,0,0,,0,,0,,,2026-08-29 12:37:37
official_market,Cohere-Command,command-r-plus-08-2024,ou05,<77,4,0,4,3,1,75.0,4,WLWW,3,75.0,4,WLWW,3,75.0,0,0,0,0,4,3,75.0,4,4,75.0,4,75.0,0,,,2026-08-29 16:01:51
official_market,Cohere-Command,command-r-plus-08-2024,ou15,77-84,1,0,1,1,0,100.0,1,W,1,100.0,1,W,1,100.0,1,0,0,0,0,0,,0,0,,0,,0,,,2026-08-29 11:19:52
official_market,Cohere-Command,command-r-plus-08-2024,ou15,85-89,1,0,1,1,0,100.0,1,W,1,100.0,1,W,1,100.0,1,0,0,0,0,0,,0,0,,0,,0,,,2026-08-29 12:37:37
official_market,Cohere-Command,command-r-plus-08-2024,ou15,<77,9,0,9,7,2,77.78,9,WWLWWLWWW,7,77.78,9,WWLWWLWWW,7,77.78,1,0,0,0,8,6,75.0,8,8,75.0,8,75.0,0,,,2026-08-29 16:01:51
official_market,Cohere-Command,command-r-plus-08-2024,ou25,77-84,3,0,3,2,1,66.67,3,WWL,2,66.67,3,WWL,2,66.67,1,0,1,0,1,1,100.0,1,1,100.0,1,100.0,0,,,2026-08-29 16:01:51
official_market,Cohere-Command,command-r-plus-08-2024,ou25,85-89,3,0,3,0,3,0.0,3,LLL,0,0.0,3,LLL,0,0.0,0,0,0,0,3,0,0.0,3,3,0.0,3,0.0,1,-1,-100.0,2026-08-29 15:56:52
official_market,Cohere-Command,command-r-plus-08-2024,ou25,<77,5,0,5,2,3,40.0,5,LLLWW,2,40.0,5,LLLWW,2,40.0,2,0,0,0,3,1,33.33,3,3,33.33,3,33.33,0,,,2026-08-29 13:48:58
official_market,Cohere-Command,command-r-plus-08-2024,resultat,<77,11,0,11,5,6,45.45,11,WWLLWLWLLWL,5,45.45,10,WWLLWLWLLW,5,50.0,0,11,0,0,0,0,,0,0,,0,,0,,,2026-08-29 16:01:51
official_market,Cohere-Command,llama-3.3-70b-versatile,btts,<77,1,0,1,1,0,100.0,1,W,1,100.0,1,W,1,100.0,0,0,0,0,1,1,100.0,1,1,100.0,1,100.0,0,,,2026-08-08 10:25:25
official_market,Cohere-Command,llama-3.3-70b-versatile,mt1,<77,1,0,1,1,0,100.0,1,W,1,100.0,1,W,1,100.0,0,1,0,0,0,0,,0,0,,0,,0,,,2026-08-08 10:25:25
official_market,Cohere-Command,llama-3.3-70b-versatile,mt1_dom,<77,1,0,1,1,0,100.0,1,W,1,100.0,1,W,1,100.0,0,1,0,0,0,0,,0,0,,0,,0,,,2026-08-08 10:25:25
official_market,Cohere-Command,llama-3.3-70b-versatile,mt1_ext,<77,1,0,1,1,0,100.0,1,W,1,100.0,1,W,1,100.0,0,1,0,0,0,0,,0,0,,0,,0,,,2026-08-08 10:25:25
official_market,Cohere-Command,llama-3.3-70b-versatile,mt2,<77,1,0,1,1,0,100.0,1,W,1,100.0,1,W,1,100.0,0,1,0,0,0,0,,0,0,,0,,0,,,2026-08-08 10:25:25
official_market,Cohere-Command,llama-3.3-70b-versatile,mt2_dom,<77,1,0,1,1,0,100.0,1,W,1,100.0,1,W,1,100.0,0,1,0,0,0,0,,0,0,,0,,0,,,2026-08-08 10:25:25
official_market,Cohere-Command,llama-3.3-70b-versatile,ou05,77-84,1,0,1,1,0,100.0,1,W,1,100.0,1,W,1,100.0,1,0,0,0,0,0,,0,0,,0,,0,,,2026-08-08 10:25:25
official_market,Cohere-Command,llama-3.3-70b-versatile,ou15,<77,1,0,1,1,0,100.0,1,W,1,100.0,1,W,1,100.0,0,0,0,0,1,1,100.0,1,1,100.0,1,100.0,0,,,2026-08-08 10:25:25
official_market,Cohere-Command,llama-3.3-70b-versatile,ou25,<77,1,0,1,1,0,100.0,1,W,1,100.0,1,W,1,100.0,0,0,0,0,1,1,100.0,1,1,100.0,1,100.0,0,,,2026-08-08 10:25:25
official_market,Cohere-Command,llama-3.3-70b-versatile,resultat,<77,1,0,1,1,0,100.0,1,W,1,100.0,1,W,1,100.0,0,1,0,0,0,0,,0,0,,0,,0,,,2026-08-08 10:25:25
official_market,Cohere-Command,model_id_not_proven,btts,77-84,174,0,119,100,19,84.03,20,WWWWWWWWWWWWWWWWWWWW,20,100.0,10,WWWWWWWWWW,10,100.0,39,8,0,27,63,54,85.71,62,20,85.0,10,80.0,1,1.1,110.0,2026-08-19 02:17:23
official_market,Cohere-Command,model_id_not_proven,btts,85-89,80,0,56,46,10,82.14,20,WWWWWLLLWWWLLWWWWWWW,15,75.0,10,WWWWWLLLWW,7,70.0,17,2,1,8,34,28,82.35,33,20,80.0,10,80.0,0,,,2026-08-08 10:30:51
official_market,Cohere-Command,model_id_not_proven,btts,90+,136,0,70,61,9,87.14,20,LWWWWWWLLWWWWWLLLWLW,13,65.0,10,LWWWWWWLLW,7,70.0,54,5,0,21,6,4,66.67,6,6,66.67,6,66.67,0,,,2026-07-31 03:59:25
official_market,Cohere-Command,model_id_not_proven,btts,<77,3103,0,2639,1728,911,65.48,20,WWLWLWWWLLLWLWLLLWWW,11,55.0,10,WWLWLWWWLL,6,60.0,611,64,2,496,1641,922,56.19,651,20,60.0,10,60.0,0,,,2026-08-28 19:37:01
official_market,Cohere-Command,model_id_not_proven,mt1,77-84,181,0,163,133,30,81.6,20,WWWWWWLLLWWWWWWWWWWL,16,80.0,10,WWWWWWLLLW,7,70.0,0,163,0,19,0,0,,0,0,,0,,0,,,2026-08-08 10:30:51
official_market,Cohere-Command,model_id_not_proven,mt1,85-89,42,0,36,32,4,88.89,20,WWWWLWWWWWWWWWWWWWWW,19,95.0,10,WWWWLWWWWW,9,90.0,0,36,0,3,0,0,,0,0,,0,,0,,,2026-07-30 12:32:31
official_market,Cohere-Command,model_id_not_proven,mt1,90+,610,0,414,390,24,94.2,20,WWWWWWWLWWWWWWLLLLLL,13,65.0,10,WWWWWWWLWW,9,90.0,0,414,0,93,0,0,,0,0,,0,,0,,,2026-07-31 18:50:20
official_market,Cohere-Command,model_id_not_proven,mt1,<77,2660,0,2271,1716,555,75.56,20,WWWWLWWWWWLLWWWLWWWL,15,75.0,10,WWWWLWWWWW,9,90.0,0,2271,0,437,0,0,,0,0,,0,,0,,,2026-08-28 19:37:01
official_market,Cohere-Command,model_id_not_proven,mt1_dom,<77,64,0,64,46,18,71.88,20,WWWWWWWWWLLLWWWLWWLW,15,75.0,10,WWWWWWWWWL,9,90.0,0,64,0,4,0,0,,0,0,,0,,0,,,2026-08-28 19:37:01
official_market,Cohere-Command,model_id_not_proven,mt1_ext,<77,62,0,62,41,21,66.13,20,WLLLWWWLWLWWWWWWWWLL,13,65.0,10,WLLLWWWLWL,5,50.0,0,62,0,4,0,0,,0,0,,0,,0,,,2026-08-28 19:37:01
official_market,Cohere-Command,model_id_not_proven,mt2,<77,36,0,36,13,23,36.11,20,LWWLLWLWLLLLWLLLLLLL,5,25.0,10,LWWLLWLWLL,4,40.0,0,36,0,2,0,0,,0,0,,0,,0,,,2026-08-28 19:37:01
official_market,Cohere-Command,model_id_not_proven,mt2_dom,<77,3,0,3,0,3,0.0,3,LLL,0,0.0,3,LLL,0,0.0,0,3,0,0,0,0,,0,0,,0,,0,,,2026-08-08 10:30:51
official_market,Cohere-Command,model_id_not_proven,ou05,77-84,18,0,18,17,1,94.44,18,WWWWWWWWLWWWWWWWWW,17,94.44,10,WWWWWWWWLW,9,90.0,16,0,0,0,2,1,50.0,2,2,50.0,2,50.0,0,,,2026-08-28 19:25:01
official_market,Cohere-Command,model_id_not_proven,ou05,85-89,5,0,5,5,0,100.0,5,WWWWW,5,100.0,5,WWWWW,5,100.0,5,0,0,0,0,0,,0,0,,0,,0,,,2026-08-28 19:37:01
official_market,Cohere-Command,model_id_not_proven,ou05,90+,4,0,4,4,0,100.0,4,WWWW,4,100.0,4,WWWW,4,100.0,3,1,0,1,0,0,,0,0,,0,,0,,,2026-08-19 02:17:23
official_market,Cohere-Command,model_id_not_proven,ou05,<77,39,0,39,32,7,82.05,20,WWWWWWWWLLLWWWWWWWWL,16,80.0,10,WWWWWWWWLL,8,80.0,10,2,1,3,26,20,76.92,23,20,80.0,10,80.0,0,,,2026-08-27 17:07:13
official_market,Cohere-Command,model_id_not_proven,ou15,77-84,2,0,2,2,0,100.0,2,WW,2,100.0,2,WW,2,100.0,1,0,0,0,1,1,100.0,1,1,100.0,1,100.0,0,,,2026-08-14 16:06:12
official_market,Cohere-Command,model_id_not_proven,ou15,85-89,2,0,2,2,0,100.0,2,WW,2,100.0,2,WW,2,100.0,1,1,0,1,0,0,,0,0,,0,,0,,,2026-08-19 02:17:23
official_market,Cohere-Command,model_id_not_proven,ou15,90+,1,0,1,1,0,100.0,1,W,1,100.0,1,W,1,100.0,1,0,0,0,0,0,,0,0,,0,,0,,,2026-08-12 20:25:30
official_market,Cohere-Command,model_id_not_proven,ou15,<77,61,0,61,35,26,57.38,20,WWWLLLWLWWLLWLWWWLWL,11,55.0,10,WWWLLLWLWW,6,60.0,5,2,1,3,53,27,50.94,47,20,45.0,10,40.0,0,,,2026-08-28 19:37:01
official_market,Cohere-Command,model_id_not_proven,ou25,77-84,1223,0,1152,823,329,71.44,20,WWLLLLWWWLLWWWLLLWWW,11,55.0,10,WWLLLLWWWL,5,50.0,52,18,1,192,919,657,71.49,512,20,55.0,10,50.0,33,11.1,33.64,2026-08-28 19:37:01
official_market,Cohere-Command,model_id_not_proven,ou25,85-89,396,0,230,190,40,82.61,20,WLWWWLLWLLLWWWWWWLWW,13,65.0,10,WLWWWLLWLL,5,50.0,96,17,0,62,104,80,76.92,92,20,65.0,10,50.0,12,9.04,75.33,2026-08-27 16:37:33
official_market,Cohere-Command,model_id_not_proven,ou25,90+,119,0,63,60,3,95.24,20,WWWWWWWWWWWWWWLWWWWW,19,95.0,10,WWWWWWWWWW,10,100.0,53,7,0,20,3,3,100.0,3,3,100.0,3,100.0,0,,,2026-08-19 00:05:13
official_market,Cohere-Command,model_id_not_proven,ou25,<77,1757,0,1441,902,539,62.6,20,WLLLWWLLLWWWWWLWLLWW,11,55.0,10,WLLLWWLLLW,4,40.0,310,37,2,278,932,503,53.97,488,20,55.0,10,50.0,7,0.82,11.71,2026-08-28 19:25:01
official_market,Cohere-Command,model_id_not_proven,resultat,77-84,616,0,418,306,112,73.21,20,LWWWWWWWLLWWWLLWWWWW,15,75.0,10,LWWWWWWWLL,7,70.0,0,418,0,104,0,0,,0,0,,0,,0,,,2026-08-28 19:25:01
official_market,Cohere-Command,model_id_not_proven,resultat,85-89,216,0,171,142,29,83.04,20,LWWWWLWWWWLWWWWLLLWW,14,70.0,10,LWWWWLWWWW,8,80.0,0,171,0,31,0,0,,0,0,,0,,0,,,2026-08-11 17:46:18
official_market,Cohere-Command,model_id_not_proven,resultat,90+,21,0,15,13,2,86.67,15,WWLWWWWWWWLWWWW,13,86.67,10,WWLWWWWWWW,9,90.0,0,15,0,3,0,0,,0,0,,0,,0,,,2026-08-01 04:52:46
official_market,Cohere-Command,model_id_not_proven,resultat,<77,2640,0,2280,1181,1099,51.8,20,WWLLWWWLLLLWWWLWLWLW,11,55.0,10,WWLLWWWLLL,5,50.0,0,2280,0,414,0,0,,0,0,,0,,0,,,2026-08-28 19:37:01
official_market,DeepSeek-V3,deepseek/deepseek-chat,btts,77-84,6,0,6,4,2,66.67,6,WLWLWW,4,66.67,6,WLWLWW,4,66.67,1,0,0,0,5,3,60.0,5,5,60.0,5,60.0,0,,,2026-08-19 01:59:06
official_market,DeepSeek-V3,deepseek/deepseek-chat,btts,85-89,4,0,4,3,1,75.0,4,WWWL,3,75.0,4,WWWL,3,75.0,0,0,0,0,4,3,75.0,4,4,75.0,4,75.0,0,,,2026-08-11 17:11:56
official_market,DeepSeek-V3,deepseek/deepseek-chat,btts,<77,382,0,382,229,153,59.95,20,WLLLWLLWWWLWWWWLWWWW,13,65.0,10,WLLLWLLWWW,5,50.0,48,0,7,16,318,179,56.29,230,20,40.0,10,50.0,0,,,2026-09-06 14:52:04
official_market,DeepSeek-V3,deepseek/deepseek-chat,mt1,77-84,2,0,2,2,0,100.0,2,WW,2,100.0,2,WW,2,100.0,0,2,0,0,0,0,,0,0,,0,,0,,,2026-08-20 17:22:32
official_market,DeepSeek-V3,deepseek/deepseek-chat,mt1,<77,390,0,390,292,98,74.87,20,WWLWWWLWWLLWWWWWWWWW,16,80.0,10,WWLWWWLWWL,7,70.0,0,390,0,16,0,0,,0,0,,0,,0,,,2026-09-06 14:52:04
official_market,DeepSeek-V3,deepseek/deepseek-chat,mt1_dom,77-84,1,0,1,1,0,100.0,1,W,1,100.0,1,W,1,100.0,0,1,0,0,0,0,,0,0,,0,,0,,,2026-08-11 17:11:56
official_market,DeepSeek-V3,deepseek/deepseek-chat,mt1_dom,85-89,1,0,1,1,0,100.0,1,W,1,100.0,1,W,1,100.0,0,1,0,0,0,0,,0,0,,0,,0,,,2026-08-20 17:22:32
official_market,DeepSeek-V3,deepseek/deepseek-chat,mt1_dom,<77,389,0,389,264,125,67.87,20,WWLWLWWWWWWWWWWWWWWW,18,90.0,10,WWLWLWWWWW,8,80.0,0,389,0,16,0,0,,0,0,,0,,0,,,2026-09-06 14:52:04
official_market,DeepSeek-V3,deepseek/deepseek-chat,mt1_ext,77-84,1,0,1,1,0,100.0,1,W,1,100.0,1,W,1,100.0,0,1,0,0,0,0,,0,0,,0,,0,,,2026-08-11 17:11:56
official_market,DeepSeek-V3,deepseek/deepseek-chat,mt1_ext,85-89,1,0,1,1,0,100.0,1,W,1,100.0,1,W,1,100.0,0,1,0,0,0,0,,0,0,,0,,0,,,2026-08-22 10:46:07
official_market,DeepSeek-V3,deepseek/deepseek-chat,mt1_ext,<77,388,0,388,256,132,65.98,20,WWWWLWLWWLLWWLWWWWLL,13,65.0,10,WWWWLWLWWL,7,70.0,0,388,0,16,0,0,,0,0,,0,,0,,,2026-09-06 14:52:04
official_market,DeepSeek-V3,deepseek/deepseek-chat,mt2,77-84,3,0,3,3,0,100.0,3,WWW,3,100.0,3,WWW,3,100.0,0,3,0,0,0,0,,0,0,,0,,0,,,2026-08-22 10:46:07
official_market,DeepSeek-V3,deepseek/deepseek-chat,mt2,<77,387,0,387,283,104,73.13,20,WWWLWWWWWWWWWWWWWWWW,19,95.0,10,WWWLWWWWWW,9,90.0,0,387,0,16,0,0,,0,0,,0,,0,,,2026-09-06 14:52:04
official_market,DeepSeek-V3,deepseek/deepseek-chat,mt2_dom,<77,376,0,376,198,178,52.66,20,WWWLWWWLLWWWWWWLLWLW,14,70.0,10,WWWLWWWLLW,7,70.0,0,376,0,16,0,0,,0,0,,0,,0,,,2026-09-06 14:52:04
official_market,DeepSeek-V3,deepseek/deepseek-chat,mt2_ext,77-84,1,0,1,1,0,100.0,1,W,1,100.0,1,W,1,100.0,0,1,0,0,0,0,,0,0,,0,,0,,,2026-08-11 17:11:56
official_market,DeepSeek-V3,deepseek/deepseek-chat,mt2_ext,<77,323,0,323,165,158,51.08,20,WLWWLLLLWLLLWLLLWLWW,8,40.0,10,WLWWLLLLWL,4,40.0,0,323,0,14,0,0,,0,0,,0,,0,,,2026-09-06 14:52:04
official_market,DeepSeek-V3,deepseek/deepseek-chat,ou05,77-84,267,0,267,252,15,94.38,20,WWWWWWWWWWWWWWWWWWWW,20,100.0,10,WWWWWWWWWW,10,100.0,176,0,1,13,87,73,83.91,77,20,95.0,10,100.0,0,,,2026-09-06 14:52:04
official_market,DeepSeek-V3,deepseek/deepseek-chat,ou05,85-89,40,0,40,39,1,97.5,20,WLWWWWWWWWWWWWWWWWWW,19,95.0,10,WLWWWWWWWW,9,90.0,33,0,0,2,7,7,100.0,7,7,100.0,7,100.0,0,,,2026-09-02 22:48:50
official_market,DeepSeek-V3,deepseek/deepseek-chat,ou05,90+,13,0,13,12,1,92.31,13,WLWWWWWWWWWWW,12,92.31,10,WLWWWWWWWW,9,90.0,13,0,1,0,0,0,,0,0,,0,,0,,,2026-09-02 10:43:13
official_market,DeepSeek-V3,deepseek/deepseek-chat,ou05,<77,72,0,72,58,14,80.56,20,LWLWWWWWWWWWWWLWWWWW,17,85.0,10,LWLWWWWWWW,8,80.0,4,0,2,1,65,52,80.0,59,20,85.0,10,80.0,0,,,2026-09-01 19:18:25
official_market,DeepSeek-V3,deepseek/deepseek-chat,ou15,77-84,35,0,35,31,4,88.57,20,LWWLWWWWWWWWWWWWWWWW,18,90.0,10,LWWLWWWWWW,8,80.0,14,0,1,2,19,16,84.21,17,17,82.35,10,90.0,0,,,2026-09-01 19:23:11
official_market,DeepSeek-V3,deepseek/deepseek-chat,ou15,85-89,7,0,7,7,0,100.0,7,WWWWWWW,7,100.0,7,WWWWWWW,7,100.0,6,0,1,0,1,1,100.0,1,1,100.0,1,100.0,0,,,2026-09-02 10:43:13
official_market,DeepSeek-V3,deepseek/deepseek-chat,ou15,90+,2,0,2,2,0,100.0,2,WW,2,100.0,2,WW,2,100.0,2,0,0,0,0,0,,0,0,,0,,0,,,2026-08-10 19:56:49
official_market,DeepSeek-V3,deepseek/deepseek-chat,ou15,<77,348,0,348,230,118,66.09,20,LWLWWWLWWLWWLWLWWWWW,14,70.0,10,LWLWWWLWWL,6,60.0,56,0,5,14,278,168,60.43,209,20,75.0,10,60.0,0,,,2026-09-06 14:52:04
official_market,DeepSeek-V3,deepseek/deepseek-chat,ou25,77-84,76,0,76,54,22,71.05,20,LWLLLLWWWWLWLWWWLWWW,12,60.0,10,LWLLLLWWWW,5,50.0,1,0,2,1,72,51,70.83,62,20,60.0,10,40.0,12,2.56,21.33,2026-09-06 14:52:04
official_market,DeepSeek-V3,deepseek/deepseek-chat,ou25,85-89,5,0,5,2,3,40.0,5,LWWLL,2,40.0,5,LWWLL,2,40.0,1,0,1,0,3,1,33.33,3,3,33.33,3,33.33,0,,,2026-08-30 16:02:34
official_market,DeepSeek-V3,deepseek/deepseek-chat,ou25,90+,2,0,2,2,0,100.0,2,WW,2,100.0,2,WW,2,100.0,2,0,0,0,0,0,,0,0,,0,,0,,,2026-08-10 19:56:49
official_market,DeepSeek-V3,deepseek/deepseek-chat,ou25,<77,320,0,320,187,133,58.44,20,LLLLLLWLWLWLWLWWLWLW,8,40.0,10,LLLLLLWLWL,2,20.0,20,0,4,15,286,162,56.64,216,20,45.0,10,30.0,24,8.12,33.83,2026-09-05 19:32:51
official_market,DeepSeek-V3,deepseek/deepseek-chat,resultat,77-84,14,0,14,13,1,92.86,14,WWWWWWWWWWWWWL,13,92.86,10,WWWWWWWWWW,10,100.0,0,14,0,1,0,0,,0,0,,0,,0,,,2026-08-30 18:28:47
official_market,DeepSeek-V3,deepseek/deepseek-chat,resultat,85-89,8,0,8,6,2,75.0,8,WLWWWWWL,6,75.0,8,WLWWWWWL,6,75.0,0,8,0,0,0,0,,0,0,,0,,0,,,2026-08-19 23:53:08
official_market,DeepSeek-V3,deepseek/deepseek-chat,resultat,<77,370,0,370,176,194,47.57,20,WWWWLWLWWLLWWLWWWWLL,13,65.0,10,WWWWLWLWWL,7,70.0,0,370,0,15,0,0,,0,0,,0,,0,,,2026-09-06 14:52:04
official_market,DeepSeek-V3,deepseek/deepseek-v4-pro,btts,<77,5,0,5,1,4,20.0,5,WLLLL,1,20.0,5,WLLLL,1,20.0,0,0,0,0,5,1,20.0,4,4,25.0,4,25.0,0,,,2026-09-04 19:15:15
official_market,DeepSeek-V3,deepseek/deepseek-v4-pro,mt1,85-89,1,0,1,1,0,100.0,1,W,1,100.0,1,W,1,100.0,0,1,0,0,0,0,,0,0,,0,,0,,,2026-09-04 17:35:10
official_market,DeepSeek-V3,deepseek/deepseek-v4-pro,mt1,<77,4,0,4,1,3,25.0,4,LLWL,1,25.0,4,LLWL,1,25.0,0,4,0,0,0,0,,0,0,,0,,0,,,2026-09-04 19:15:15
official_market,DeepSeek-V3,deepseek/deepseek-v4-pro,mt1_dom,<77,4,0,4,2,2,50.0,4,LWWL,2,50.0,4,LWWL,2,50.0,0,4,0,0,0,0,,0,0,,0,,0,,,2026-09-04 18:36:28
official_market,DeepSeek-V3,deepseek/deepseek-v4-pro,mt1_ext,<77,3,0,3,3,0,100.0,3,WWW,3,100.0,3,WWW,3,100.0,0,3,0,0,0,0,,0,0,,0,,0,,,2026-09-04 18:36:28
official_market,DeepSeek-V3,deepseek/deepseek-v4-pro,mt2,<77,1,0,1,1,0,100.0,1,W,1,100.0,1,W,1,100.0,0,1,0,0,0,0,,0,0,,0,,0,,,2026-09-04 18:36:28
official_market,DeepSeek-V3,deepseek/deepseek-v4-pro,mt2_dom,<77,1,0,1,1,0,100.0,1,W,1,100.0,1,W,1,100.0,0,1,0,0,0,0,,0,0,,0,,0,,,2026-09-04 18:36:28
official_market,DeepSeek-V3,deepseek/deepseek-v4-pro,ou05,77-84,3,0,3,3,0,100.0,3,WWW,3,100.0,3,WWW,3,100.0,0,0,0,0,3,3,100.0,3,3,100.0,3,100.0,0,,,2026-09-04 18:36:28
official_market,DeepSeek-V3,deepseek/deepseek-v4-pro,ou05,90+,1,0,1,1,0,100.0,1,W,1,100.0,1,W,1,100.0,1,0,0,0,0,0,,0,0,,0,,0,,,2026-09-04 17:35:10
official_market,DeepSeek-V3,deepseek/deepseek-v4-pro,ou05,<77,1,0,1,1,0,100.0,1,W,1,100.0,1,W,1,100.0,0,0,0,0,1,1,100.0,1,1,100.0,1,100.0,0,,,2026-09-04 19:15:15
official_market,DeepSeek-V3,deepseek/deepseek-v4-pro,ou15,77-84,1,0,1,1,0,100.0,1,W,1,100.0,1,W,1,100.0,0,0,0,0,1,1,100.0,1,1,100.0,1,100.0,0,,,2026-09-04 19:15:15
official_market,DeepSeek-V3,deepseek/deepseek-v4-pro,ou15,<77,4,0,4,2,2,50.0,4,LWWL,2,50.0,4,LWWL,2,50.0,0,0,0,0,4,2,50.0,3,3,33.33,3,33.33,0,,,2026-09-04 18:36:28
official_market,DeepSeek-V3,deepseek/deepseek-v4-pro,ou25,77-84,2,0,2,1,1,50.0,2,WL,1,50.0,2,WL,1,50.0,0,0,0,0,2,1,50.0,2,2,50.0,2,50.0,1,0.25,25.0,2026-09-04 19:15:15
official_market,DeepSeek-V3,deepseek/deepseek-v4-pro,ou25,<77,3,0,3,1,2,33.33,3,WLL,1,33.33,3,WLL,1,33.33,0,0,0,0,3,1,33.33,2,2,50.0,2,50.0,0,,,2026-09-04 18:36:28
official_market,DeepSeek-V3,deepseek/deepseek-v4-pro,resultat,<77,5,0,5,5,0,100.0,5,WWWWW,5,100.0,5,WWWWW,5,100.0,0,5,0,0,0,0,,0,0,,0,,0,,,2026-09-04 19:15:15
official_market,DeepSeek-V3,model_id_not_proven,btts,77-84,256,0,203,167,36,82.27,20,LWWWWWWWLLWWLWWWLWWW,15,75.0,10,LWWWWWWWLL,7,70.0,49,2,2,40,118,96,81.36,113,20,80.0,10,80.0,0,,,2026-08-29 08:19:14
official_market,DeepSeek-V3,model_id_not_proven,btts,85-89,91,0,76,67,9,88.16,20,WWLWWWWWWLWWWWLWWWWW,17,85.0,10,WWLWWWWWWL,8,80.0,17,1,0,8,54,45,83.33,52,20,80.0,10,70.0,1,1.1,110.0,2026-08-17 17:11:22
official_market,DeepSeek-V3,model_id_not_proven,btts,90+,120,0,84,77,7,91.67,20,WWWWWWWWWLWWWWWWWLWW,18,90.0,10,WWWWWWWWWL,9,90.0,61,7,0,16,13,11,84.62,13,13,84.62,10,80.0,0,,,2026-08-09 00:26:42
official_market,DeepSeek-V3,model_id_not_proven,btts,<77,4679,0,3828,2459,1369,64.24,20,LWLWWWWLWWWWWWLLLWWL,13,65.0,10,LWLWWWWLWW,7,70.0,873,77,8,606,2528,1421,56.21,1026,20,65.0,10,80.0,0,,,2026-09-02 19:19:19
official_market,DeepSeek-V3,model_id_not_proven,mt1,77-84,368,0,289,264,25,91.35,20,WWWWWWWWWWWWWWWWWWWW,20,100.0,10,WWWWWWWWWW,10,100.0,0,289,0,46,0,0,,0,0,,0,,0,,,2026-08-15 14:49:21
official_market,DeepSeek-V3,model_id_not_proven,mt1,85-89,60,0,48,47,1,97.92,20,WWWWWWWWLWWWWWWWWWWW,19,95.0,10,WWWWWWWWLW,9,90.0,0,48,0,8,0,0,,0,0,,0,,0,,,2026-08-09 00:26:42
official_market,DeepSeek-V3,model_id_not_proven,mt1,90+,815,0,557,517,40,92.82,20,WWWWWWWWWWWWWWWWWWWW,20,100.0,10,WWWWWWWWWW,10,100.0,0,557,0,117,0,0,,0,0,,0,,0,,,2026-08-04 18:46:19
official_market,DeepSeek-V3,model_id_not_proven,mt1,<77,3903,0,3297,2517,780,76.34,20,LWLWWWWLWWLWWWLWLWWW,14,70.0,10,LWLWWWWLWW,7,70.0,0,3297,0,499,0,0,,0,0,,0,,0,,,2026-09-02 19:19:19
official_market,DeepSeek-V3,model_id_not_proven,mt1_dom,77-84,2,0,2,2,0,100.0,2,WW,2,100.0,2,WW,2,100.0,0,2,0,0,0,0,,0,0,,0,,0,,,2026-08-17 17:36:05
official_market,DeepSeek-V3,model_id_not_proven,mt1_dom,<77,567,0,566,365,201,64.49,20,WWLLLWWLWWLWWWLLLWWW,12,60.0,10,WWLLLWWLWW,6,60.0,0,566,0,30,0,0,,0,0,,0,,0,,,2026-09-02 19:19:19
official_market,DeepSeek-V3,model_id_not_proven,mt1_ext,77-84,1,0,1,1,0,100.0,1,W,1,100.0,1,W,1,100.0,0,1,0,0,0,0,,0,0,,0,,0,,,2026-08-11 17:27:44
official_market,DeepSeek-V3,model_id_not_proven,mt1_ext,85-89,1,0,1,1,0,100.0,1,W,1,100.0,1,W,1,100.0,0,1,0,0,0,0,,0,0,,0,,0,,,2026-08-09 00:26:42
official_market,DeepSeek-V3,model_id_not_proven,mt1_ext,<77,567,0,566,342,224,60.42,20,LWWLLWWWLWWWWWWWLWWW,15,75.0,10,LWWLLWWWLW,6,60.0,0,566,0,30,0,0,,0,0,,0,,0,,,2026-09-02 19:19:19
official_market,DeepSeek-V3,model_id_not_proven,mt2,77-84,4,0,4,3,1,75.0,4,WWWL,3,75.0,4,WWWL,3,75.0,0,4,0,0,0,0,,0,0,,0,,0,,,2026-08-16 00:43:28
official_market,DeepSeek-V3,model_id_not_proven,mt2,<77,559,0,558,423,135,75.81,20,WLLWWLLWWWLLLWWWLWWW,12,60.0,10,WLLWWLLWWW,6,60.0,0,558,0,30,0,0,,0,0,,0,,0,,,2026-09-02 19:19:19
official_market,DeepSeek-V3,model_id_not_proven,mt2_dom,<77,544,0,543,286,257,52.67,20,WLLWWLLWWWLLWWWWLLWW,12,60.0,10,WLLWWLLWWW,6,60.0,0,543,0,30,0,0,,0,0,,0,,0,,,2026-09-02 19:19:19
official_market,DeepSeek-V3,model_id_not_proven,mt2_ext,77-84,1,0,1,1,0,100.0,1,W,1,100.0,1,W,1,100.0,0,1,0,0,0,0,,0,0,,0,,0,,,2026-08-09 00:26:42
official_market,DeepSeek-V3,model_id_not_proven,mt2_ext,<77,460,0,459,231,228,50.33,20,WWWWLWLLWWWLWWWLWLWW,14,70.0,10,WWWWLWLLWW,7,70.0,0,459,0,26,0,0,,0,0,,0,,0,,,2026-09-02 19:19:19
official_market,DeepSeek-V3,model_id_not_proven,ou05,77-84,345,0,345,330,15,95.65,20,WLWWWWWWWWWWWWWWWWWW,19,95.0,10,WLWWWWWWWW,9,90.0,215,1,1,20,121,110,90.91,111,20,85.0,10,80.0,0,,,2026-09-02 19:19:19
official_market,DeepSeek-V3,model_id_not_proven,ou05,85-89,42,0,42,40,2,95.24,20,LWWWWWWWWWWWWWWLWWWW,18,90.0,10,LWWWWWWWWW,9,90.0,34,1,0,4,7,6,85.71,7,7,85.71,7,85.71,0,,,2026-09-01 19:35:35
official_market,DeepSeek-V3,model_id_not_proven,ou05,90+,36,0,35,35,0,100.0,20,WWWWWWWWWWWWWWWWWWWW,20,100.0,10,WWWWWWWWWW,10,100.0,35,0,0,1,0,0,,0,0,,0,,0,,,2026-08-30 18:34:47
official_market,DeepSeek-V3,model_id_not_proven,ou05,<77,145,0,145,129,16,88.97,20,LWWWWWWWWWWWWWWWLWWW,18,90.0,10,LWWWWWWWWW,9,90.0,8,0,0,5,132,116,87.88,112,20,90.0,10,90.0,0,,,2026-09-01 17:35:04
official_market,DeepSeek-V3,model_id_not_proven,ou15,77-84,29,0,29,24,5,82.76,20,LWWWWWLLWWWWWWWWWWWW,17,85.0,10,LWWWWWLLWW,7,70.0,11,1,0,2,16,13,81.25,14,14,85.71,10,90.0,0,,,2026-09-01 19:35:35
official_market,DeepSeek-V3,model_id_not_proven,ou15,85-89,15,0,14,13,1,92.86,14,WWWLWWWWWWWWWW,13,92.86,10,WWWLWWWWWW,9,90.0,13,0,0,1,1,1,100.0,1,1,100.0,1,100.0,0,,,2026-08-30 18:34:47
official_market,DeepSeek-V3,model_id_not_proven,ou15,90+,4,0,4,4,0,100.0,4,WWWW,4,100.0,4,WWWW,4,100.0,4,0,0,0,0,0,,0,0,,0,,0,,,2026-08-16 00:43:28
official_market,DeepSeek-V3,model_id_not_proven,ou15,<77,520,0,520,329,191,63.27,20,LWWWWWLWWWLLWLWLWLWW,13,65.0,10,LWWWWWLWWW,8,80.0,88,1,5,27,404,225,55.69,272,20,70.0,10,80.0,0,,,2026-09-02 19:19:19
official_market,DeepSeek-V3,model_id_not_proven,ou25,77-84,1408,0,1314,960,354,73.06,20,WWWLWLLWWWWWLLWLLWWW,13,65.0,10,WWWLWLLWWW,7,70.0,31,11,2,179,1108,813,73.38,623,20,65.0,10,70.0,48,18.53,38.6,2026-09-02 19:19:19
official_market,DeepSeek-V3,model_id_not_proven,ou25,85-89,518,0,298,259,39,86.91,20,WWWWWWWWWWWWWWLWWWWW,19,95.0,10,WWWWWWWWWW,10,100.0,150,14,1,82,113,97,85.84,107,20,90.0,10,90.0,10,3.65,36.5,2026-08-16 03:19:10
official_market,DeepSeek-V3,model_id_not_proven,ou25,90+,102,0,54,50,4,92.59,20,WWWWLWLWLWWWLWWWWWWW,16,80.0,10,WWWWLWLWLW,7,70.0,51,0,0,14,3,2,66.67,3,3,66.67,3,66.67,0,,,2026-08-16 00:43:28
official_market,DeepSeek-V3,model_id_not_proven,ou25,<77,3126,0,2533,1579,954,62.34,20,WLLWLWWWWWLLLWWLWLWW,12,60.0,10,WLLWLWWWWW,7,70.0,466,62,11,395,1792,1017,56.75,884,20,55.0,10,60.0,32,8.23,25.72,2026-09-01 22:47:55
official_market,DeepSeek-V3,model_id_not_proven,resultat,77-84,734,0,488,361,127,73.98,20,WLWWLWLWLLWWWWWWWLLW,13,65.0,10,WLWWLWLWLL,5,50.0,0,488,0,98,0,0,,0,0,,0,,0,,,2026-08-30 18:34:47
official_market,DeepSeek-V3,model_id_not_proven,resultat,85-89,195,0,148,134,14,90.54,20,LWWWWWWWWWWWWWWWLWWW,18,90.0,10,LWWWWWWWWW,9,90.0,0,148,0,21,0,0,,0,0,,0,,0,,,2026-08-20 02:05:58
official_market,DeepSeek-V3,model_id_not_proven,resultat,90+,33,0,31,29,2,93.55,20,WWWWWWWWWWWLWWWWLWWW,18,90.0,10,WWWWWWWWWW,10,100.0,0,31,0,8,0,0,,0,0,,0,,0,,,2026-08-01 04:46:55
official_market,DeepSeek-V3,model_id_not_proven,resultat,<77,4184,0,3524,1753,1771,49.74,20,WLLLLWLLWLLWWWLLLLWL,7,35.0,10,WLLLLWLLWL,3,30.0,0,3524,0,543,0,0,,0,0,,0,,0,,,2026-09-02 19:19:19
official_market,DeepSeek-V3,moonshotai/kimi-k2,btts,77-84,14,0,14,11,3,78.57,14,LLLWWWWWWWWWWW,11,78.57,10,LLLWWWWWWW,7,70.0,5,0,0,0,9,6,66.67,6,6,83.33,6,83.33,0,,,2026-09-11 12:31:49
official_market,DeepSeek-V3,moonshotai/kimi-k2,btts,85-89,3,0,3,3,0,100.0,3,WWW,3,100.0,3,WWW,3,100.0,3,0,0,0,0,0,,0,0,,0,,0,,,2026-09-06 12:46:32
official_market,DeepSeek-V3,moonshotai/kimi-k2,btts,<77,133,0,121,78,43,64.46,20,WWWLWWLLWWLWWWWWLLWW,14,70.0,10,WWWLWWLLWW,7,70.0,17,0,0,0,104,61,58.65,65,20,65.0,10,60.0,0,,,2026-09-11 17:47:11
official_market,DeepSeek-V3,moonshotai/kimi-k2,mt1,77-84,9,0,8,8,0,100.0,8,WWWWWWWW,8,100.0,8,WWWWWWWW,8,100.0,0,8,0,0,0,0,,0,0,,0,,0,,,2026-09-11 17:47:11
official_market,DeepSeek-V3,moonshotai/kimi-k2,mt1,85-89,39,0,36,35,1,97.22,20,WWWWWWWWWWWWWWWWWWWW,20,100.0,10,WWWWWWWWWW,10,100.0,0,36,0,0,0,0,,0,0,,0,,0,,,2026-09-11 17:46:52
official_market,DeepSeek-V3,moonshotai/kimi-k2,mt1,90+,40,0,36,36,0,100.0,20,WWWWWWWWWWWWWWWWWWWW,20,100.0,10,WWWWWWWWWW,10,100.0,0,36,0,0,0,0,,0,0,,0,,0,,,2026-09-11 17:17:11
official_market,DeepSeek-V3,moonshotai/kimi-k2,mt1,<77,60,0,56,36,20,64.29,20,WLWLWWWWWWWLWLWWLWLW,14,70.0,10,WLWLWWWWWW,8,80.0,0,56,0,0,0,0,,0,0,,0,,0,,,2026-09-11 17:35:09
official_market,DeepSeek-V3,moonshotai/kimi-k2,mt1_dom,77-84,8,0,8,8,0,100.0,8,WWWWWWWW,8,100.0,8,WWWWWWWW,8,100.0,0,8,0,0,0,0,,0,0,,0,,0,,,2026-09-11 17:46:52
official_market,DeepSeek-V3,moonshotai/kimi-k2,mt1_dom,85-89,22,0,21,20,1,95.24,20,WWWWWWWWWWWWWWWWWLWW,19,95.0,10,WWWWWWWWWW,10,100.0,0,21,0,0,0,0,,0,0,,0,,0,,,2026-09-11 17:35:01
official_market,DeepSeek-V3,moonshotai/kimi-k2,mt1_dom,90+,10,0,9,9,0,100.0,9,WWWWWWWWW,9,100.0,9,WWWWWWWWW,9,100.0,0,9,0,0,0,0,,0,0,,0,,0,,,2026-09-11 12:31:49
official_market,DeepSeek-V3,moonshotai/kimi-k2,mt1_dom,<77,105,0,95,75,20,78.95,20,WWWWWWLLLLWWLLWWWWLW,13,65.0,10,WWWWWWLLLL,6,60.0,0,95,0,0,0,0,,0,0,,0,,0,,,2026-09-11 17:47:11
official_market,DeepSeek-V3,moonshotai/kimi-k2,mt1_ext,77-84,16,0,15,13,2,86.67,15,WWLLWWWWWWWWWWW,13,86.67,10,WWLLWWWWWW,8,80.0,0,15,0,0,0,0,,0,0,,0,,0,,,2026-09-10 19:31:13
official_market,DeepSeek-V3,moonshotai/kimi-k2,mt1_ext,85-89,21,0,16,16,0,100.0,16,WWWWWWWWWWWWWWWW,16,100.0,10,WWWWWWWWWW,10,100.0,0,16,0,0,0,0,,0,0,,0,,0,,,2026-09-11 17:47:11
official_market,DeepSeek-V3,moonshotai/kimi-k2,mt1_ext,90+,3,0,3,3,0,100.0,3,WWW,3,100.0,3,WWW,3,100.0,0,3,0,0,0,0,,0,0,,0,,0,,,2026-09-06 17:50:42
official_market,DeepSeek-V3,moonshotai/kimi-k2,mt1_ext,<77,100,0,94,78,16,82.98,20,WWWWWWWLWWWWWWWWWWWW,19,95.0,10,WWWWWWWLWW,9,90.0,0,94,0,0,0,0,,0,0,,0,,0,,,2026-09-11 17:35:09
official_market,DeepSeek-V3,moonshotai/kimi-k2,mt2,77-84,8,0,7,5,2,71.43,7,LWWWWWL,5,71.43,7,LWWWWWL,5,71.43,0,7,0,0,0,0,,0,0,,0,,0,,,2026-09-10 01:14:16
official_market,DeepSeek-V3,moonshotai/kimi-k2,mt2,85-89,1,0,1,1,0,100.0,1,W,1,100.0,1,W,1,100.0,0,1,0,0,0,0,,0,0,,0,,0,,,2026-09-11 12:01:16
official_market,DeepSeek-V3,moonshotai/kimi-k2,mt2,<77,117,0,107,79,28,73.83,20,WWWWWWWWWLWWWWWLLWWW,17,85.0,10,WWWWWWWWWL,9,90.0,0,107,0,0,0,0,,0,0,,0,,0,,,2026-09-11 17:47:11
official_market,DeepSeek-V3,moonshotai/kimi-k2,mt2_dom,77-84,2,0,2,2,0,100.0,2,WW,2,100.0,2,WW,2,100.0,0,2,0,0,0,0,,0,0,,0,,0,,,2026-09-11 12:01:16
official_market,DeepSeek-V3,moonshotai/kimi-k2,mt2_dom,<77,112,0,103,64,39,62.14,20,LWWWWWWWLWLWLWWLLWWW,14,70.0,10,LWWWWWWWLW,8,80.0,0,103,0,0,0,0,,0,0,,0,,0,,,2026-09-11 17:47:11
official_market,DeepSeek-V3,moonshotai/kimi-k2,mt2_ext,77-84,1,0,1,1,0,100.0,1,W,1,100.0,1,W,1,100.0,0,1,0,0,0,0,,0,0,,0,,0,,,2026-09-06 10:40:42
official_market,DeepSeek-V3,moonshotai/kimi-k2,mt2_ext,85-89,2,0,2,2,0,100.0,2,WW,2,100.0,2,WW,2,100.0,0,2,0,0,0,0,,0,0,,0,,0,,,2026-09-06 17:21:07
official_market,DeepSeek-V3,moonshotai/kimi-k2,mt2_ext,<77,104,0,96,41,55,42.71,20,LWLWLLLLLWLLWLWWWWWL,9,45.0,10,LWLWLLLLLW,3,30.0,0,96,0,0,0,0,,0,0,,0,,0,,,2026-09-11 17:47:11
official_market,DeepSeek-V3,moonshotai/kimi-k2,ou05,77-84,3,0,3,2,1,66.67,3,WLW,2,66.67,3,WLW,2,66.67,0,0,0,0,3,2,66.67,3,3,66.67,3,66.67,0,,,2026-09-06 10:22:32
official_market,DeepSeek-V3,moonshotai/kimi-k2,ou05,85-89,12,0,12,12,0,100.0,12,WWWWWWWWWWWW,12,100.0,10,WWWWWWWWWW,10,100.0,8,0,0,0,4,4,100.0,4,4,100.0,4,100.0,0,,,2026-09-11 12:21:23
official_market,DeepSeek-V3,moonshotai/kimi-k2,ou05,90+,92,0,83,83,0,100.0,20,WWWWWWWWWWWWWWWWWWWW,20,100.0,10,WWWWWWWWWW,10,100.0,82,0,0,0,1,1,100.0,1,1,100.0,1,100.0,0,,,2026-09-11 17:46:52
official_market,DeepSeek-V3,moonshotai/kimi-k2,ou05,<77,45,0,42,33,9,78.57,20,WWWWWWWWLLWWWLWLLLLW,13,65.0,10,WWWWWWWWLL,8,80.0,1,0,0,0,41,32,78.05,32,20,80.0,10,90.0,0,,,2026-09-11 17:47:11
official_market,DeepSeek-V3,moonshotai/kimi-k2,ou15,77-84,16,0,15,14,1,93.33,15,WWWWWWWWWWWWLWW,14,93.33,10,WWWWWWWWWW,10,100.0,0,0,0,0,15,14,93.33,14,14,92.86,10,100.0,0,,,2026-09-10 19:49:11
official_market,DeepSeek-V3,moonshotai/kimi-k2,ou15,85-89,18,0,18,18,0,100.0,18,WWWWWWWWWWWWWWWWWW,18,100.0,10,WWWWWWWWWW,10,100.0,4,0,0,0,14,14,100.0,11,11,100.0,10,100.0,0,,,2026-09-11 16:52:59
official_market,DeepSeek-V3,moonshotai/kimi-k2,ou15,90+,41,0,35,35,0,100.0,20,WWWWWWWWWWWWWWWWWWWW,20,100.0,10,WWWWWWWWWW,10,100.0,35,0,0,0,0,0,,0,0,,0,,0,,,2026-09-11 17:35:01
official_market,DeepSeek-V3,moonshotai/kimi-k2,ou15,<77,76,0,71,45,26,63.38,20,WWWWWLLLLWLWWWLLLWWL,11,55.0,10,WWWWWLLLLW,6,60.0,0,0,0,0,71,45,63.38,52,20,60.0,10,60.0,0,,,2026-09-11 17:47:11
official_market,DeepSeek-V3,moonshotai/kimi-k2,ou25,77-84,50,0,45,36,9,80.0,20,WWWLLLLWLWLWWWWWWWWW,14,70.0,10,WWWLLLLWLW,5,50.0,10,0,0,0,35,26,74.29,26,20,80.0,10,70.0,1,0.73,73.0,2026-09-11 17:35:01
official_market,DeepSeek-V3,moonshotai/kimi-k2,ou25,<77,102,0,95,54,41,56.84,20,WWWLLWLWWWLWWWWWLLWL,13,65.0,10,WWWLLWLWWW,7,70.0,0,0,0,0,95,54,56.84,65,20,65.0,10,60.0,0,,,2026-09-11 17:47:11
official_market,DeepSeek-V3,moonshotai/kimi-k2,resultat,77-84,7,0,5,5,0,100.0,5,WWWWW,5,100.0,5,WWWWW,5,100.0,0,5,0,0,0,0,,0,0,,0,,0,,,2026-09-11 17:35:01
official_market,DeepSeek-V3,moonshotai/kimi-k2,resultat,85-89,7,0,7,7,0,100.0,7,WWWWWWW,7,100.0,7,WWWWWWW,7,100.0,0,7,0,0,0,0,,0,0,,0,,0,,,2026-09-11 01:19:12
official_market,DeepSeek-V3,moonshotai/kimi-k2,resultat,<77,135,0,125,66,59,52.8,20,LWLWWLWWWLLLLLLWWLLW,9,45.0,10,LWLWWLWWWL,6,60.0,0,125,0,0,0,0,,0,0,,0,,0,,,2026-09-11 17:47:11
official_market,Groq-Llama70B,model_id_not_proven,btts,<77,914,0,749,403,346,53.81,20,WWWWWLLLWWLLLLWLLLWL,9,45.0,10,WWWWWLLLWW,7,70.0,102,23,1,111,548,280,51.09,548,20,50.0,10,70.0,0,,,2026-08-17 03:48:12
official_market,Groq-Llama70B,model_id_not_proven,mt1,77-84,17,0,15,14,1,93.33,15,WWWWWWWWWWWLWWW,14,93.33,10,WWWWWWWWWW,10,100.0,0,15,0,4,0,0,,0,0,,0,,0,,,2026-07-26 16:35:50
official_market,Groq-Llama70B,model_id_not_proven,mt1,85-89,12,0,12,12,0,100.0,12,WWWWWWWWWWWW,12,100.0,10,WWWWWWWWWW,10,100.0,0,12,0,3,0,0,,0,0,,0,,0,,,2026-07-27 16:35:26
official_market,Groq-Llama70B,model_id_not_proven,mt1,90+,10,0,10,10,0,100.0,10,WWWWWWWWWW,10,100.0,10,WWWWWWWWWW,10,100.0,0,10,0,3,0,0,,0,0,,0,,0,,,2026-07-25 14:35:24
official_market,Groq-Llama70B,model_id_not_proven,mt1,<77,875,0,712,536,176,75.28,20,WLWLWWWLWWWWLLWWWWWL,14,70.0,10,WLWLWWWLWW,7,70.0,0,712,0,101,0,0,,0,0,,0,,0,,,2026-08-17 03:48:12
official_market,Groq-Llama70B,model_id_not_proven,ou25,77-84,46,0,33,27,6,81.82,20,WWWWWWWWWWWWWWWWWWLW,19,95.0,10,WWWWWWWWWW,10,100.0,15,0,0,15,7,6,85.71,7,7,85.71,7,85.71,1,1.23,123.0,2026-08-11 15:32:54
official_market,Groq-Llama70B,model_id_not_proven,ou25,85-89,1,0,1,1,0,100.0,1,W,1,100.0,1,W,1,100.0,1,0,0,1,0,0,,0,0,,0,,0,,,2026-07-02 00:21:40
official_market,Groq-Llama70B,model_id_not_proven,ou25,<77,867,0,715,406,309,56.78,20,WWWWWLLWWLLWWLWWLLLL,11,55.0,10,WWWWWLLWWL,7,70.0,35,23,1,95,591,328,55.5,591,20,55.0,10,70.0,13,1.62,12.46,2026-08-17 03:48:12
official_market,Groq-Llama70B,model_id_not_proven,resultat,77-84,12,0,10,10,0,100.0,10,WWWWWWWWWW,10,100.0,10,WWWWWWWWWW,10,100.0,0,10,0,1,0,0,,0,0,,0,,0,,,2026-07-26 03:05:36
official_market,Groq-Llama70B,model_id_not_proven,resultat,85-89,2,0,2,2,0,100.0,2,WW,2,100.0,2,WW,2,100.0,0,2,0,1,0,0,,0,0,,0,,0,,,2026-07-25 13:55:33
official_market,Groq-Llama70B,model_id_not_proven,resultat,<77,900,0,737,335,402,45.45,20,WLLLLWWWLLLWWLWLWWLW,10,50.0,10,WLLLLWWWLL,4,40.0,0,737,0,109,0,0,,0,0,,0,,0,,,2026-08-17 03:48:12
official_market,Groq-Llama8B,model_id_not_proven,btts,77-84,12,0,10,6,4,60.0,10,LWWWWWWLLL,6,60.0,10,LWWWWWWLLL,6,60.0,0,0,0,1,9,6,66.67,9,9,66.67,9,66.67,0,,,2026-07-26 21:55:41
official_market,Groq-Llama8B,model_id_not_proven,btts,85-89,1,0,1,1,0,100.0,1,W,1,100.0,1,W,1,100.0,0,0,0,0,1,1,100.0,1,1,100.0,1,100.0,0,,,2026-07-21 16:35:32
official_market,Groq-Llama8B,model_id_not_proven,btts,90+,6,0,4,2,2,50.0,4,LLWW,2,50.0,4,LLWW,2,50.0,0,0,0,1,3,1,33.33,3,3,33.33,3,33.33,0,,,2026-07-25 14:35:24
official_market,Groq-Llama8B,model_id_not_proven,btts,<77,537,0,395,169,226,42.78,20,LLLWLLWLWLWWLWLWWLLW,9,45.0,10,LLLWLLWLWL,3,30.0,51,26,0,62,287,132,45.99,287,20,55.0,10,60.0,0,,,2026-07-28 01:06:01
official_market,Groq-Llama8B,model_id_not_proven,mt1,77-84,33,0,29,13,16,44.83,20,LWLWWLLLWLLWWLLWWLLW,9,45.0,10,LWLWWLLLWL,4,40.0,0,29,0,3,0,0,,0,0,,0,,0,,,2026-07-28 01:05:57
official_market,Groq-Llama8B,model_id_not_proven,mt1,85-89,1,0,0,0,0,,0,,0,,0,,0,,0,0,0,0,0,0,,0,0,,0,,0,,,2026-07-25 04:49:11
official_market,Groq-Llama8B,model_id_not_proven,mt1,90+,8,0,8,2,6,25.0,8,LLWLWLLL,2,25.0,8,LLWLWLLL,2,25.0,0,8,0,1,0,0,,0,0,,0,,0,,,2026-07-25 13:55:33
official_market,Groq-Llama8B,model_id_not_proven,mt1,<77,229,0,168,24,144,14.29,20,LLLLLLLLWLLWLLLLWLLL,3,15.0,10,LLLLLLLLWL,1,10.0,0,168,0,24,0,0,,0,0,,0,,0,,,2026-07-28 01:05:52
official_market,Groq-Llama8B,model_id_not_proven,ou25,77-84,516,0,381,176,205,46.19,20,LLLWLLLWWLWLWWLLLLLW,7,35.0,10,LLLWLLLWWL,3,30.0,30,24,0,60,297,146,49.16,297,20,65.0,10,50.0,3,0.75,25.0,2026-07-28 01:06:01
official_market,Groq-Llama8B,model_id_not_proven,ou25,85-89,2,0,2,1,1,50.0,2,LW,1,50.0,2,LW,1,50.0,0,0,0,0,2,1,50.0,2,2,50.0,2,50.0,0,,,2026-07-26 15:35:38
official_market,Groq-Llama8B,model_id_not_proven,ou25,<77,38,0,27,14,13,51.85,20,WWWWLWLWLLWLWLWLLLWW,11,55.0,10,WWWWLWLWLL,6,60.0,1,2,0,4,22,12,54.55,22,20,50.0,10,60.0,0,,,2026-07-28 00:26:01
official_market,Groq-Llama8B,model_id_not_proven,resultat,77-84,25,0,21,9,12,42.86,20,WLLLWWWWLLLLWWLWLLLW,9,45.0,10,WLLLWWWWLL,5,50.0,0,21,0,1,0,0,,0,0,,0,,0,,,2026-07-27 23:05:32
official_market,Groq-Llama8B,model_id_not_proven,resultat,85-89,35,0,31,16,15,51.61,20,LLWWWWLWWWLLLLWLWWWL,11,55.0,10,LLWWWWLWWW,7,70.0,0,31,0,2,0,0,,0,0,,0,,0,,,2026-07-26 16:35:50
official_market,Groq-Llama8B,model_id_not_proven,resultat,90+,10,0,8,6,2,75.0,8,WWLWLWWW,6,75.0,8,WWLWLWWW,6,75.0,0,8,0,1,0,0,,0,0,,0,,0,,,2026-07-25 14:35:24
official_market,Groq-Llama8B,model_id_not_proven,resultat,<77,215,0,160,57,103,35.62,20,LWLLWWWWLLWLLLLLWWLL,8,40.0,10,LWLLWWWWLL,5,50.0,0,160,0,22,0,0,,0,0,,0,,0,,,2026-07-28 01:05:52
official_market,Mistral-Large,mistral-large-latest,btts,77-84,17,0,17,9,8,52.94,17,LLWLLWWWLLWWWWLLW,9,52.94,10,LLWLLWWWLL,4,40.0,8,0,0,1,9,4,44.44,9,9,44.44,9,44.44,0,,,2026-08-18 22:35:43
official_market,Mistral-Large,mistral-large-latest,btts,85-89,3,0,3,3,0,100.0,3,WWW,3,100.0,3,WWW,3,100.0,3,0,0,0,0,0,,0,0,,0,,0,,,2026-08-17 20:11:05
official_market,Mistral-Large,mistral-large-latest,btts,90+,4,0,4,4,0,100.0,4,WWWW,4,100.0,4,WWWW,4,100.0,3,0,0,0,1,1,100.0,1,1,100.0,1,100.0,0,,,2026-08-16 12:12:58
official_market,Mistral-Large,mistral-large-latest,btts,<77,178,0,178,103,75,57.87,20,LLLWLWWWLWLLLLWWWWWW,11,55.0,10,LLLWLWWWLW,5,50.0,20,0,2,6,151,78,51.66,98,20,30.0,10,20.0,0,,,2026-08-25 23:02:24
official_market,Mistral-Large,mistral-large-latest,mt1,77-84,13,0,13,13,0,100.0,13,WWWWWWWWWWWWW,13,100.0,10,WWWWWWWWWW,10,100.0,0,13,0,1,0,0,,0,0,,0,,0,,,2026-08-25 23:02:24
official_market,Mistral-Large,mistral-large-latest,mt1,90+,3,0,3,3,0,100.0,3,WWW,3,100.0,3,WWW,3,100.0,0,3,0,0,0,0,,0,0,,0,,0,,,2026-08-17 19:40:59
official_market,Mistral-Large,mistral-large-latest,mt1,<77,185,0,185,130,55,70.27,20,LWWWLWWWWWWWWWLWWWWW,17,85.0,10,LWWWLWWWWW,8,80.0,0,185,0,6,0,0,,0,0,,0,,0,,,2026-08-22 14:18:47
official_market,Mistral-Large,mistral-large-latest,mt1_dom,85-89,2,0,2,2,0,100.0,2,WW,2,100.0,2,WW,2,100.0,0,2,0,0,0,0,,0,0,,0,,0,,,2026-08-16 11:06:47
official_market,Mistral-Large,mistral-large-latest,mt1_dom,<77,195,0,195,145,50,74.36,20,WWWWWLWWWWWWWWWWWWWW,19,95.0,10,WWWWWLWWWW,9,90.0,0,195,0,7,0,0,,0,0,,0,,0,,,2026-08-25 23:02:24
official_market,Mistral-Large,mistral-large-latest,mt1_ext,<77,181,0,181,142,39,78.45,20,WLWWWLWLWWWWWLLWWWWW,15,75.0,10,WLWWWLWLWW,7,70.0,0,181,0,6,0,0,,0,0,,0,,0,,,2026-08-25 23:02:24
official_market,Mistral-Large,mistral-large-latest,mt2,77-84,2,0,2,2,0,100.0,2,WW,2,100.0,2,WW,2,100.0,0,2,0,0,0,0,,0,0,,0,,0,,,2026-08-17 20:11:05
official_market,Mistral-Large,mistral-large-latest,mt2,<77,113,0,113,70,43,61.95,20,LWLWWLWWWWWLWWWWLWLL,13,65.0,10,LWLWWLWWWW,7,70.0,0,113,0,3,0,0,,0,0,,0,,0,,,2026-08-22 14:18:47
official_market,Mistral-Large,mistral-large-latest,mt2_dom,<77,16,0,16,7,9,43.75,16,WLWWWWWLLLLLLWLL,7,43.75,10,WLWWWWWLLL,6,60.0,0,16,0,0,0,0,,0,0,,0,,0,,,2026-08-20 16:46:01
official_market,Mistral-Large,mistral-large-latest,ou05,77-84,81,0,81,78,3,96.3,20,WWWWWWWWWWWWWWWWWWWW,20,100.0,10,WWWWWWWWWW,10,100.0,28,0,0,3,51,48,94.12,40,20,95.0,10,100.0,0,,,2026-08-20 23:56:38
official_market,Mistral-Large,mistral-large-latest,ou05,85-89,39,0,39,38,1,97.44,20,WLWWWWWWWWWWWWWWWWWW,19,95.0,10,WLWWWWWWWW,9,90.0,28,0,0,1,10,9,90.0,9,9,88.89,9,88.89,0,,,2026-08-22 14:18:47
official_market,Mistral-Large,mistral-large-latest,ou05,90+,59,0,59,59,0,100.0,20,WWWWWWWWWWWWWWWWWWWW,20,100.0,10,WWWWWWWWWW,10,100.0,59,0,0,3,0,0,,0,0,,0,,0,,,2026-08-25 23:02:24
official_market,Mistral-Large,mistral-large-latest,ou05,<77,23,0,23,12,11,52.17,20,LLWWLWWLLWLLWLLLWWLW,9,45.0,10,LLWWLWWLLW,5,50.0,0,0,0,0,23,12,52.17,20,20,60.0,10,50.0,0,,,2026-08-20 16:46:01
official_market,Mistral-Large,mistral-large-latest,ou15,77-84,9,0,9,7,2,77.78,9,WWWWWWWLL,7,77.78,9,WWWWWWWLL,7,77.78,1,0,0,0,8,6,75.0,6,6,66.67,6,66.67,0,,,2026-08-17 22:46:58
official_market,Mistral-Large,mistral-large-latest,ou15,85-89,30,0,30,26,4,86.67,20,WWWWWWWWWWWWWLLWWWLW,17,85.0,10,WWWWWWWWWW,10,100.0,23,0,0,1,7,5,71.43,7,7,71.43,7,71.43,0,,,2026-08-25 23:02:24
official_market,Mistral-Large,mistral-large-latest,ou15,90+,12,0,12,12,0,100.0,12,WWWWWWWWWWWW,12,100.0,10,WWWWWWWWWW,10,100.0,12,0,0,1,0,0,,0,0,,0,,0,,,2026-08-17 23:58:59
official_market,Mistral-Large,mistral-large-latest,ou15,<77,151,0,151,88,63,58.28,20,LWWWLWWWLWWLWWWWWLWL,14,70.0,10,LWWWLWWWLW,7,70.0,12,0,0,5,134,72,53.73,90,20,50.0,10,50.0,0,,,2026-08-22 14:18:47
official_market,Mistral-Large,mistral-large-latest,ou25,77-84,68,0,68,53,15,77.94,20,WWLLWWWWWLWWWWLWWWWW,16,80.0,10,WWLLWWWWWL,7,70.0,1,0,0,1,67,52,77.61,55,20,75.0,10,80.0,0,,,2026-08-25 23:02:24
official_market,Mistral-Large,mistral-large-latest,ou25,85-89,3,0,3,2,1,66.67,3,LWW,2,66.67,3,LWW,2,66.67,3,0,0,0,0,0,,0,0,,0,,0,,,2026-08-16 15:36:49
official_market,Mistral-Large,mistral-large-latest,ou25,90+,8,0,8,7,1,87.5,8,WWWLWWWW,7,87.5,8,WWWLWWWW,7,87.5,8,0,0,0,0,0,,0,0,,0,,0,,,2026-08-17 20:11:05
official_market,Mistral-Large,mistral-large-latest,ou25,<77,123,0,123,73,50,59.35,20,LWWLLWWWLWLWLLLLWLWL,9,45.0,10,LWWLLWWWLW,6,60.0,6,0,0,6,112,64,57.14,80,20,50.0,10,40.0,0,,,2026-08-22 14:18:47
official_market,Mistral-Large,mistral-large-latest,resultat,77-84,12,0,12,8,4,66.67,12,LWWWWWWWWLLL,8,66.67,10,LWWWWWWWWL,8,80.0,0,12,0,0,0,0,,0,0,,0,,0,,,2026-08-18 02:35:46
official_market,Mistral-Large,mistral-large-latest,resultat,85-89,6,0,6,4,2,66.67,6,LWWWWL,4,66.67,6,LWWWWL,4,66.67,0,6,0,1,0,0,,0,0,,0,,0,,,2026-08-17 20:11:05
official_market,Mistral-Large,mistral-large-latest,resultat,<77,184,0,184,97,87,52.72,20,WWWWWLWLLLLLLLLLLLWL,7,35.0,10,WWWWWLWLLL,6,60.0,0,184,0,6,0,0,,0,0,,0,,0,,,2026-08-25 23:02:24
official_market,Mistral-Large,mistralai/mistral-large,btts,77-84,4,0,4,4,0,100.0,4,WWWW,4,100.0,4,WWWW,4,100.0,2,0,0,0,2,2,100.0,2,2,100.0,2,100.0,0,,,2026-08-18 19:47:03
official_market,Mistral-Large,mistralai/mistral-large,btts,85-89,1,0,1,1,0,100.0,1,W,1,100.0,1,W,1,100.0,0,0,0,0,1,1,100.0,1,1,100.0,1,100.0,0,,,2026-08-08 10:24:40
official_market,Mistral-Large,mistralai/mistral-large,btts,<77,59,0,58,42,16,72.41,20,LWWWWLLLLWWWWWWWWWWW,15,75.0,10,LWWWWLLLLW,5,50.0,7,0,1,3,47,33,70.21,43,20,70.0,10,60.0,0,,,2026-08-29 17:20:55
official_market,Mistral-Large,mistralai/mistral-large,mt1,77-84,6,0,6,5,1,83.33,6,WWWLWW,5,83.33,6,WWWLWW,5,83.33,0,6,0,0,0,0,,0,0,,0,,0,,,2026-08-20 00:06:00
official_market,Mistral-Large,mistralai/mistral-large,mt1,90+,1,0,1,1,0,100.0,1,W,1,100.0,1,W,1,100.0,0,1,0,0,0,0,,0,0,,0,,0,,,2026-08-18 19:47:03
official_market,Mistral-Large,mistralai/mistral-large,mt1,<77,54,0,53,41,12,77.36,20,WWWWWLLLWWWWWWWWWWWL,16,80.0,10,WWWWWLLLWW,7,70.0,0,53,0,3,0,0,,0,0,,0,,0,,,2026-08-29 17:20:55
official_market,Mistral-Large,mistralai/mistral-large,mt1_dom,85-89,4,0,4,4,0,100.0,4,WWWW,4,100.0,4,WWWW,4,100.0,0,4,0,0,0,0,,0,0,,0,,0,,,2026-08-20 00:06:00
official_market,Mistral-Large,mistralai/mistral-large,mt1_dom,<77,56,0,55,45,10,81.82,20,WWWWWWWLWWLWWWWWWWWL,17,85.0,10,WWWWWWWLWW,9,90.0,0,55,0,3,0,0,,0,0,,0,,0,,,2026-08-29 17:20:55
official_market,Mistral-Large,mistralai/mistral-large,mt1_ext,<77,51,0,51,29,22,56.86,20,LWWLWLLWWLLWWWWWWLWL,12,60.0,10,LWWLWLLWWL,5,50.0,0,51,0,2,0,0,,0,0,,0,,0,,,2026-08-29 17:20:55
official_market,Mistral-Large,mistralai/mistral-large,mt2,<77,34,0,34,21,13,61.76,20,LWWWWWWWWWWLLWLWWLWW,15,75.0,10,LWWWWWWWWW,9,90.0,0,34,0,2,0,0,,0,0,,0,,0,,,2026-08-28 19:30:54
official_market,Mistral-Large,mistralai/mistral-large,mt2_dom,<77,5,0,5,3,2,60.0,5,LWWLW,3,60.0,5,LWWLW,3,60.0,0,5,0,0,0,0,,0,0,,0,,0,,,2026-08-26 17:37:31
official_market,Mistral-Large,mistralai/mistral-large,mt2_ext,<77,1,0,1,0,1,0.0,1,L,0,0.0,1,L,0,0.0,0,1,0,0,0,0,,0,0,,0,,0,,,2026-08-08 15:36:25
official_market,Mistral-Large,mistralai/mistral-large,ou05,77-84,21,0,20,20,0,100.0,20,WWWWWWWWWWWWWWWWWWWW,20,100.0,10,WWWWWWWWWW,10,100.0,7,0,0,1,13,13,100.0,12,12,100.0,10,100.0,0,,,2026-08-28 19:20:50
official_market,Mistral-Large,mistralai/mistral-large,ou05,85-89,11,0,11,11,0,100.0,11,WWWWWWWWWWW,11,100.0,10,WWWWWWWWWW,10,100.0,10,0,0,1,1,1,100.0,1,1,100.0,1,100.0,0,,,2026-08-28 19:30:54
official_market,Mistral-Large,mistralai/mistral-large,ou05,90+,23,0,23,23,0,100.0,20,WWWWWWWWWWWWWWWWWWWW,20,100.0,10,WWWWWWWWWW,10,100.0,22,0,0,1,1,1,100.0,1,1,100.0,1,100.0,0,,,2026-08-29 17:20:55
official_market,Mistral-Large,mistralai/mistral-large,ou05,<77,10,0,10,4,6,40.0,10,WLLLLWLLWW,4,40.0,10,WLLLLWLLWW,4,40.0,0,0,0,0,10,4,40.0,10,10,40.0,10,40.0,0,,,2026-08-26 19:37:30
official_market,Mistral-Large,mistralai/mistral-large,ou15,77-84,7,0,7,5,2,71.43,7,LWWWWLW,5,71.43,7,LWWWWLW,5,71.43,1,0,0,0,6,4,66.67,6,6,66.67,6,66.67,0,,,2026-08-26 17:37:31
official_market,Mistral-Large,mistralai/mistral-large,ou15,85-89,12,0,12,11,1,91.67,12,LWWWWWWWWWWW,11,91.67,10,LWWWWWWWWW,9,90.0,10,0,0,1,1,0,0.0,1,1,0.0,1,0.0,0,,,2026-08-26 19:37:30
official_market,Mistral-Large,mistralai/mistral-large,ou15,90+,2,0,2,2,0,100.0,2,WW,2,100.0,2,WW,2,100.0,2,0,0,0,0,0,,0,0,,0,,0,,,2026-08-18 19:47:03
official_market,Mistral-Large,mistralai/mistral-large,ou15,<77,43,0,42,27,15,64.29,20,WLWWLLWWLWWWWLWLWLLW,12,60.0,10,WLWWLLWWLW,6,60.0,3,0,0,2,37,22,59.46,33,20,50.0,10,60.0,0,,,2026-08-29 17:20:55
official_market,Mistral-Large,mistralai/mistral-large,ou25,77-84,25,0,24,16,8,66.67,20,LLWLWLLWLWWWWWWWWLLW,12,60.0,10,LLWLWLLWLW,4,40.0,0,0,0,1,23,15,65.22,23,20,60.0,10,40.0,7,-5.37,-76.71,2026-08-26 19:37:30
official_market,Mistral-Large,mistralai/mistral-large,ou25,85-89,3,0,3,3,0,100.0,3,WWW,3,100.0,3,WWW,3,100.0,2,0,0,0,1,1,100.0,1,1,100.0,1,100.0,0,,,2026-08-19 01:41:30
official_market,Mistral-Large,mistralai/mistral-large,ou25,90+,1,0,1,1,0,100.0,1,W,1,100.0,1,W,1,100.0,1,0,0,0,0,0,,0,0,,0,,0,,,2026-08-10 21:00:09
official_market,Mistral-Large,mistralai/mistral-large,ou25,<77,46,0,46,24,22,52.17,20,LLWWWLLWWWLLLWLWLWLL,9,45.0,10,LLWWWLLWWW,6,60.0,2,0,1,2,41,22,53.66,37,20,50.0,10,50.0,1,-1,-100.0,2026-08-29 17:20:55
official_market,Mistral-Large,mistralai/mistral-large,resultat,77-84,3,0,3,2,1,66.67,3,WLW,2,66.67,3,WLW,2,66.67,0,3,0,0,0,0,,0,0,,0,,0,,,2026-08-28 19:20:50
official_market,Mistral-Large,mistralai/mistral-large,resultat,85-89,1,0,1,1,0,100.0,1,W,1,100.0,1,W,1,100.0,0,1,0,0,0,0,,0,0,,0,,0,,,2026-08-08 11:57:52
official_market,Mistral-Large,mistralai/mistral-large,resultat,<77,58,0,57,19,38,33.33,20,WLWWLLLWLWWLWLLLLLLW,8,40.0,10,WLWWLLLWLW,5,50.0,0,57,0,3,0,0,,0,0,,0,,0,,,2026-08-29 17:20:55
official_market,Mistral-Large,mistralai/mistral-small-2603,btts,77-84,5,0,5,2,3,40.0,5,LLWWL,2,40.0,5,LLWWL,2,40.0,0,0,0,0,5,2,40.0,4,4,25.0,4,25.0,0,,,2026-09-11 18:16:47
official_market,Mistral-Large,mistralai/mistral-small-2603,btts,<77,151,0,144,89,55,61.81,20,WWLLWLWWLLWWWWWLWWWL,13,65.0,10,WWLLWLWWLL,5,50.0,20,0,0,0,124,69,55.65,79,20,50.0,10,70.0,0,,,2026-09-11 17:17:05
official_market,Mistral-Large,mistralai/mistral-small-2603,mt1,77-84,8,0,7,7,0,100.0,7,WWWWWWW,7,100.0,7,WWWWWWW,7,100.0,0,7,0,0,0,0,,0,0,,0,,0,,,2026-09-10 00:02:27
official_market,Mistral-Large,mistralai/mistral-small-2603,mt1,<77,147,0,141,106,35,75.18,20,LWWWWLLWWWWWWWWLWWWL,15,75.0,10,LWWWWLLWWW,7,70.0,0,141,0,0,0,0,,0,0,,0,,0,,,2026-09-11 18:16:47
official_market,Mistral-Large,mistralai/mistral-small-2603,mt1_dom,77-84,4,0,4,4,0,100.0,4,WWWW,4,100.0,4,WWWW,4,100.0,0,4,0,0,0,0,,0,0,,0,,0,,,2026-09-11 17:16:45
official_market,Mistral-Large,mistralai/mistral-small-2603,mt1_dom,<77,148,0,141,92,49,65.25,20,LWWWLLWWWWLWWWLWWWLW,14,70.0,10,LWWWLLWWWW,7,70.0,0,141,0,0,0,0,,0,0,,0,,0,,,2026-09-11 18:16:47
official_market,Mistral-Large,mistralai/mistral-small-2603,mt1_ext,77-84,3,0,3,3,0,100.0,3,WWW,3,100.0,3,WWW,3,100.0,0,3,0,0,0,0,,0,0,,0,,0,,,2026-09-10 22:49:05
official_market,Mistral-Large,mistralai/mistral-small-2603,mt1_ext,85-89,1,0,1,0,1,0.0,1,L,0,0.0,1,L,0,0.0,0,1,0,0,0,0,,0,0,,0,,0,,,2026-09-06 19:21:10
official_market,Mistral-Large,mistralai/mistral-small-2603,mt1_ext,<77,141,0,134,90,44,67.16,20,WLWWWWWWWWWLWWWWWWWW,18,90.0,10,WLWWWWWWWW,9,90.0,0,134,0,0,0,0,,0,0,,0,,0,,,2026-09-11 18:16:47
official_market,Mistral-Large,mistralai/mistral-small-2603,mt2,77-84,5,0,5,3,2,60.0,5,LWWWL,3,60.0,5,LWWWL,3,60.0,0,5,0,0,0,0,,0,0,,0,,0,,,2026-09-09 00:34:05
official_market,Mistral-Large,mistralai/mistral-small-2603,mt2,<77,105,0,100,62,38,62.0,20,LWWWWLWLWWLWLWWWLWLW,13,65.0,10,LWWWWLWLWW,7,70.0,0,100,0,0,0,0,,0,0,,0,,0,,,2026-09-11 18:16:47
official_market,Mistral-Large,mistralai/mistral-small-2603,mt2_dom,<77,48,0,47,23,24,48.94,20,WWLWWWLLWWWLWLWLLLWL,11,55.0,10,WWLWWWLLWW,7,70.0,0,47,0,0,0,0,,0,0,,0,,0,,,2026-09-11 12:01:10
official_market,Mistral-Large,mistralai/mistral-small-2603,mt2_ext,<77,5,0,5,2,3,40.0,5,WLWLL,2,40.0,5,WLWLL,2,40.0,0,5,0,0,0,0,,0,0,,0,,0,,,2026-09-10 19:49:04
official_market,Mistral-Large,mistralai/mistral-small-2603,ou05,77-84,5,0,5,5,0,100.0,5,WWWWW,5,100.0,5,WWWWW,5,100.0,0,0,0,0,5,5,100.0,5,5,100.0,5,100.0,0,,,2026-09-09 14:50:20
official_market,Mistral-Large,mistralai/mistral-small-2603,ou05,85-89,97,0,93,80,13,86.02,20,WWWWWWWWWWLWLWWWWWWL,17,85.0,10,WWWWWWWWWW,10,100.0,36,0,0,0,57,44,77.19,40,20,75.0,10,70.0,0,,,2026-09-11 10:49:14
official_market,Mistral-Large,mistralai/mistral-small-2603,ou05,90+,51,0,48,47,1,97.92,20,LWWWWWWWWWWWWWWWWWWW,19,95.0,10,LWWWWWWWWW,9,90.0,40,0,0,0,8,7,87.5,7,7,85.71,7,85.71,0,,,2026-09-11 18:16:47
official_market,Mistral-Large,mistralai/mistral-small-2603,ou05,<77,3,0,3,3,0,100.0,3,WWW,3,100.0,3,WWW,3,100.0,0,0,0,0,3,3,100.0,3,3,100.0,3,100.0,0,,,2026-09-09 14:32:12
official_market,Mistral-Large,mistralai/mistral-small-2603,ou15,77-84,95,0,91,62,29,68.13,20,LWWLLWWWWLLLLWWLLWWL,10,50.0,10,LWWLLWWWWL,6,60.0,8,0,0,0,83,54,65.06,59,20,45.0,10,50.0,0,,,2026-09-11 10:49:14
official_market,Mistral-Large,mistralai/mistral-small-2603,ou15,85-89,58,0,55,44,11,80.0,20,LWWWWWWLWWWLLLWWWWLW,14,70.0,10,LWWWWWWLWW,8,80.0,25,0,0,0,30,19,63.33,28,20,60.0,10,60.0,0,,,2026-09-11 18:16:47
official_market,Mistral-Large,mistralai/mistral-small-2603,ou15,<77,3,0,3,0,3,0.0,3,LLL,0,0.0,3,LLL,0,0.0,0,0,0,0,3,0,0.0,3,3,0.0,3,0.0,0,,,2026-09-06 19:33:22
official_market,Mistral-Large,mistralai/mistral-small-2603,ou25,77-84,150,0,143,91,52,63.64,20,LWWLLLWLWWWWWLWWLWLL,11,55.0,10,LWWLLLWLWW,5,50.0,8,0,0,0,135,83,61.48,87,20,50.0,10,60.0,0,,,2026-09-11 18:16:47
official_market,Mistral-Large,mistralai/mistral-small-2603,ou25,85-89,3,0,3,3,0,100.0,3,WWW,3,100.0,3,WWW,3,100.0,0,0,0,0,3,3,100.0,3,3,100.0,3,100.0,0,,,2026-09-06 19:32:58
official_market,Mistral-Large,mistralai/mistral-small-2603,ou25,<77,3,0,3,3,0,100.0,3,WWW,3,100.0,3,WWW,3,100.0,0,0,0,0,3,3,100.0,3,3,100.0,3,100.0,0,,,2026-09-06 19:33:22
official_market,Mistral-Large,mistralai/mistral-small-2603,resultat,77-84,16,0,15,10,5,66.67,15,LLLWWLWWWWWWLWW,10,66.67,10,LLLWWLWWWW,6,60.0,0,15,0,0,0,0,,0,0,,0,,0,,,2026-09-10 19:49:04
official_market,Mistral-Large,mistralai/mistral-small-2603,resultat,85-89,6,0,6,4,2,66.67,6,WWLWWL,4,66.67,6,WWLWWL,4,66.67,0,6,0,0,0,0,,0,0,,0,,0,,,2026-09-11 17:16:45
official_market,Mistral-Large,mistralai/mistral-small-2603,resultat,<77,134,0,128,56,72,43.75,20,LWWWWWWLLLWLWWLLLLLL,9,45.0,10,LWWWWWWLLL,6,60.0,0,128,0,0,0,0,,0,0,,0,,0,,,2026-09-11 18:16:47
official_market,Mistral-Large,model_id_not_proven,btts,77-84,275,0,228,174,54,76.32,20,WLLWWLWLWWLLWLWLWWWW,12,60.0,10,WLLWWLWLWW,6,60.0,110,3,2,28,103,59,57.28,83,20,45.0,10,50.0,1,1.1,110.0,2026-09-02 10:25:37
official_market,Mistral-Large,model_id_not_proven,btts,85-89,189,0,174,159,15,91.38,20,WWLLLLLWWWLLLLWWWWWW,11,55.0,10,WWLLLLLWWW,5,50.0,119,2,0,27,40,29,72.5,25,20,70.0,10,40.0,0,,,2026-08-30 08:33:26
official_market,Mistral-Large,model_id_not_proven,btts,90+,225,0,151,137,14,90.73,20,WWWWWWWWWWWWWWWWWWWL,19,95.0,10,WWWWWWWWWW,10,100.0,135,10,0,40,5,4,80.0,5,5,80.0,5,80.0,1,-1,-100.0,2026-08-18 20:41:42
official_market,Mistral-Large,model_id_not_proven,btts,<77,3603,0,3076,1896,1180,61.64,20,WLWWWWWWWWWWLLLWWWLL,14,70.0,10,WLWWWWWWWW,9,90.0,422,36,10,464,2284,1309,57.31,981,20,65.0,10,80.0,0,,,2026-09-04 19:41:02
official_market,Mistral-Large,model_id_not_proven,mt1,77-84,114,0,106,104,2,98.11,20,WWWWWWWWLWWWWWWWWWWW,19,95.0,10,WWWWWWWWLW,9,90.0,0,106,0,19,0,0,,0,0,,0,,0,,,2026-08-25 16:21:09
official_market,Mistral-Large,model_id_not_proven,mt1,85-89,5,0,4,4,0,100.0,4,WWWW,4,100.0,4,WWWW,4,100.0,0,4,0,2,0,0,,0,0,,0,,0,,,2026-08-20 15:36:54
official_market,Mistral-Large,model_id_not_proven,mt1,90+,107,0,85,84,1,98.82,20,WWWWWWWWLWWWWWWWWWWW,19,95.0,10,WWWWWWWWLW,9,90.0,0,85,0,15,0,0,,0,0,,0,,0,,,2026-08-18 00:53:11
official_market,Mistral-Large,model_id_not_proven,mt1,<77,4066,0,3434,2531,903,73.7,20,WWWLWWWWWWWWWLLWWWWW,17,85.0,10,WWWLWWWWWW,9,90.0,0,3434,0,523,0,0,,0,0,,0,,0,,,2026-09-04 19:41:02
official_market,Mistral-Large,model_id_not_proven,mt1_dom,77-84,2,0,2,2,0,100.0,2,WW,2,100.0,2,WW,2,100.0,0,2,0,0,0,0,,0,0,,0,,0,,,2026-08-16 03:13:32
official_market,Mistral-Large,model_id_not_proven,mt1_dom,85-89,10,0,10,9,1,90.0,10,WWWWWWWWLW,9,90.0,10,WWWWWWWWLW,9,90.0,0,10,0,0,0,0,,0,0,,0,,0,,,2026-08-30 18:28:47
official_market,Mistral-Large,model_id_not_proven,mt1_dom,<77,436,0,436,302,134,69.27,20,WWWLWWWWWWWLWLLLWLLW,13,65.0,10,WWWLWWWWWW,9,90.0,0,436,0,15,0,0,,0,0,,0,,0,,,2026-09-04 19:41:02
official_market,Mistral-Large,model_id_not_proven,mt1_ext,77-84,6,0,6,6,0,100.0,6,WWWWWW,6,100.0,6,WWWWWW,6,100.0,0,6,0,1,0,0,,0,0,,0,,0,,,2026-08-30 18:50:32
official_market,Mistral-Large,model_id_not_proven,mt1_ext,85-89,1,0,1,1,0,100.0,1,W,1,100.0,1,W,1,100.0,0,1,0,0,0,0,,0,0,,0,,0,,,2026-08-30 19:06:10
official_market,Mistral-Large,model_id_not_proven,mt1_ext,<77,414,0,414,296,118,71.5,20,LWLWWWWWWLWWWWLWLLWW,14,70.0,10,LWLWWWWWWL,7,70.0,0,414,0,12,0,0,,0,0,,0,,0,,,2026-09-04 19:41:02
official_market,Mistral-Large,model_id_not_proven,mt2,77-84,7,0,7,4,3,57.14,7,WWLLLWW,4,57.14,7,WWLLLWW,4,57.14,0,7,0,0,0,0,,0,0,,0,,0,,,2026-09-04 17:35:00
official_market,Mistral-Large,model_id_not_proven,mt2,<77,298,0,298,183,115,61.41,20,LLWWWWWWWLLWWWWWWLWL,14,70.0,10,LLWWWWWWWL,7,70.0,0,298,0,9,0,0,,0,0,,0,,0,,,2026-09-04 19:41:02
official_market,Mistral-Large,model_id_not_proven,mt2_dom,<77,77,0,77,45,32,58.44,20,WLWLWWLLLLWWLWWLWLWW,11,55.0,10,WLWLWWLLLL,4,40.0,0,77,0,3,0,0,,0,0,,0,,0,,,2026-09-04 19:16:54
official_market,Mistral-Large,model_id_not_proven,mt2_ext,<77,6,0,6,4,2,66.67,6,LWWWLW,4,66.67,6,LWWWLW,4,66.67,0,6,0,0,0,0,,0,0,,0,,0,,,2026-08-31 19:47:26
official_market,Mistral-Large,model_id_not_proven,ou05,77-84,133,0,133,126,7,94.74,20,WWWWWWWWLWWWWWWWWLWW,18,90.0,10,WWWWWWWWLW,9,90.0,50,0,0,3,82,76,92.68,69,20,90.0,10,90.0,0,,,2026-08-31 19:47:26
official_market,Mistral-Large,model_id_not_proven,ou05,85-89,109,0,109,105,4,96.33,20,WWWWWWWWWWWWWWWWWWWL,19,95.0,10,WWWWWWWWWW,10,100.0,67,0,0,1,42,38,90.48,40,20,95.0,10,100.0,0,,,2026-09-04 19:16:54
official_market,Mistral-Large,model_id_not_proven,ou05,90+,155,0,155,150,5,96.77,20,WWWWWWWWWWWWWLWWWWWW,19,95.0,10,WWWWWWWWWW,10,100.0,127,2,1,8,25,21,84.0,24,20,90.0,10,90.0,0,,,2026-09-04 19:41:02
official_market,Mistral-Large,model_id_not_proven,ou05,<77,59,0,59,37,22,62.71,20,LLLLWWWLWWLLWLWLWWWL,10,50.0,10,LLLLWWWLWW,5,50.0,0,0,0,3,56,35,62.5,50,20,55.0,10,50.0,0,,,2026-09-02 19:19:31
official_market,Mistral-Large,model_id_not_proven,ou15,77-84,66,0,66,53,13,80.3,20,WWWWWWWWWWWLWWWWWLWL,17,85.0,10,WWWWWWWWWW,10,100.0,9,0,0,1,56,43,76.79,51,20,75.0,10,90.0,0,,,2026-09-04 19:16:54
official_market,Mistral-Large,model_id_not_proven,ou15,85-89,103,0,103,84,19,81.55,20,WWWWLWWWWWWWWLWWWLWL,16,80.0,10,WWWWLWWWWW,9,90.0,41,0,4,5,57,41,71.93,54,20,65.0,10,80.0,0,,,2026-09-04 19:41:02
official_market,Mistral-Large,model_id_not_proven,ou15,90+,16,0,16,14,2,87.5,16,WWWLWWWWWWWLWWWW,14,87.5,10,WWWLWWWWWW,9,90.0,13,2,0,2,1,1,100.0,1,1,100.0,1,100.0,0,,,2026-08-20 18:43:44
official_market,Mistral-Large,model_id_not_proven,ou15,<77,272,0,272,150,122,55.15,20,LLLLLLWWWWLWLWLLLWLW,8,40.0,10,LLLLLLWWWW,4,40.0,16,0,2,7,249,132,53.01,157,20,40.0,10,40.0,0,,,2026-09-02 19:19:31
official_market,Mistral-Large,model_id_not_proven,ou25,77-84,1272,0,1171,866,305,73.95,20,WLWWLLWWWWWWWLLWWWLL,13,65.0,10,WLWWLLWWWW,7,70.0,19,14,6,179,979,736,75.18,646,20,60.0,10,60.0,59,12.72,21.56,2026-09-04 19:41:02
official_market,Mistral-Large,model_id_not_proven,ou25,85-89,443,0,321,291,30,90.65,20,WWLWWWLLWWWWWLWWWLWW,15,75.0,10,WWLWWWLLWW,7,70.0,201,14,2,62,97,81,83.51,90,20,80.0,10,70.0,12,9.19,76.58,2026-08-30 18:53:02
official_market,Mistral-Large,model_id_not_proven,ou25,90+,208,0,185,182,3,98.38,20,WWWWWWWWWWWWWWWWWWWW,20,100.0,10,WWWWWWWWWW,10,100.0,181,3,0,36,0,0,,0,0,,0,,0,,,2026-08-18 20:41:42
official_market,Mistral-Large,model_id_not_proven,ou25,<77,2377,0,1960,1134,826,57.86,20,LLLWWWWLWWLWWLWLWWWL,12,60.0,10,LLLWWWWLWW,6,60.0,111,20,3,282,1639,940,57.35,762,20,65.0,10,60.0,24,0.38,1.58,2026-09-02 19:19:31
official_market,Mistral-Large,model_id_not_proven,resultat,77-84,313,0,177,130,47,73.45,20,WLLLWWWLLWWWWWWLWLWL,12,60.0,10,WLLLWWWLLW,5,50.0,0,177,0,40,0,0,,0,0,,0,,0,,,2026-09-04 19:16:54
official_market,Mistral-Large,model_id_not_proven,resultat,85-89,260,0,202,178,24,88.12,20,WWWWWWWWWWWLWWWWLWWW,18,90.0,10,WWWWWWWWWW,10,100.0,0,202,0,36,0,0,,0,0,,0,,0,,,2026-08-30 19:06:10
official_market,Mistral-Large,model_id_not_proven,resultat,90+,5,0,5,5,0,100.0,5,WWWWW,5,100.0,5,WWWWW,5,100.0,0,5,0,1,0,0,,0,0,,0,,0,,,2026-07-31 19:24:56
official_market,Mistral-Large,model_id_not_proven,resultat,<77,3715,0,3246,1563,1683,48.15,20,WLLLLWWWLLLWLWLWLLWW,9,45.0,10,WLLLLWWWLL,4,40.0,0,3246,0,482,0,0,,0,0,,0,,0,,,2026-09-04 19:41:02
official_market,Mistral-Small,model_id_not_proven,btts,77-84,17,0,8,7,1,87.5,8,WWWWWWWL,7,87.5,8,WWWWWWWL,7,87.5,6,0,0,1,1,1,100.0,1,1,100.0,1,100.0,0,,,2026-07-28 00:45:56
official_market,Mistral-Small,model_id_not_proven,btts,85-89,7,0,5,2,3,40.0,5,LLWLW,2,40.0,5,LLWLW,2,40.0,2,0,0,1,3,1,33.33,3,3,33.33,3,33.33,0,,,2026-07-26 02:45:36
official_market,Mistral-Small,model_id_not_proven,btts,90+,2,0,0,0,0,,0,,0,,0,,0,,0,0,0,0,0,0,,0,0,,0,,0,,,2026-07-25 02:57:56
official_market,Mistral-Small,model_id_not_proven,btts,<77,981,0,815,449,366,55.09,20,LLLWLLWWWWWLWWWWWLWL,12,60.0,10,LLLWLLWWWW,5,50.0,87,29,3,116,618,310,50.16,618,20,50.0,10,50.0,0,,,2026-09-01 19:18:03
official_market,Mistral-Small,model_id_not_proven,mt1,77-84,55,0,47,43,4,91.49,20,WWWWLWWWWWWWWLWWWWWW,18,90.0,10,WWWWLWWWWW,9,90.0,0,47,0,4,0,0,,0,0,,0,,0,,,2026-08-23 02:48:21
official_market,Mistral-Small,model_id_not_proven,mt1,85-89,57,0,53,49,4,92.45,20,WWLWLWWWWWWLWWWWWWWW,17,85.0,10,WWLWLWWWWW,8,80.0,0,53,0,0,0,0,,0,0,,0,,0,,,2026-08-26 11:02:53
official_market,Mistral-Small,model_id_not_proven,mt1,90+,21,0,20,18,2,90.0,20,WWWWWWLWWWLWWWWWWWWW,18,90.0,10,WWWWWWLWWW,9,90.0,0,20,0,1,0,0,,0,0,,0,,0,,,2026-08-14 10:36:06
official_market,Mistral-Small,model_id_not_proven,mt1,<77,874,0,708,478,230,67.51,20,LLWWLLWWWWWLWWWWWLLL,12,60.0,10,LLWWLLWWWW,6,60.0,0,708,0,113,0,0,,0,0,,0,,0,,,2026-09-01 19:18:03
official_market,Mistral-Small,model_id_not_proven,ou25,77-84,430,0,316,197,119,62.34,20,WWWWLLWWLWLLWWLWWLLW,12,60.0,10,WWWWLLWWLW,7,70.0,27,21,0,40,255,149,58.43,255,20,65.0,10,70.0,11,2.21,20.09,2026-08-30 15:32:10
official_market,Mistral-Small,model_id_not_proven,ou25,85-89,78,0,57,44,13,77.19,20,WWLLWLWLLWWWWLWWWLWW,13,65.0,10,WWLLWLWLLW,5,50.0,13,0,0,3,44,32,72.73,44,20,65.0,10,50.0,4,1.48,37.0,2026-08-23 02:48:21
official_market,Mistral-Small,model_id_not_proven,ou25,90+,8,0,6,5,1,83.33,6,WWWLWW,5,83.33,6,WWWLWW,5,83.33,4,0,0,1,1,0,0.0,1,1,0.0,1,0.0,0,,,2026-07-25 13:55:35
official_market,Mistral-Small,model_id_not_proven,ou25,<77,493,0,451,240,211,53.22,20,LLLLLLLWWWLWWWWLWWWW,11,55.0,10,LLLLLLLWWW,3,30.0,1,8,2,74,374,195,52.14,374,20,60.0,10,30.0,7,1.74,24.86,2026-09-01 19:18:03
official_market,Mistral-Small,model_id_not_proven,resultat,77-84,18,0,13,10,3,76.92,13,WWWWLWWWWWLLW,10,76.92,10,WWWWLWWWWW,9,90.0,0,13,0,4,0,0,,0,0,,0,,0,,,2026-07-25 13:55:35
official_market,Mistral-Small,model_id_not_proven,resultat,85-89,5,0,3,3,0,100.0,3,WWW,3,100.0,3,WWW,3,100.0,0,3,0,0,0,0,,0,0,,0,,0,,,2026-08-20 17:16:53
official_market,Mistral-Small,model_id_not_proven,resultat,90+,4,0,4,4,0,100.0,4,WWWW,4,100.0,4,WWWW,4,100.0,0,4,0,1,0,0,,0,0,,0,,0,,,2026-07-23 19:26:33
official_market,Mistral-Small,model_id_not_proven,resultat,<77,980,0,808,373,435,46.16,20,WWLWWWLLWWWLLLWWLWWW,13,65.0,10,WWLWWWLLWW,7,70.0,0,808,0,113,0,0,,0,0,,0,,0,,,2026-09-01 19:18:03
official_market,OR-KimiK3,model_id_not_proven,btts,<77,73,0,73,48,25,65.75,20,WWLLWWWLWWLWLWLWWWLW,13,65.0,10,WWLLWWWLWW,7,70.0,9,0,1,2,62,40,64.52,62,20,65.0,10,70.0,0,,,2026-08-20 18:43:28
official_market,OR-KimiK3,model_id_not_proven,mt1,77-84,1,0,1,0,1,0.0,1,L,0,0.0,1,L,0,0.0,0,1,0,0,0,0,,0,0,,0,,0,,,2026-08-13 20:15:20
official_market,OR-KimiK3,model_id_not_proven,mt1,85-89,5,0,5,5,0,100.0,5,WWWWW,5,100.0,5,WWWWW,5,100.0,0,5,0,0,0,0,,0,0,,0,,0,,,2026-08-19 20:17:36
official_market,OR-KimiK3,model_id_not_proven,mt1,90+,2,0,2,2,0,100.0,2,WW,2,100.0,2,WW,2,100.0,0,2,0,0,0,0,,0,0,,0,,0,,,2026-08-16 01:19:18
official_market,OR-KimiK3,model_id_not_proven,mt1,<77,65,0,65,36,29,55.38,20,WWWWLWWWWLWWLWWWWWWL,16,80.0,10,WWWWLWWWWL,8,80.0,0,65,0,2,0,0,,0,0,,0,,0,,,2026-08-20 18:43:28
official_market,OR-KimiK3,model_id_not_proven,ou25,<77,73,0,73,50,23,68.49,20,WWLWLWWWWLLWWWWWWWLW,15,75.0,10,WWLWLWWWWL,7,70.0,0,0,1,2,70,49,70.0,70,20,80.0,10,70.0,4,-0.84,-21.0,2026-08-20 18:43:28
official_market,OR-KimiK3,model_id_not_proven,resultat,77-84,2,0,2,1,1,50.0,2,WL,1,50.0,2,WL,1,50.0,0,2,0,0,0,0,,0,0,,0,,0,,,2026-08-11 15:33:01
official_market,OR-KimiK3,model_id_not_proven,resultat,<77,71,0,71,29,42,40.85,20,LWWWWLWWLWLWLWWWWLLW,13,65.0,10,LWWWWLWWLW,7,70.0,0,71,0,2,0,0,,0,0,,0,,0,,,2026-08-20 18:43:28
official_market,OR-Mistral7B,model_id_not_proven,btts,77-84,2,0,2,1,1,50.0,2,WL,1,50.0,2,WL,1,50.0,0,0,0,0,2,1,50.0,2,2,50.0,2,50.0,0,,,2026-08-30 14:35:25
official_market,OR-Mistral7B,model_id_not_proven,btts,<77,139,0,139,76,63,54.68,20,WWLWLLWLWWWLWLWWWLLW,12,60.0,10,WWLWLLWLWW,6,60.0,13,0,3,2,122,63,51.64,122,20,50.0,10,50.0,0,,,2026-09-11 16:53:01
official_market,OR-Mistral7B,model_id_not_proven,mt1,77-84,5,0,5,5,0,100.0,5,WWWWW,5,100.0,5,WWWWW,5,100.0,0,5,0,0,0,0,,0,0,,0,,0,,,2026-09-11 16:53:01
official_market,OR-Mistral7B,model_id_not_proven,mt1,85-89,6,0,6,5,1,83.33,6,WLWWWW,5,83.33,6,WLWWWW,5,83.33,0,6,0,1,0,0,,0,0,,0,,0,,,2026-08-23 02:48:21
official_market,OR-Mistral7B,model_id_not_proven,mt1,90+,3,0,3,3,0,100.0,3,WWW,3,100.0,3,WWW,3,100.0,0,3,0,0,0,0,,0,0,,0,,0,,,2026-08-14 10:36:07
official_market,OR-Mistral7B,model_id_not_proven,mt1,<77,127,0,127,71,56,55.91,20,WLLWWLLWWWWLWLWWWLLW,12,60.0,10,WLLWWLLWWW,6,60.0,0,127,0,1,0,0,,0,0,,0,,0,,,2026-09-10 19:31:15
official_market,OR-Mistral7B,model_id_not_proven,ou25,77-84,49,0,49,27,22,55.1,20,WWLWWWWWWLLLWWWLLLLW,12,60.0,10,WWLWWWWWWL,8,80.0,0,0,1,2,46,26,56.52,46,20,60.0,10,70.0,7,3.92,56.0,2026-09-05 19:44:03
official_market,OR-Mistral7B,model_id_not_proven,ou25,85-89,5,0,5,4,1,80.0,5,WLWWW,4,80.0,5,WLWWW,4,80.0,0,0,0,0,5,4,80.0,5,5,80.0,5,80.0,2,-0.27,-13.5,2026-08-30 16:01:32
official_market,OR-Mistral7B,model_id_not_proven,ou25,<77,88,0,88,46,42,52.27,20,WWLWLLWLLLWWLWWLLWWL,10,50.0,10,WWLWLLWLLL,4,40.0,0,0,1,0,87,45,51.72,87,20,50.0,10,40.0,4,-0.49,-12.25,2026-09-11 16:53:01
official_market,OR-Mistral7B,model_id_not_proven,resultat,77-84,2,0,2,1,1,50.0,2,LW,1,50.0,2,LW,1,50.0,0,2,0,0,0,0,,0,0,,0,,0,,,2026-08-30 16:01:32
official_market,OR-Mistral7B,model_id_not_proven,resultat,<77,139,0,139,62,77,44.6,20,LLLLWWLWWWWWLLLWWWLW,11,55.0,10,LLLLWWLWWW,5,50.0,0,139,0,2,0,0,,0,0,,0,,0,,,2026-09-11 16:53:01
official_market,OR-Qwen37Max,model_id_not_proven,btts,77-84,5,0,1,0,1,0.0,1,L,0,0.0,1,L,0,0.0,0,0,0,0,1,0,0.0,1,1,0.0,1,0.0,0,,,2026-07-25 06:32:12
official_market,OR-Qwen37Max,model_id_not_proven,btts,85-89,7,0,5,4,1,80.0,5,WWWWL,4,80.0,5,WWWWL,4,80.0,1,1,0,3,2,2,100.0,2,2,100.0,2,100.0,0,,,2026-08-01 04:47:24
official_market,OR-Qwen37Max,model_id_not_proven,btts,90+,42,0,6,2,4,33.33,6,WLLLLW,2,33.33,6,WLLLLW,2,33.33,3,3,0,5,0,0,,0,0,,0,,0,,,2026-07-25 09:10:09
official_market,OR-Qwen37Max,model_id_not_proven,btts,<77,151,0,114,65,49,57.02,20,LWLLLWWWWWWWLLWWLWLW,12,60.0,10,LWLLLWWWWW,6,60.0,10,6,2,8,95,51,53.68,95,20,55.0,10,70.0,0,,,2026-09-01 19:18:07
official_market,OR-Qwen37Max,model_id_not_proven,mt1,77-84,21,0,9,8,1,88.89,9,WWWWWWWWL,8,88.89,9,WWWWWWWWL,8,88.89,0,9,0,2,0,0,,0,0,,0,,0,,,2026-08-19 20:17:33
official_market,OR-Qwen37Max,model_id_not_proven,mt1,85-89,27,0,5,5,0,100.0,5,WWWWW,5,100.0,5,WWWWW,5,100.0,0,5,0,4,0,0,,0,0,,0,,0,,,2026-07-25 06:48:49
official_market,OR-Qwen37Max,model_id_not_proven,mt1,90+,37,0,10,10,0,100.0,10,WWWWWWWWWW,10,100.0,10,WWWWWWWWWW,10,100.0,0,10,0,5,0,0,,0,0,,0,,0,,,2026-08-01 04:47:24
official_market,OR-Qwen37Max,model_id_not_proven,mt1,<77,120,0,102,71,31,69.61,20,LWWWLWWWWWWWLWWWWWWW,17,85.0,10,LWWWLWWWWW,8,80.0,0,102,0,5,0,0,,0,0,,0,,0,,,2026-09-01 19:18:07
official_market,OR-Qwen37Max,model_id_not_proven,ou25,77-84,2,0,2,2,0,100.0,2,WW,2,100.0,2,WW,2,100.0,0,0,0,0,2,2,100.0,2,2,100.0,2,100.0,0,,,2026-08-11 15:32:58
official_market,OR-Qwen37Max,model_id_not_proven,ou25,90+,83,0,16,12,4,75.0,16,WWWWWWWWLLLWLWWW,12,75.0,10,WWWWWWWWLL,8,80.0,4,10,0,13,2,2,100.0,2,2,100.0,2,100.0,1,0.58,58.0,2026-07-31 00:06:17
official_market,OR-Qwen37Max,model_id_not_proven,ou25,<77,116,0,105,60,45,57.14,20,LWLLLWWWLWWWLWWLLWWW,12,60.0,10,LWLLLWWWLW,5,50.0,0,0,1,2,102,57,55.88,102,20,55.0,10,50.0,4,-0.66,-16.5,2026-09-01 19:18:07
official_market,OR-Qwen37Max,model_id_not_proven,resultat,77-84,6,0,1,1,0,100.0,1,W,1,100.0,1,W,1,100.0,0,1,0,1,0,0,,0,0,,0,,0,,,2026-08-01 04:47:24
official_market,OR-Qwen37Max,model_id_not_proven,resultat,85-89,11,0,6,4,2,66.67,6,WLWLWW,4,66.67,6,WLWLWW,4,66.67,0,6,0,2,0,0,,0,0,,0,,0,,,2026-08-11 15:32:58
official_market,OR-Qwen37Max,model_id_not_proven,resultat,90+,19,0,3,0,3,0.0,3,LLL,0,0.0,3,LLL,0,0.0,0,3,0,3,0,0,,0,0,,0,,0,,,2026-07-25 05:11:14
official_market,OR-Qwen37Max,model_id_not_proven,resultat,<77,169,0,116,48,68,41.38,20,WWLWWLWWWLLWLWLWLWLW,12,60.0,10,WWLWWLWWWL,7,70.0,0,116,0,10,0,0,,0,0,,0,,0,,,2026-09-01 19:18:07
official_market,OpenRouter-Kimi,model_id_not_proven,btts,77-84,2,0,2,2,0,100.0,2,WW,2,100.0,2,WW,2,100.0,1,1,0,2,0,0,,0,0,,0,,0,,,2026-08-29 17:21:54
official_market,OpenRouter-Kimi,model_id_not_proven,btts,<77,42,0,42,19,23,45.24,20,LWWWLLLWWWLWLLLLLLLW,8,40.0,10,LWWWLLLWWW,6,60.0,3,0,1,1,39,17,43.59,31,20,45.0,10,50.0,0,,,2026-08-30 18:17:34
official_market,OpenRouter-Kimi,model_id_not_proven,mt1,77-84,1,0,1,1,0,100.0,1,W,1,100.0,1,W,1,100.0,0,1,0,0,0,0,,0,0,,0,,0,,,2026-08-22 10:22:35
official_market,OpenRouter-Kimi,model_id_not_proven,mt1,85-89,12,0,12,12,0,100.0,12,WWWWWWWWWWWW,12,100.0,10,WWWWWWWWWW,10,100.0,0,12,0,3,0,0,,0,0,,0,,0,,,2026-08-30 18:04:57
official_market,OpenRouter-Kimi,model_id_not_proven,mt1,90+,4,0,4,4,0,100.0,4,WWWW,4,100.0,4,WWWW,4,100.0,0,4,0,0,0,0,,0,0,,0,,0,,,2026-08-29 19:17:21
official_market,OpenRouter-Kimi,model_id_not_proven,mt1,<77,27,0,27,16,11,59.26,20,LWLLLLWWWLLWWLWWLWWW,11,55.0,10,LWLLLLWWWL,4,40.0,0,27,0,0,0,0,,0,0,,0,,0,,,2026-08-30 18:17:34
official_market,OpenRouter-Kimi,model_id_not_proven,mt1_dom,77-84,4,0,4,4,0,100.0,4,WWWW,4,100.0,4,WWWW,4,100.0,0,4,0,1,0,0,,0,0,,0,,0,,,2026-08-29 17:21:54
official_market,OpenRouter-Kimi,model_id_not_proven,mt1_dom,85-89,4,0,4,3,1,75.0,4,WLWW,3,75.0,4,WLWW,3,75.0,0,4,0,1,0,0,,0,0,,0,,0,,,2026-08-30 18:04:57
official_market,OpenRouter-Kimi,model_id_not_proven,mt1_dom,90+,1,0,1,1,0,100.0,1,W,1,100.0,1,W,1,100.0,0,1,0,0,0,0,,0,0,,0,,0,,,2026-08-21 16:01:21
official_market,OpenRouter-Kimi,model_id_not_proven,mt1_dom,<77,35,0,35,23,12,65.71,20,WWLWWLLWLWWWLLLLWWWW,12,60.0,10,WWLWWLLWLW,6,60.0,0,35,0,1,0,0,,0,0,,0,,0,,,2026-08-30 18:17:34
official_market,OpenRouter-Kimi,model_id_not_proven,mt1_ext,77-84,3,0,3,3,0,100.0,3,WWW,3,100.0,3,WWW,3,100.0,0,3,0,0,0,0,,0,0,,0,,0,,,2026-08-29 17:30:39
official_market,OpenRouter-Kimi,model_id_not_proven,mt1_ext,85-89,2,0,2,2,0,100.0,2,WW,2,100.0,2,WW,2,100.0,0,2,0,0,0,0,,0,0,,0,,0,,,2026-08-30 10:51:32
official_market,OpenRouter-Kimi,model_id_not_proven,mt1_ext,90+,2,0,2,2,0,100.0,2,WW,2,100.0,2,WW,2,100.0,0,2,0,0,0,0,,0,0,,0,,0,,,2026-08-29 19:17:21
official_market,OpenRouter-Kimi,model_id_not_proven,mt1_ext,<77,35,0,35,27,8,77.14,20,LWLLLWWWLWWLWWWWLWWW,13,65.0,10,LWLLLWWWLW,5,50.0,0,35,0,3,0,0,,0,0,,0,,0,,,2026-08-30 18:17:34
official_market,OpenRouter-Kimi,model_id_not_proven,mt2,77-84,2,0,2,0,2,0.0,2,LL,0,0.0,2,LL,0,0.0,0,2,0,0,0,0,,0,0,,0,,0,,,2026-08-22 12:05:47
official_market,OpenRouter-Kimi,model_id_not_proven,mt2,<77,36,0,36,26,10,72.22,20,WWWWWLWWWLWLWWWWWWLW,16,80.0,10,WWWWWLWWWL,8,80.0,0,36,0,3,0,0,,0,0,,0,,0,,,2026-08-30 18:17:34
official_market,OpenRouter-Kimi,model_id_not_proven,mt2_dom,<77,32,0,32,17,15,53.12,20,LWLLWLWLLLWLWWWWWLWL,10,50.0,10,LWLLWLWLLL,3,30.0,0,32,0,3,0,0,,0,0,,0,,0,,,2026-08-30 18:17:34
official_market,OpenRouter-Kimi,model_id_not_proven,mt2_ext,<77,27,0,27,13,14,48.15,20,WLLLWLWWWLWLWLLWLLLW,9,45.0,10,WLLLWLWWWL,5,50.0,0,27,0,3,0,0,,0,0,,0,,0,,,2026-08-30 18:17:34
official_market,OpenRouter-Kimi,model_id_not_proven,ou05,77-84,2,0,2,2,0,100.0,2,WW,2,100.0,2,WW,2,100.0,0,0,0,0,2,2,100.0,2,2,100.0,2,100.0,0,,,2026-08-30 13:16:52
official_market,OpenRouter-Kimi,model_id_not_proven,ou05,85-89,7,0,7,6,1,85.71,7,WWLWWWW,6,85.71,7,WWLWWWW,6,85.71,0,0,0,0,7,6,85.71,7,7,85.71,7,85.71,0,,,2026-08-30 15:17:52
official_market,OpenRouter-Kimi,model_id_not_proven,ou05,90+,19,0,19,19,0,100.0,19,WWWWWWWWWWWWWWWWWWW,19,100.0,10,WWWWWWWWWW,10,100.0,18,1,0,3,0,0,,0,0,,0,,0,,,2026-08-30 18:04:57
official_market,OpenRouter-Kimi,model_id_not_proven,ou05,<77,16,0,16,13,3,81.25,16,WWWWWWWWWWWWWLLL,13,81.25,10,WWWWWWWWWW,10,100.0,0,0,0,0,16,13,81.25,13,13,84.62,10,100.0,0,,,2026-08-30 18:17:34
official_market,OpenRouter-Kimi,model_id_not_proven,ou15,77-84,10,0,10,9,1,90.0,10,WWWLWWWWWW,9,90.0,10,WWWLWWWWWW,9,90.0,0,0,0,0,10,9,90.0,9,9,88.89,9,88.89,0,,,2026-08-30 10:51:32
official_market,OpenRouter-Kimi,model_id_not_proven,ou15,85-89,4,0,4,4,0,100.0,4,WWWW,4,100.0,4,WWWW,4,100.0,2,0,0,0,2,2,100.0,2,2,100.0,2,100.0,0,,,2026-08-22 12:05:47
official_market,OpenRouter-Kimi,model_id_not_proven,ou15,90+,4,0,4,4,0,100.0,4,WWWW,4,100.0,4,WWWW,4,100.0,3,1,0,3,0,0,,0,0,,0,,0,,,2026-08-30 18:04:57
official_market,OpenRouter-Kimi,model_id_not_proven,ou15,<77,26,0,26,15,11,57.69,20,LWWWWLLLWWLLWWWLLLLL,9,45.0,10,LWWWWLLLWW,6,60.0,0,0,0,0,26,15,57.69,22,20,55.0,10,50.0,0,,,2026-08-30 18:17:34
official_market,OpenRouter-Kimi,model_id_not_proven,ou25,77-84,11,0,11,9,2,81.82,11,WWWWWWWWLLW,9,81.82,10,WWWWWWWWLL,8,80.0,2,1,1,3,8,6,75.0,7,7,85.71,7,85.71,1,0.71,71.0,2026-08-30 18:04:57
official_market,OpenRouter-Kimi,model_id_not_proven,ou25,<77,33,0,33,17,16,51.52,20,LWWLLLLWLLLLLLWLWWLW,7,35.0,10,LWWLLLLWLL,3,30.0,0,0,0,0,33,17,51.52,27,20,40.0,10,30.0,6,0.3,5.0,2026-08-30 18:17:34
official_market,OpenRouter-Kimi,model_id_not_proven,resultat,77-84,4,0,4,2,2,50.0,4,WWLL,2,50.0,4,WWLL,2,50.0,0,4,0,0,0,0,,0,0,,0,,0,,,2026-08-29 16:34:21
official_market,OpenRouter-Kimi,model_id_not_proven,resultat,85-89,2,0,2,2,0,100.0,2,WW,2,100.0,2,WW,2,100.0,0,2,0,0,0,0,,0,0,,0,,0,,,2026-08-30 01:33:31
official_market,OpenRouter-Kimi,model_id_not_proven,resultat,<77,38,0,38,15,23,39.47,20,WWWWWLLLLLLLWLLLWLLL,7,35.0,10,WWWWWLLLLL,5,50.0,0,38,0,3,0,0,,0,0,,0,,0,,,2026-08-30 18:17:34
official_market,OpenRouter-Kimi,moonshotai/kimi-k2,btts,77-84,3,0,3,1,2,33.33,3,LLW,1,33.33,3,LLW,1,33.33,0,0,0,0,3,1,33.33,3,3,33.33,3,33.33,0,,,2026-08-30 14:53:17
official_market,OpenRouter-Kimi,moonshotai/kimi-k2,btts,85-89,3,0,3,3,0,100.0,3,WWW,3,100.0,3,WWW,3,100.0,3,0,0,0,0,0,,0,0,,0,,0,,,2026-08-30 14:42:13
official_market,OpenRouter-Kimi,moonshotai/kimi-k2,btts,<77,44,0,44,27,17,61.36,20,LLLWWWWWLWLWWWLWLWWL,12,60.0,10,LLLWWWWWLW,6,60.0,0,0,2,1,41,24,58.54,31,20,45.0,10,50.0,0,,,2026-08-30 14:35:22
official_market,OpenRouter-Kimi,moonshotai/kimi-k2,mt1,77-84,2,0,2,2,0,100.0,2,WW,2,100.0,2,WW,2,100.0,0,2,0,0,0,0,,0,0,,0,,0,,,2026-08-30 13:22:36
official_market,OpenRouter-Kimi,moonshotai/kimi-k2,mt1,85-89,6,0,6,5,1,83.33,6,WWWLWW,5,83.33,6,WWWLWW,5,83.33,0,6,0,0,0,0,,0,0,,0,,0,,,2026-08-30 14:53:17
official_market,OpenRouter-Kimi,moonshotai/kimi-k2,mt1,90+,8,0,8,8,0,100.0,8,WWWWWWWW,8,100.0,8,WWWWWWWW,8,100.0,0,8,0,1,0,0,,0,0,,0,,0,,,2026-08-30 14:42:13
official_market,OpenRouter-Kimi,moonshotai/kimi-k2,mt1,<77,33,0,33,15,18,45.45,20,LLLWWWWLWLWLLLLLWWWL,9,45.0,10,LLLWWWWLWL,5,50.0,0,33,0,0,0,0,,0,0,,0,,0,,,2026-08-30 14:35:22
official_market,OpenRouter-Kimi,moonshotai/kimi-k2,mt1_dom,77-84,4,0,4,3,1,75.0,4,WLWW,3,75.0,4,WLWW,3,75.0,0,4,0,0,0,0,,0,0,,0,,0,,,2026-08-30 13:22:36
official_market,OpenRouter-Kimi,moonshotai/kimi-k2,mt1_dom,85-89,5,0,5,5,0,100.0,5,WWWWW,5,100.0,5,WWWWW,5,100.0,0,5,0,0,0,0,,0,0,,0,,0,,,2026-08-30 14:53:17
official_market,OpenRouter-Kimi,moonshotai/kimi-k2,mt1_dom,90+,3,0,3,2,1,66.67,3,LWW,2,66.67,3,LWW,2,66.67,0,3,0,0,0,0,,0,0,,0,,0,,,2026-08-30 11:03:54
official_market,OpenRouter-Kimi,moonshotai/kimi-k2,mt1_dom,<77,35,0,35,15,20,42.86,20,LLWLLWLWLWWWWLLLLLWW,9,45.0,10,LLWLLWLWLW,4,40.0,0,35,0,1,0,0,,0,0,,0,,0,,,2026-08-30 14:35:22
official_market,OpenRouter-Kimi,moonshotai/kimi-k2,mt1_ext,77-84,3,0,3,3,0,100.0,3,WWW,3,100.0,3,WWW,3,100.0,0,3,0,0,0,0,,0,0,,0,,0,,,2026-08-30 14:42:13
official_market,OpenRouter-Kimi,moonshotai/kimi-k2,mt1_ext,85-89,1,0,1,1,0,100.0,1,W,1,100.0,1,W,1,100.0,0,1,0,1,0,0,,0,0,,0,,0,,,2026-08-22 11:46:56
official_market,OpenRouter-Kimi,moonshotai/kimi-k2,mt1_ext,<77,41,0,41,22,19,53.66,20,LLWLWLLWWLLWWLLWWWWW,11,55.0,10,LLWLWLLWWL,4,40.0,0,41,0,0,0,0,,0,0,,0,,0,,,2026-08-30 14:53:17
official_market,OpenRouter-Kimi,moonshotai/kimi-k2,mt2,77-84,1,0,1,0,1,0.0,1,L,0,0.0,1,L,0,0.0,0,1,0,0,0,0,,0,0,,0,,0,,,2026-08-22 16:17:34
official_market,OpenRouter-Kimi,moonshotai/kimi-k2,mt2,<77,41,0,41,33,8,80.49,20,LWWWLWWWWWWLWWLWWWWW,16,80.0,10,LWWWLWWWWW,8,80.0,0,41,0,1,0,0,,0,0,,0,,0,,,2026-08-30 14:53:17
official_market,OpenRouter-Kimi,moonshotai/kimi-k2,mt2_dom,<77,32,0,32,26,6,81.25,20,LWWLWWWLWWWWWWWWWWWW,17,85.0,10,LWWLWWWLWW,7,70.0,0,32,0,1,0,0,,0,0,,0,,0,,,2026-08-30 14:53:17
official_market,OpenRouter-Kimi,moonshotai/kimi-k2,mt2_ext,<77,31,0,31,12,19,38.71,20,LWLLWWLLLLWWWLLLLLLL,6,30.0,10,LWLLWWLLLL,3,30.0,0,31,0,1,0,0,,0,0,,0,,0,,,2026-08-30 14:53:17
official_market,OpenRouter-Kimi,moonshotai/kimi-k2,ou05,77-84,2,0,2,2,0,100.0,2,WW,2,100.0,2,WW,2,100.0,0,0,0,0,2,2,100.0,2,2,100.0,2,100.0,0,,,2026-08-30 13:46:34
official_market,OpenRouter-Kimi,moonshotai/kimi-k2,ou05,85-89,3,0,3,3,0,100.0,3,WWW,3,100.0,3,WWW,3,100.0,0,0,0,0,3,3,100.0,3,3,100.0,3,100.0,0,,,2026-08-30 11:51:47
official_market,OpenRouter-Kimi,moonshotai/kimi-k2,ou05,90+,24,0,24,24,0,100.0,20,WWWWWWWWWWWWWWWWWWWW,20,100.0,10,WWWWWWWWWW,10,100.0,24,0,0,1,0,0,,0,0,,0,,0,,,2026-08-30 14:53:17
official_market,OpenRouter-Kimi,moonshotai/kimi-k2,ou05,<77,21,0,21,20,1,95.24,20,WWWWLWWWWWWWWWWWWWWW,19,95.0,10,WWWWLWWWWW,9,90.0,0,0,1,0,20,19,95.0,17,17,94.12,10,90.0,0,,,2026-08-30 14:35:22
official_market,OpenRouter-Kimi,moonshotai/kimi-k2,ou15,77-84,9,0,9,8,1,88.89,9,WLWWWWWWW,8,88.89,9,WLWWWWWWW,8,88.89,0,0,1,0,8,8,100.0,8,8,100.0,8,100.0,0,,,2026-08-30 11:03:54
official_market,OpenRouter-Kimi,moonshotai/kimi-k2,ou15,85-89,7,0,7,7,0,100.0,7,WWWWWWW,7,100.0,7,WWWWWWW,7,100.0,0,0,0,0,7,7,100.0,7,7,100.0,7,100.0,0,,,2026-08-30 12:47:51
official_market,OpenRouter-Kimi,moonshotai/kimi-k2,ou15,90+,6,0,6,6,0,100.0,6,WWWWWW,6,100.0,6,WWWWWW,6,100.0,6,0,0,1,0,0,,0,0,,0,,0,,,2026-08-30 14:42:13
official_market,OpenRouter-Kimi,moonshotai/kimi-k2,ou15,<77,28,0,28,13,15,46.43,20,WLLLWLLLLWWLLWWLWWWL,9,45.0,10,WLLLWLLLLW,3,30.0,0,0,2,0,26,13,50.0,22,20,50.0,10,50.0,0,,,2026-08-30 14:53:17
official_market,OpenRouter-Kimi,moonshotai/kimi-k2,ou25,77-84,13,0,13,7,6,53.85,13,LWWWWLWWLLLWL,7,53.85,10,LWWWWLWWLL,6,60.0,0,0,0,1,12,6,50.0,11,11,45.45,10,50.0,4,-0.84,-21.0,2026-08-30 14:53:17
official_market,OpenRouter-Kimi,moonshotai/kimi-k2,ou25,<77,37,0,37,19,18,51.35,20,WLLLWWWLWLWWLLWLWWLW,11,55.0,10,WLLLWWWLWL,5,50.0,0,0,3,0,34,18,52.94,26,20,40.0,10,30.0,3,1.56,52.0,2026-08-30 14:42:13
official_market,OpenRouter-Kimi,moonshotai/kimi-k2,resultat,77-84,5,0,5,3,2,60.0,5,WLLWW,3,60.0,5,WLLWW,3,60.0,0,5,0,1,0,0,,0,0,,0,,0,,,2026-08-30 13:16:31
official_market,OpenRouter-Kimi,moonshotai/kimi-k2,resultat,<77,45,0,45,17,28,37.78,20,LWWWWWLWLLLLWLLLLLWL,8,40.0,10,LWWWWWLWLL,6,60.0,0,45,0,0,0,0,,0,0,,0,,0,,,2026-08-30 14:53:17
official_market,OpenRouter-Kimi,moonshotai/kimi-k3,btts,90+,1,0,1,0,1,0.0,1,L,0,0.0,1,L,0,0.0,1,0,0,0,0,0,,0,0,,0,,0,,,2026-09-01 19:17:23
official_market,OpenRouter-Kimi,moonshotai/kimi-k3,btts,<77,10,0,10,8,2,80.0,10,WLLWWWWWWW,8,80.0,10,WLLWWWWWWW,8,80.0,0,0,0,1,9,7,77.78,8,8,75.0,8,75.0,0,,,2026-09-01 19:06:11
official_market,OpenRouter-Kimi,moonshotai/kimi-k3,mt1,90+,10,0,10,8,2,80.0,10,LWLWWWWWWW,8,80.0,10,LWLWWWWWWW,8,80.0,0,10,0,1,0,0,,0,0,,0,,0,,,2026-09-01 19:17:23
official_market,OpenRouter-Kimi,moonshotai/kimi-k3,mt1,<77,1,0,1,1,0,100.0,1,W,1,100.0,1,W,1,100.0,0,1,0,0,0,0,,0,0,,0,,0,,,2026-08-30 16:19:49
official_market,OpenRouter-Kimi,moonshotai/kimi-k3,mt1_dom,90+,3,0,3,2,1,66.67,3,LWW,2,66.67,3,LWW,2,66.67,0,3,0,0,0,0,,0,0,,0,,0,,,2026-09-01 19:17:23
official_market,OpenRouter-Kimi,moonshotai/kimi-k3,mt1_dom,<77,7,0,7,5,2,71.43,7,LWWLWWW,5,71.43,7,LWWLWWW,5,71.43,0,7,0,1,0,0,,0,0,,0,,0,,,2026-09-01 19:06:11
official_market,OpenRouter-Kimi,moonshotai/kimi-k3,mt1_ext,77-84,1,0,1,1,0,100.0,1,W,1,100.0,1,W,1,100.0,0,1,0,0,0,0,,0,0,,0,,0,,,2026-08-30 17:13:56
official_market,OpenRouter-Kimi,moonshotai/kimi-k3,mt1_ext,90+,7,0,7,5,2,71.43,7,LLWWWWW,5,71.43,7,LLWWWWW,5,71.43,0,7,0,1,0,0,,0,0,,0,,0,,,2026-09-01 19:17:23
official_market,OpenRouter-Kimi,moonshotai/kimi-k3,mt1_ext,<77,1,0,1,1,0,100.0,1,W,1,100.0,1,W,1,100.0,0,1,0,0,0,0,,0,0,,0,,0,,,2026-08-21 16:53:46
official_market,OpenRouter-Kimi,moonshotai/kimi-k3,mt2,77-84,2,0,2,2,0,100.0,2,WW,2,100.0,2,WW,2,100.0,0,2,0,0,0,0,,0,0,,0,,0,,,2026-08-30 17:20:48
official_market,OpenRouter-Kimi,moonshotai/kimi-k3,mt2,<77,7,0,7,6,1,85.71,7,WWLWWWW,6,85.71,7,WWLWWWW,6,85.71,0,7,0,1,0,0,,0,0,,0,,0,,,2026-09-01 19:17:23
official_market,OpenRouter-Kimi,moonshotai/kimi-k3,mt2_dom,<77,7,0,7,2,5,28.57,7,WLLLWLL,2,28.57,7,WLLLWLL,2,28.57,0,7,0,0,0,0,,0,0,,0,,0,,,2026-09-01 19:17:23
official_market,OpenRouter-Kimi,moonshotai/kimi-k3,mt2_ext,<77,4,0,4,1,3,25.0,4,LWLL,1,25.0,4,LWLL,1,25.0,0,4,0,0,0,0,,0,0,,0,,0,,,2026-09-01 19:17:23
official_market,OpenRouter-Kimi,moonshotai/kimi-k3,ou05,90+,11,0,11,11,0,100.0,11,WWWWWWWWWWW,11,100.0,10,WWWWWWWWWW,10,100.0,11,0,0,1,0,0,,0,0,,0,,0,,,2026-09-01 19:17:23
official_market,OpenRouter-Kimi,moonshotai/kimi-k3,ou15,77-84,3,0,3,3,0,100.0,3,WWW,3,100.0,3,WWW,3,100.0,0,0,0,0,3,3,100.0,3,3,100.0,3,100.0,0,,,2026-08-30 17:20:48
official_market,OpenRouter-Kimi,moonshotai/kimi-k3,ou15,85-89,1,0,1,1,0,100.0,1,W,1,100.0,1,W,1,100.0,0,0,0,0,1,1,100.0,1,1,100.0,1,100.0,0,,,2026-08-21 16:53:46
official_market,OpenRouter-Kimi,moonshotai/kimi-k3,ou15,90+,2,0,2,1,1,50.0,2,LW,1,50.0,2,LW,1,50.0,2,0,0,0,0,0,,0,0,,0,,0,,,2026-09-01 19:17:23
official_market,OpenRouter-Kimi,moonshotai/kimi-k3,ou15,<77,5,0,5,5,0,100.0,5,WWWWW,5,100.0,5,WWWWW,5,100.0,0,0,0,1,4,4,100.0,4,4,100.0,4,100.0,0,,,2026-09-01 19:06:11
official_market,OpenRouter-Kimi,moonshotai/kimi-k3,ou25,77-84,1,0,1,0,1,0.0,1,L,0,0.0,1,L,0,0.0,0,0,0,0,1,0,0.0,1,1,0.0,1,0.0,0,,,2026-08-30 19:59:26
official_market,OpenRouter-Kimi,moonshotai/kimi-k3,ou25,<77,10,0,10,6,4,60.0,10,LWWWWLLLWW,6,60.0,10,LWWWWLLLWW,6,60.0,0,0,0,1,9,5,55.56,8,8,62.5,8,62.5,3,0.46,15.33,2026-09-01 19:17:23
official_market,OpenRouter-Kimi,moonshotai/kimi-k3,resultat,77-84,1,0,1,1,0,100.0,1,W,1,100.0,1,W,1,100.0,0,1,0,0,0,0,,0,0,,0,,0,,,2026-08-30 19:59:26
official_market,OpenRouter-Kimi,moonshotai/kimi-k3,resultat,<77,10,0,10,5,5,50.0,10,WWWLLWLLWL,5,50.0,10,WWWLLWLLWL,5,50.0,0,10,0,1,0,0,,0,0,,0,,0,,,2026-09-01 19:17:23
official_market,OpenRouter-Qwen,llama-3.3-70b-versatile,btts,77-84,8,0,8,6,2,75.0,8,LWWWWLWW,6,75.0,8,LWWWWLWW,6,75.0,4,0,0,0,4,2,50.0,4,4,50.0,4,50.0,0,,,2026-08-16 11:36:54
official_market,OpenRouter-Qwen,llama-3.3-70b-versatile,btts,85-89,1,0,1,0,1,0.0,1,L,0,0.0,1,L,0,0.0,0,0,0,0,1,0,0.0,1,1,0.0,1,0.0,0,,,2026-08-08 23:25:26
official_market,OpenRouter-Qwen,llama-3.3-70b-versatile,btts,<77,61,0,61,35,26,57.38,20,WWLWLLLLLWLLLWWWWWWW,11,55.0,10,WWLWLLLLLW,4,40.0,10,0,1,3,47,25,53.19,45,20,50.0,10,50.0,0,,,2026-08-16 17:57:26
official_market,OpenRouter-Qwen,llama-3.3-70b-versatile,mt1,77-84,4,0,4,4,0,100.0,4,WWWW,4,100.0,4,WWWW,4,100.0,0,4,0,0,0,0,,0,0,,0,,0,,,2026-08-16 17:46:29
official_market,OpenRouter-Qwen,llama-3.3-70b-versatile,mt1,<77,65,0,65,40,25,61.54,20,WWWWLWWWWWWWLLWWWWWW,17,85.0,10,WWWWLWWWWW,9,90.0,0,65,0,3,0,0,,0,0,,0,,0,,,2026-08-16 17:57:26
official_market,OpenRouter-Qwen,llama-3.3-70b-versatile,mt1_dom,85-89,1,0,1,1,0,100.0,1,W,1,100.0,1,W,1,100.0,0,1,0,0,0,0,,0,0,,0,,0,,,2026-08-16 17:46:29
official_market,OpenRouter-Qwen,llama-3.3-70b-versatile,mt1_dom,<77,66,0,66,41,25,62.12,20,WWWWWWLWWWLWLLWWWLWL,14,70.0,10,WWWWWWLWWW,9,90.0,0,66,0,3,0,0,,0,0,,0,,0,,,2026-08-16 17:57:26
official_market,OpenRouter-Qwen,llama-3.3-70b-versatile,mt1_ext,<77,57,0,57,41,16,71.93,20,WWWWWWLWWLLWWWWWLLWW,15,75.0,10,WWWWWWLWWL,8,80.0,0,57,0,2,0,0,,0,0,,0,,0,,,2026-08-16 17:57:26
official_market,OpenRouter-Qwen,llama-3.3-70b-versatile,mt2,77-84,2,0,2,2,0,100.0,2,WW,2,100.0,2,WW,2,100.0,0,2,0,0,0,0,,0,0,,0,,0,,,2026-08-16 11:06:56
official_market,OpenRouter-Qwen,llama-3.3-70b-versatile,mt2,<77,38,0,38,26,12,68.42,20,WLWWWLWLWWLWWLWWWWLW,14,70.0,10,WLWWWLWLWW,7,70.0,0,38,0,2,0,0,,0,0,,0,,0,,,2026-08-16 17:55:35
official_market,OpenRouter-Qwen,llama-3.3-70b-versatile,mt2_dom,<77,17,0,17,13,4,76.47,17,WLWLWWWWWWWWLLWWW,13,76.47,10,WLWLWWWWWW,8,80.0,0,17,0,0,0,0,,0,0,,0,,0,,,2026-08-16 11:36:48
official_market,OpenRouter-Qwen,llama-3.3-70b-versatile,mt2_ext,<77,3,0,3,1,2,33.33,3,WLL,1,33.33,3,WLL,1,33.33,0,3,0,0,0,0,,0,0,,0,,0,,,2026-08-14 18:53:28
official_market,OpenRouter-Qwen,llama-3.3-70b-versatile,ou05,77-84,15,0,15,14,1,93.33,15,WWWWWWWWWWWWLWW,14,93.33,10,WWWWWWWWWW,10,100.0,8,0,0,1,6,5,83.33,6,6,83.33,6,83.33,0,,,2026-08-15 23:42:45
official_market,OpenRouter-Qwen,llama-3.3-70b-versatile,ou05,85-89,11,0,11,11,0,100.0,11,WWWWWWWWWWW,11,100.0,10,WWWWWWWWWW,10,100.0,5,0,0,0,6,6,100.0,6,6,100.0,6,100.0,0,,,2026-08-16 11:36:54
official_market,OpenRouter-Qwen,llama-3.3-70b-versatile,ou05,90+,32,0,32,31,1,96.88,20,WWWWWWWWWWWWWWWWWWWW,20,100.0,10,WWWWWWWWWW,10,100.0,32,0,0,2,0,0,,0,0,,0,,0,,,2026-08-16 17:57:26
official_market,OpenRouter-Qwen,llama-3.3-70b-versatile,ou05,<77,12,0,12,7,5,58.33,12,WWLWLWLWLWWL,7,58.33,10,WWLWLWLWLW,6,60.0,0,0,0,0,12,7,58.33,12,12,58.33,10,60.0,0,,,2026-08-16 17:55:31
official_market,OpenRouter-Qwen,llama-3.3-70b-versatile,ou15,77-84,21,0,21,16,5,76.19,20,WWLLWLLWWWWWWWWWLWWW,15,75.0,10,WWLLWLLWWW,6,60.0,9,0,0,2,10,8,80.0,10,10,80.0,10,80.0,0,,,2026-08-16 17:57:26
official_market,OpenRouter-Qwen,llama-3.3-70b-versatile,ou15,85-89,6,0,6,5,1,83.33,6,WWWWLW,5,83.33,6,WWWWLW,5,83.33,6,0,0,0,0,0,,0,0,,0,,0,,,2026-08-15 17:24:44
official_market,OpenRouter-Qwen,llama-3.3-70b-versatile,ou15,90+,5,0,5,5,0,100.0,5,WWWWW,5,100.0,5,WWWWW,5,100.0,5,0,0,0,0,0,,0,0,,0,,0,,,2026-08-16 17:46:29
official_market,OpenRouter-Qwen,llama-3.3-70b-versatile,ou15,<77,38,0,38,20,18,52.63,20,WLLWWLWWWWWWWLLLLWWL,12,60.0,10,WLLWWLWWWW,7,70.0,2,0,1,1,34,17,50.0,34,20,55.0,10,70.0,0,,,2026-08-16 17:55:31
official_market,OpenRouter-Qwen,llama-3.3-70b-versatile,ou25,77-84,28,0,28,17,11,60.71,20,LWLWLWWWWWWWLLLWWWWL,13,65.0,10,LWLWLWWWWW,7,70.0,2,0,1,2,23,15,65.22,23,20,70.0,10,80.0,0,,,2026-08-16 17:55:33
official_market,OpenRouter-Qwen,llama-3.3-70b-versatile,ou25,85-89,12,0,12,10,2,83.33,12,WWWWLWWLWWWW,10,83.33,10,WWWWLWWLWW,8,80.0,5,0,0,0,7,5,71.43,7,7,71.43,7,71.43,0,,,2026-08-16 17:57:26
official_market,OpenRouter-Qwen,llama-3.3-70b-versatile,ou25,90+,1,0,1,1,0,100.0,1,W,1,100.0,1,W,1,100.0,1,0,0,0,0,0,,0,0,,0,,0,,,2026-08-16 03:37:03
official_market,OpenRouter-Qwen,llama-3.3-70b-versatile,ou25,<77,29,0,29,21,8,72.41,20,WLLLLWWWWWLWLWWWWWWL,13,65.0,10,WLLLLWWWWW,6,60.0,0,0,0,1,28,20,71.43,28,20,65.0,10,60.0,0,,,2026-08-16 11:36:54
official_market,OpenRouter-Qwen,llama-3.3-70b-versatile,resultat,77-84,11,0,11,7,4,63.64,11,LLWLWLWWWWW,7,63.64,10,LLWLWLWWWW,6,60.0,0,11,0,1,0,0,,0,0,,0,,0,,,2026-08-16 17:55:35
official_market,OpenRouter-Qwen,llama-3.3-70b-versatile,resultat,85-89,8,0,8,7,1,87.5,8,WWWWWWLW,7,87.5,8,WWWWWWLW,7,87.5,0,8,0,0,0,0,,0,0,,0,,0,,,2026-08-16 03:37:03
official_market,OpenRouter-Qwen,llama-3.3-70b-versatile,resultat,<77,51,0,51,26,25,50.98,20,WLLLLLWLWWWWLWLLLLWL,8,40.0,10,WLLLLLWLWW,4,40.0,0,51,0,2,0,0,,0,0,,0,,0,,,2026-08-16 17:57:26
official_market,OpenRouter-Qwen,model_id_not_proven,btts,77-84,241,0,205,150,55,73.17,20,LLWWWWWWWWWWWWWWWWWW,18,90.0,10,LLWWWWWWWW,8,80.0,41,2,0,19,154,109,70.78,115,20,75.0,10,70.0,2,1.66,83.0,2026-08-20 18:42:31
official_market,OpenRouter-Qwen,model_id_not_proven,btts,85-89,119,0,56,34,22,60.71,20,LLWLLLLWLLLLLLWLLLLW,4,20.0,10,LLWLLLLWLL,2,20.0,22,5,1,8,28,10,35.71,19,19,47.37,10,30.0,0,,,2026-08-20 01:05:32
official_market,OpenRouter-Qwen,model_id_not_proven,btts,90+,202,0,73,63,10,86.3,20,WWWWWWWWWLWWWLWWWLWW,17,85.0,10,WWWWWWWWWL,9,90.0,57,14,0,28,0,0,,0,0,,0,,0,,,2026-08-03 16:57:46
official_market,OpenRouter-Qwen,model_id_not_proven,btts,<77,2467,0,1985,1265,720,63.73,20,LWWWLWWWWWWLLLLLWWWW,13,65.0,10,LWWWLWWWWW,8,80.0,384,35,7,222,1474,867,58.82,476,20,45.0,10,60.0,0,,,2026-09-04 18:36:28
official_market,OpenRouter-Qwen,model_id_not_proven,mt1,77-84,180,0,101,89,12,88.12,20,WWWWLWWWWWWWWWWWWWWW,19,95.0,10,WWWWLWWWWW,9,90.0,0,101,0,19,0,0,,0,0,,0,,0,,,2026-08-18 14:41:07
official_market,OpenRouter-Qwen,model_id_not_proven,mt1,85-89,135,0,75,73,2,97.33,20,WWWWWWWWLWWWWWWWWWWW,19,95.0,10,WWWWWWWWLW,9,90.0,0,75,0,13,0,0,,0,0,,0,,0,,,2026-09-04 18:35:32
official_market,OpenRouter-Qwen,model_id_not_proven,mt1,90+,514,0,279,255,24,91.4,20,WWWWWWWWWWWWWWWWWWWL,19,95.0,10,WWWWWWWWWW,10,100.0,0,279,0,53,0,0,,0,0,,0,,0,,,2026-09-02 10:43:13
official_market,OpenRouter-Qwen,model_id_not_proven,mt1,<77,2200,0,1864,1326,538,71.14,20,LWWWLLWWWLWWWWLLWWWW,14,70.0,10,LWWWLLWWWL,6,60.0,0,1864,0,192,0,0,,0,0,,0,,0,,,2026-09-04 18:36:28
official_market,OpenRouter-Qwen,model_id_not_proven,mt1_dom,77-84,4,0,4,4,0,100.0,4,WWWW,4,100.0,4,WWWW,4,100.0,0,4,0,1,0,0,,0,0,,0,,0,,,2026-09-02 23:01:08
official_market,OpenRouter-Qwen,model_id_not_proven,mt1_dom,85-89,9,0,9,9,0,100.0,9,WWWWWWWWW,9,100.0,9,WWWWWWWWW,9,100.0,0,9,0,0,0,0,,0,0,,0,,0,,,2026-09-02 10:43:13
official_market,OpenRouter-Qwen,model_id_not_proven,mt1_dom,<77,793,0,793,401,392,50.57,20,LWWWWLLWWWLLLWWLLWWW,12,60.0,10,LWWWWLLWWW,7,70.0,0,793,0,37,0,0,,0,0,,0,,0,,,2026-09-04 18:36:28
official_market,OpenRouter-Qwen,model_id_not_proven,mt1_ext,77-84,7,0,7,6,1,85.71,7,WWWWLWW,6,85.71,7,WWWWLWW,6,85.71,0,7,0,1,0,0,,0,0,,0,,0,,,2026-08-16 01:48:54
official_market,OpenRouter-Qwen,model_id_not_proven,mt1_ext,85-89,4,0,4,4,0,100.0,4,WWWW,4,100.0,4,WWWW,4,100.0,0,4,0,0,0,0,,0,0,,0,,0,,,2026-08-20 15:36:54
official_market,OpenRouter-Qwen,model_id_not_proven,mt1_ext,<77,792,0,792,484,308,61.11,20,WWWWWWWWWWWWWWLLWLWL,16,80.0,10,WWWWWWWWWW,10,100.0,0,792,0,37,0,0,,0,0,,0,,0,,,2026-09-04 18:36:28
official_market,OpenRouter-Qwen,model_id_not_proven,mt2,77-84,11,0,11,8,3,72.73,11,WWWWLWLWWLW,8,72.73,10,WWWWLWLWWL,7,70.0,0,11,0,0,0,0,,0,0,,0,,0,,,2026-09-02 10:42:55
official_market,OpenRouter-Qwen,model_id_not_proven,mt2,<77,777,0,777,604,173,77.73,20,WWWLWWLWWWWWWWWLWLWL,15,75.0,10,WWWLWWLWWW,8,80.0,0,777,0,37,0,0,,0,0,,0,,0,,,2026-09-04 18:35:32
official_market,OpenRouter-Qwen,model_id_not_proven,mt2_dom,77-84,3,0,3,2,1,66.67,3,LWW,2,66.67,3,LWW,2,66.67,0,3,0,0,0,0,,0,0,,0,,0,,,2026-08-18 20:41:42
official_market,OpenRouter-Qwen,model_id_not_proven,mt2_dom,<77,761,0,761,343,418,45.07,20,WWWLWWLWLWWLWLLLWWWW,13,65.0,10,WWWLWWLWLW,7,70.0,0,761,0,35,0,0,,0,0,,0,,0,,,2026-09-04 18:35:32
official_market,OpenRouter-Qwen,model_id_not_proven,mt2_ext,77-84,7,0,7,6,1,85.71,7,WWWLWWW,6,85.71,7,WWWLWWW,6,85.71,0,7,0,0,0,0,,0,0,,0,,0,,,2026-08-19 20:47:32
official_market,OpenRouter-Qwen,model_id_not_proven,mt2_ext,85-89,1,0,1,0,1,0.0,1,L,0,0.0,1,L,0,0.0,0,1,0,0,0,0,,0,0,,0,,0,,,2026-08-09 02:15:08
official_market,OpenRouter-Qwen,model_id_not_proven,mt2_ext,<77,740,0,740,364,376,49.19,20,WWWLWWWWLWWWWWWWWLWL,16,80.0,10,WWWLWWWWLW,8,80.0,0,740,0,35,0,0,,0,0,,0,,0,,,2026-09-04 18:35:32
official_market,OpenRouter-Qwen,model_id_not_proven,ou05,77-84,520,0,520,484,36,93.08,20,WWWWLWWWLWLLWWWWWWWW,16,80.0,10,WWWWLWWWLW,8,80.0,241,3,1,24,265,233,87.92,141,20,90.0,10,80.0,0,,,2026-08-20 18:06:34
official_market,OpenRouter-Qwen,model_id_not_proven,ou05,85-89,154,0,154,154,0,100.0,20,WWWWWWWWWWWWWWWWWWWW,20,100.0,10,WWWWWWWWWW,10,100.0,117,1,0,7,36,36,100.0,29,20,100.0,10,100.0,0,,,2026-09-04 17:17:13
official_market,OpenRouter-Qwen,model_id_not_proven,ou05,90+,113,0,113,112,1,99.12,20,WWWWWWWWWWWWWWWWWWWW,20,100.0,10,WWWWWWWWWW,10,100.0,110,0,0,7,3,3,100.0,3,3,100.0,3,100.0,0,,,2026-09-04 18:35:32
official_market,OpenRouter-Qwen,model_id_not_proven,ou05,<77,18,0,18,17,1,94.44,18,WWWWWWWWWWWWWLWWWW,17,94.44,10,WWWWWWWWWW,10,100.0,0,0,0,0,18,17,94.44,17,17,94.12,10,100.0,0,,,2026-09-04 18:36:28
official_market,OpenRouter-Qwen,model_id_not_proven,ou15,77-84,151,0,151,101,50,66.89,20,WWWWWWWLLLWWWLWWLLWL,13,65.0,10,WWWWWWWLLL,7,70.0,57,1,0,8,90,45,50.0,73,20,50.0,10,60.0,0,,,2026-09-02 19:36:52
official_market,OpenRouter-Qwen,model_id_not_proven,ou15,85-89,48,0,48,46,2,95.83,20,WWWWWWWWWWLWWWWWWWWW,19,95.0,10,WWWWWWWWWW,10,100.0,47,0,0,4,1,1,100.0,1,1,100.0,1,100.0,0,,,2026-09-02 23:01:08
official_market,OpenRouter-Qwen,model_id_not_proven,ou15,90+,3,0,3,3,0,100.0,3,WWW,3,100.0,3,WWW,3,100.0,3,0,0,0,0,0,,0,0,,0,,0,,,2026-09-04 18:35:32
official_market,OpenRouter-Qwen,model_id_not_proven,ou15,<77,604,0,604,344,260,56.95,20,LWWWWWLWLLLLWWWLWWLL,11,55.0,10,LWWWWWLWLL,6,60.0,81,3,2,26,497,249,50.1,205,20,45.0,10,60.0,0,,,2026-09-04 18:36:28
official_market,OpenRouter-Qwen,model_id_not_proven,ou25,77-84,894,0,835,579,256,69.34,20,LWWWWLLWWWWLLWWWWLLW,13,65.0,10,LWWWWLLWWW,7,70.0,36,14,7,59,743,504,67.83,337,20,65.0,10,60.0,11,2.78,25.27,2026-09-02 23:01:08
official_market,OpenRouter-Qwen,model_id_not_proven,ou25,85-89,345,0,184,153,31,83.15,20,LWWWWWWWWWLWWWWWWWLL,16,80.0,10,LWWWWWWWWW,9,90.0,89,11,1,33,79,64,81.01,69,20,80.0,10,70.0,7,0.96,13.71,2026-08-20 16:19:20
official_market,OpenRouter-Qwen,model_id_not_proven,ou25,90+,219,0,57,45,12,78.95,20,WWWWWWWWWLLLWWWWLWWL,15,75.0,10,WWWWWWWWWL,9,90.0,44,12,0,25,0,0,,0,0,,0,,0,,,2026-08-17 18:37:24
official_market,OpenRouter-Qwen,model_id_not_proven,ou25,<77,1570,0,1242,741,501,59.66,20,WWWWLWWLLWLLWLWWLLLW,11,55.0,10,WWWWLWWLLW,7,70.0,152,19,2,160,1002,591,58.98,361,20,55.0,10,70.0,8,-1.3,-16.25,2026-09-04 18:36:28
official_market,OpenRouter-Qwen,model_id_not_proven,resultat,77-84,506,0,329,232,97,70.52,20,WWWLWLWLWWWLLLLLLWWL,10,50.0,10,WWWLWLWLWW,7,70.0,0,329,0,56,0,0,,0,0,,0,,0,,,2026-09-04 17:17:13
official_market,OpenRouter-Qwen,model_id_not_proven,resultat,85-89,227,0,159,130,29,81.76,20,WWWWWWWLLWWLWWWWWWLL,15,75.0,10,WWWWWWWLLW,8,80.0,0,159,0,15,0,0,,0,0,,0,,0,,,2026-09-02 23:01:08
official_market,OpenRouter-Qwen,model_id_not_proven,resultat,90+,17,0,7,7,0,100.0,7,WWWWWWW,7,100.0,7,WWWWWWW,7,100.0,0,7,0,0,0,0,,0,0,,0,,0,,,2026-08-01 13:54:24
official_market,OpenRouter-Qwen,model_id_not_proven,resultat,<77,2279,0,1824,915,909,50.16,20,WLLLWLWLWLLWLLLLLLLW,6,30.0,10,WLLLWLWLWL,4,40.0,0,1824,0,206,0,0,,0,0,,0,,0,,,2026-09-04 18:36:28
official_market,OpenRouter-Qwen,moonshotai/kimi-k2-0905,btts,77-84,11,0,11,10,1,90.91,11,WLWWWWWWWWW,10,90.91,10,WLWWWWWWWW,9,90.0,9,0,0,0,2,1,50.0,2,2,50.0,2,50.0,0,,,2026-09-11 03:55:15
official_market,OpenRouter-Qwen,moonshotai/kimi-k2-0905,btts,85-89,1,0,1,1,0,100.0,1,W,1,100.0,1,W,1,100.0,1,0,0,0,0,0,,0,0,,0,,0,,,2026-09-10 20:01:14
official_market,OpenRouter-Qwen,moonshotai/kimi-k2-0905,btts,90+,3,0,3,3,0,100.0,3,WWW,3,100.0,3,WWW,3,100.0,3,0,0,0,0,0,,0,0,,0,,0,,,2026-09-06 11:52:13
official_market,OpenRouter-Qwen,moonshotai/kimi-k2-0905,btts,<77,120,0,113,68,45,60.18,20,WWLWWLWWLLWWWWLWLWLW,13,65.0,10,WWLWWLWWLL,6,60.0,10,0,0,1,102,58,56.86,66,20,60.0,10,60.0,0,,,2026-09-11 18:16:52
official_market,OpenRouter-Qwen,moonshotai/kimi-k2-0905,mt1,77-84,4,0,4,4,0,100.0,4,WWWW,4,100.0,4,WWWW,4,100.0,0,4,0,0,0,0,,0,0,,0,,0,,,2026-09-11 12:21:23
official_market,OpenRouter-Qwen,moonshotai/kimi-k2-0905,mt1,85-89,30,0,29,29,0,100.0,20,WWWWWWWWWWWWWWWWWWWW,20,100.0,10,WWWWWWWWWW,10,100.0,0,29,0,0,0,0,,0,0,,0,,0,,,2026-09-11 17:35:00
official_market,OpenRouter-Qwen,moonshotai/kimi-k2-0905,mt1,90+,33,0,28,28,0,100.0,20,WWWWWWWWWWWWWWWWWWWW,20,100.0,10,WWWWWWWWWW,10,100.0,0,28,0,0,0,0,,0,0,,0,,0,,,2026-09-11 03:55:15
official_market,OpenRouter-Qwen,moonshotai/kimi-k2-0905,mt1,<77,62,0,61,38,23,62.3,20,WWWWWLWLWWWWWWLWLLWL,14,70.0,10,WWWWWLWLWW,8,80.0,0,61,0,1,0,0,,0,0,,0,,0,,,2026-09-11 18:16:52
official_market,OpenRouter-Qwen,moonshotai/kimi-k2-0905,mt1_dom,77-84,9,0,8,8,0,100.0,8,WWWWWWWW,8,100.0,8,WWWWWWWW,8,100.0,0,8,0,0,0,0,,0,0,,0,,0,,,2026-09-11 17:17:10
official_market,OpenRouter-Qwen,moonshotai/kimi-k2-0905,mt1_dom,85-89,13,0,11,11,0,100.0,11,WWWWWWWWWWW,11,100.0,10,WWWWWWWWWW,10,100.0,0,11,0,0,0,0,,0,0,,0,,0,,,2026-09-10 20:01:14
official_market,OpenRouter-Qwen,moonshotai/kimi-k2-0905,mt1_dom,90+,8,0,8,8,0,100.0,8,WWWWWWWW,8,100.0,8,WWWWWWWW,8,100.0,0,8,0,0,0,0,,0,0,,0,,0,,,2026-09-11 17:04:52
official_market,OpenRouter-Qwen,moonshotai/kimi-k2-0905,mt1_dom,<77,90,0,86,67,19,77.91,20,WWWWWWWLLWWWLWWWWWLW,16,80.0,10,WWWWWWWLLW,8,80.0,0,86,0,1,0,0,,0,0,,0,,0,,,2026-09-11 18:16:52
official_market,OpenRouter-Qwen,moonshotai/kimi-k2-0905,mt1_ext,77-84,10,0,10,10,0,100.0,10,WWWWWWWWWW,10,100.0,10,WWWWWWWWWW,10,100.0,0,10,0,0,0,0,,0,0,,0,,0,,,2026-09-10 23:19:11
official_market,OpenRouter-Qwen,moonshotai/kimi-k2-0905,mt1_ext,85-89,15,0,11,11,0,100.0,11,WWWWWWWWWWW,11,100.0,10,WWWWWWWWWW,10,100.0,0,11,0,0,0,0,,0,0,,0,,0,,,2026-09-09 14:50:15
official_market,OpenRouter-Qwen,moonshotai/kimi-k2-0905,mt1_ext,90+,1,0,1,1,0,100.0,1,W,1,100.0,1,W,1,100.0,0,1,0,0,0,0,,0,0,,0,,0,,,2026-09-05 19:49:37
official_market,OpenRouter-Qwen,moonshotai/kimi-k2-0905,mt1_ext,<77,82,0,80,63,17,78.75,20,WWWWWWWWWWWWLLWWWLLW,16,80.0,10,WWWWWWWWWW,10,100.0,0,80,0,1,0,0,,0,0,,0,,0,,,2026-09-11 18:16:52
official_market,OpenRouter-Qwen,moonshotai/kimi-k2-0905,mt2,77-84,4,0,4,4,0,100.0,4,WWWW,4,100.0,4,WWWW,4,100.0,0,4,0,0,0,0,,0,0,,0,,0,,,2026-09-11 17:35:00
official_market,OpenRouter-Qwen,moonshotai/kimi-k2-0905,mt2,<77,93,0,88,67,21,76.14,20,LWWWWWWWWWWLLLWWWWWW,16,80.0,10,LWWWWWWWWW,9,90.0,0,88,0,1,0,0,,0,0,,0,,0,,,2026-09-11 18:16:52
official_market,OpenRouter-Qwen,moonshotai/kimi-k2-0905,mt2_dom,77-84,1,0,1,1,0,100.0,1,W,1,100.0,1,W,1,100.0,0,1,0,0,0,0,,0,0,,0,,0,,,2026-09-09 14:20:14
official_market,OpenRouter-Qwen,moonshotai/kimi-k2-0905,mt2_dom,<77,77,0,72,39,33,54.17,20,LWLWWWLWWWWLLLWWWWWW,14,70.0,10,LWLWWWLWWW,7,70.0,0,72,0,1,0,0,,0,0,,0,,0,,,2026-09-11 18:16:52
official_market,OpenRouter-Qwen,moonshotai/kimi-k2-0905,mt2_ext,<77,71,0,66,31,35,46.97,20,WLWLLLWWWLLWLWLLLWWW,10,50.0,10,WLWLLLWWWL,5,50.0,0,66,0,1,0,0,,0,0,,0,,0,,,2026-09-11 18:16:52
official_market,OpenRouter-Qwen,moonshotai/kimi-k2-0905,ou05,77-84,4,0,4,4,0,100.0,4,WWWW,4,100.0,4,WWWW,4,100.0,0,0,0,0,4,4,100.0,4,4,100.0,4,100.0,0,,,2026-09-09 14:32:16
official_market,OpenRouter-Qwen,moonshotai/kimi-k2-0905,ou05,85-89,13,0,13,13,0,100.0,13,WWWWWWWWWWWWW,13,100.0,10,WWWWWWWWWW,10,100.0,3,0,0,0,10,10,100.0,10,10,100.0,10,100.0,0,,,2026-09-11 10:25:26
official_market,OpenRouter-Qwen,moonshotai/kimi-k2-0905,ou05,90+,77,0,72,72,0,100.0,20,WWWWWWWWWWWWWWWWWWWW,20,100.0,10,WWWWWWWWWW,10,100.0,72,0,0,0,0,0,,0,0,,0,,0,,,2026-09-11 17:35:00
official_market,OpenRouter-Qwen,moonshotai/kimi-k2-0905,ou05,<77,42,0,40,34,6,85.0,20,LWWWWWWWWLWWWWWLLWWW,16,80.0,10,LWWWWWWWWL,8,80.0,0,0,0,1,39,33,84.62,30,20,85.0,10,80.0,0,,,2026-09-11 18:16:52
official_market,OpenRouter-Qwen,moonshotai/kimi-k2-0905,ou15,77-84,25,0,25,22,3,88.0,20,WWWWLLWWWWWWWWWWWWWW,18,90.0,10,WWWWLLWWWW,8,80.0,0,0,0,0,25,22,88.0,22,20,85.0,10,80.0,0,,,2026-09-11 17:16:51
official_market,OpenRouter-Qwen,moonshotai/kimi-k2-0905,ou15,85-89,16,0,16,14,2,87.5,16,WWWLLWWWWWWWWWWW,14,87.5,10,WWWLLWWWWW,8,80.0,6,0,0,0,10,8,80.0,8,8,87.5,8,87.5,0,,,2026-09-11 16:53:00
official_market,OpenRouter-Qwen,moonshotai/kimi-k2-0905,ou15,90+,29,0,25,25,0,100.0,20,WWWWWWWWWWWWWWWWWWWW,20,100.0,10,WWWWWWWWWW,10,100.0,25,0,0,0,0,0,,0,0,,0,,0,,,2026-09-11 17:35:00
official_market,OpenRouter-Qwen,moonshotai/kimi-k2-0905,ou15,<77,65,0,62,30,32,48.39,20,WWLWLLWLWWLWLWWLLLLW,10,50.0,10,WWLWLLWLWW,6,60.0,0,0,0,1,61,30,49.18,43,20,55.0,10,50.0,0,,,2026-09-11 18:16:52
official_market,OpenRouter-Qwen,moonshotai/kimi-k2-0905,ou25,77-84,29,0,26,19,7,73.08,20,WWLWWWWWLWWWWWWLLWLL,14,70.0,10,WWLWWWWWLW,8,80.0,6,0,0,0,20,13,65.0,18,18,66.67,10,80.0,2,1.43,71.5,2026-09-11 17:35:00
official_market,OpenRouter-Qwen,moonshotai/kimi-k2-0905,ou25,85-89,4,0,4,4,0,100.0,4,WWWW,4,100.0,4,WWWW,4,100.0,4,0,0,0,0,0,,0,0,,0,,0,,,2026-09-06 11:52:13
official_market,OpenRouter-Qwen,moonshotai/kimi-k2-0905,ou25,<77,103,0,99,58,41,58.59,20,WWWWWLLWWWWWWLLWLLLW,13,65.0,10,WWWWWLLWWW,8,80.0,0,0,0,1,98,58,59.18,63,20,60.0,10,80.0,4,-0.25,-6.25,2026-09-11 18:16:52
official_market,OpenRouter-Qwen,moonshotai/kimi-k2-0905,resultat,77-84,12,0,9,8,1,88.89,9,WWWWWLWWW,8,88.89,9,WWWWWLWWW,8,88.89,0,9,0,0,0,0,,0,0,,0,,0,,,2026-09-10 01:02:15
official_market,OpenRouter-Qwen,moonshotai/kimi-k2-0905,resultat,85-89,4,0,4,4,0,100.0,4,WWWW,4,100.0,4,WWWW,4,100.0,0,4,0,0,0,0,,0,0,,0,,0,,,2026-09-11 17:35:00
official_market,OpenRouter-Qwen,moonshotai/kimi-k2-0905,resultat,90+,2,0,2,2,0,100.0,2,WW,2,100.0,2,WW,2,100.0,0,2,0,0,0,0,,0,0,,0,,0,,,2026-09-05 20:33:19
official_market,OpenRouter-Qwen,moonshotai/kimi-k2-0905,resultat,<77,115,0,111,59,52,53.15,20,WLLWWWLWWWWWLWWLWWWW,15,75.0,10,WLLWWWLWWW,7,70.0,0,111,0,1,0,0,,0,0,,0,,0,,,2026-09-11 18:16:52
official_market,OpenRouter-Qwen,qwen/qwen-plus-2025-07-28,btts,77-84,6,0,6,2,4,33.33,6,LWWLLL,2,33.33,6,LWWLLL,2,33.33,1,0,0,0,5,1,20.0,4,4,25.0,4,25.0,0,,,2026-08-19 19:11:15
official_market,OpenRouter-Qwen,qwen/qwen-plus-2025-07-28,btts,85-89,4,0,4,3,1,75.0,4,WWWL,3,75.0,4,WWWL,3,75.0,0,0,0,0,4,3,75.0,4,4,75.0,4,75.0,0,,,2026-08-11 00:14:46
official_market,OpenRouter-Qwen,qwen/qwen-plus-2025-07-28,btts,<77,76,0,73,44,29,60.27,20,WLWLWWLLWWWWWWLLLLLW,11,55.0,10,WLWLWWLLWW,6,60.0,15,0,4,1,54,29,53.7,41,20,35.0,10,40.0,0,,,2026-08-20 02:53:06
official_market,OpenRouter-Qwen,qwen/qwen-plus-2025-07-28,mt1,<77,86,0,83,54,29,65.06,20,WLWWWWWWWLWWWWLWWWWL,16,80.0,10,WLWWWWWWWL,8,80.0,0,83,0,1,0,0,,0,0,,0,,0,,,2026-08-20 02:53:06
official_market,OpenRouter-Qwen,qwen/qwen-plus-2025-07-28,mt1_dom,<77,86,0,83,44,39,53.01,20,WLWWWWWLWLWWWWLWWWLL,14,70.0,10,WLWWWWWLWL,7,70.0,0,83,0,1,0,0,,0,0,,0,,0,,,2026-08-20 02:53:06
official_market,OpenRouter-Qwen,qwen/qwen-plus-2025-07-28,mt1_ext,77-84,1,0,1,1,0,100.0,1,W,1,100.0,1,W,1,100.0,0,1,0,0,0,0,,0,0,,0,,0,,,2026-08-07 19:23:06
official_market,OpenRouter-Qwen,qwen/qwen-plus-2025-07-28,mt1_ext,<77,85,0,82,49,33,59.76,20,LLLWLLWLLWLLWWWWWWLW,10,50.0,10,LLLWLLWLLW,3,30.0,0,82,0,1,0,0,,0,0,,0,,0,,,2026-08-20 02:53:06
official_market,OpenRouter-Qwen,qwen/qwen-plus-2025-07-28,mt2,77-84,1,0,1,1,0,100.0,1,W,1,100.0,1,W,1,100.0,0,1,0,0,0,0,,0,0,,0,,0,,,2026-08-19 01:41:30
official_market,OpenRouter-Qwen,qwen/qwen-plus-2025-07-28,mt2,<77,82,0,79,59,20,74.68,20,LWLLWWWWWLWLWWWWWWWW,15,75.0,10,LWLLWWWWWL,6,60.0,0,79,0,1,0,0,,0,0,,0,,0,,,2026-08-20 00:11:15
official_market,OpenRouter-Qwen,qwen/qwen-plus-2025-07-28,mt2_dom,<77,82,0,79,35,44,44.3,20,LLLWWWWLLLLLLLLWLLLL,5,25.0,10,LLLWWWWLLL,4,40.0,0,79,0,1,0,0,,0,0,,0,,0,,,2026-08-20 00:06:00
official_market,OpenRouter-Qwen,qwen/qwen-plus-2025-07-28,mt2_ext,77-84,1,0,1,0,1,0.0,1,L,0,0.0,1,L,0,0.0,0,1,0,0,0,0,,0,0,,0,,0,,,2026-08-07 19:23:06
official_market,OpenRouter-Qwen,qwen/qwen-plus-2025-07-28,mt2_ext,85-89,1,0,1,1,0,100.0,1,W,1,100.0,1,W,1,100.0,0,1,0,0,0,0,,0,0,,0,,0,,,2026-08-11 00:14:46
official_market,OpenRouter-Qwen,qwen/qwen-plus-2025-07-28,mt2_ext,<77,77,0,74,36,38,48.65,20,LLWWWWWLWLLLWLLLLWWL,9,45.0,10,LLWWWWWLWL,6,60.0,0,74,0,1,0,0,,0,0,,0,,0,,,2026-08-19 20:23:05
official_market,OpenRouter-Qwen,qwen/qwen-plus-2025-07-28,ou05,77-84,59,0,56,52,4,92.86,20,WWWWWWWWLWWWWWWWWWWL,18,90.0,10,WWWWWWWWLW,9,90.0,29,0,3,0,24,21,87.5,19,19,89.47,10,80.0,0,,,2026-08-20 02:53:06
official_market,OpenRouter-Qwen,qwen/qwen-plus-2025-07-28,ou05,85-89,13,0,13,12,1,92.31,13,WWWWWWWLWWWWW,12,92.31,10,WWWWWWWLWW,9,90.0,12,0,1,0,1,1,100.0,1,1,100.0,1,100.0,0,,,2026-08-19 20:23:05
official_market,OpenRouter-Qwen,qwen/qwen-plus-2025-07-28,ou05,90+,13,0,13,13,0,100.0,13,WWWWWWWWWWWWW,13,100.0,10,WWWWWWWWWW,10,100.0,12,0,0,1,1,1,100.0,1,1,100.0,1,100.0,0,,,2026-08-20 00:06:00
official_market,OpenRouter-Qwen,qwen/qwen-plus-2025-07-28,ou05,<77,2,0,2,2,0,100.0,2,WW,2,100.0,2,WW,2,100.0,0,0,0,0,2,2,100.0,2,2,100.0,2,100.0,0,,,2026-08-08 10:07:12
official_market,OpenRouter-Qwen,qwen/qwen-plus-2025-07-28,ou15,77-84,20,0,20,13,7,65.0,20,LWWWWWWWWLLWWLLWLLWW,13,65.0,10,LWWWWWWWWL,8,80.0,9,0,2,1,9,4,44.44,9,9,44.44,9,44.44,0,,,2026-08-20 02:47:05
official_market,OpenRouter-Qwen,qwen/qwen-plus-2025-07-28,ou15,85-89,4,0,4,4,0,100.0,4,WWWW,4,100.0,4,WWWW,4,100.0,4,0,0,0,0,0,,0,0,,0,,0,,,2026-08-20 00:06:00
official_market,OpenRouter-Qwen,qwen/qwen-plus-2025-07-28,ou15,<77,62,0,59,38,21,64.41,20,WWWLLWWWWWWLLWLWWWLW,14,70.0,10,WWWLLWWWWW,8,80.0,12,0,2,0,45,24,53.33,34,20,55.0,10,50.0,0,,,2026-08-20 02:53:06
official_market,OpenRouter-Qwen,qwen/qwen-plus-2025-07-28,ou25,77-84,61,0,58,30,28,51.72,20,LLLWLLWLLWWLLWWWWLWL,9,45.0,10,LLLWLLWLLW,3,30.0,0,0,4,1,53,27,50.94,39,20,55.0,10,50.0,1,0.56,56.0,2026-08-20 02:53:06
official_market,OpenRouter-Qwen,qwen/qwen-plus-2025-07-28,ou25,85-89,9,0,9,7,2,77.78,9,WWWLWLWWW,7,77.78,9,WWWLWLWWW,7,77.78,6,0,0,0,3,2,66.67,3,3,66.67,3,66.67,0,,,2026-08-19 01:41:30
official_market,OpenRouter-Qwen,qwen/qwen-plus-2025-07-28,ou25,90+,1,0,1,1,0,100.0,1,W,1,100.0,1,W,1,100.0,1,0,0,0,0,0,,0,0,,0,,0,,,2026-08-10 19:56:49
official_market,OpenRouter-Qwen,qwen/qwen-plus-2025-07-28,ou25,<77,16,0,16,10,6,62.5,16,WLLWLWWWWLWWLWLW,10,62.5,10,WLLWLWWWWL,6,60.0,1,0,0,0,15,9,60.0,12,12,58.33,10,60.0,0,,,2026-08-19 19:11:06
official_market,OpenRouter-Qwen,qwen/qwen-plus-2025-07-28,resultat,77-84,11,0,11,10,1,90.91,11,WLWWWWWWWWW,10,90.91,10,WLWWWWWWWW,9,90.0,0,11,0,0,0,0,,0,0,,0,,0,,,2026-08-19 19:11:06
official_market,OpenRouter-Qwen,qwen/qwen-plus-2025-07-28,resultat,85-89,6,0,6,5,1,83.33,6,WWWWLW,5,83.33,6,WWWWLW,5,83.33,0,6,0,0,0,0,,0,0,,0,,0,,,2026-08-20 00:06:00
official_market,OpenRouter-Qwen,qwen/qwen-plus-2025-07-28,resultat,<77,69,0,66,29,37,43.94,20,WLLLLWLLWWLWLLLLWWLL,7,35.0,10,WLLLLWLLWW,4,40.0,0,66,0,1,0,0,,0,0,,0,,0,,,2026-08-20 02:53:06
official_market,Perplexity-Web,model_id_not_proven,btts,77-84,189,0,181,136,45,75.14,20,LWWLWWLLLWWWLWWWWWWW,14,70.0,10,LWWLWWLLLW,5,50.0,50,1,1,35,106,76,71.7,93,20,60.0,10,80.0,1,-1,-100.0,2026-08-20 00:47:57
official_market,Perplexity-Web,model_id_not_proven,btts,85-89,74,0,72,63,9,87.5,20,WLWWWWLWLWWWWWWWWWWL,16,80.0,10,WLWWWWLWLW,7,70.0,27,1,1,16,34,27,79.41,32,20,75.0,10,70.0,0,,,2026-08-30 17:12:43
official_market,Perplexity-Web,model_id_not_proven,btts,90+,79,0,70,62,8,88.57,20,WWWLWLWLWWWWLWWWWWWW,16,80.0,10,WWWLWLWLWW,7,70.0,53,1,0,11,14,11,78.57,14,14,78.57,10,80.0,0,,,2026-08-19 20:07:28
official_market,Perplexity-Web,model_id_not_proven,btts,<77,2043,0,1993,1275,718,63.97,20,LLLWWLWLWLLLLWWWLWLL,8,40.0,10,LLLWWLWLWL,4,40.0,345,9,6,360,1331,751,56.42,634,20,40.0,10,20.0,0,,,2026-09-02 10:38:09
official_market,Perplexity-Web,model_id_not_proven,mt1,77-84,219,0,212,192,20,90.57,20,WLWWWWWLWWWWLWLWLWWW,15,75.0,10,WLWWWWWLWW,8,80.0,0,212,0,38,0,0,,0,0,,0,,0,,,2026-09-02 10:25:22
official_market,Perplexity-Web,model_id_not_proven,mt1,85-89,91,0,90,79,11,87.78,20,WWWWWWLWWWWWWLLLWLWW,15,75.0,10,WWWWWWLWWW,9,90.0,0,90,0,9,0,0,,0,0,,0,,0,,,2026-08-14 11:12:04
official_market,Perplexity-Web,model_id_not_proven,mt1,90+,459,0,445,423,22,95.06,20,WWWWWWWWWWLWWWWWWWWW,19,95.0,10,WWWWWWWWWW,10,100.0,0,445,0,87,0,0,,0,0,,0,,0,,,2026-09-01 19:08:08
official_market,Perplexity-Web,model_id_not_proven,mt1,<77,1547,0,1500,1144,356,76.27,20,WWWWWWLWWWLLWWWWWWWW,17,85.0,10,WWWWWWLWWW,9,90.0,0,1500,0,280,0,0,,0,0,,0,,0,,,2026-08-30 17:06:46
official_market,Perplexity-Web,model_id_not_proven,mt1_dom,77-84,4,0,4,3,1,75.0,4,WWWL,3,75.0,4,WWWL,3,75.0,0,4,0,0,0,0,,0,0,,0,,0,,,2026-08-12 19:34:27
official_market,Perplexity-Web,model_id_not_proven,mt1_dom,85-89,1,0,1,1,0,100.0,1,W,1,100.0,1,W,1,100.0,0,1,0,0,0,0,,0,0,,0,,0,,,2026-08-10 18:55:40
official_market,Perplexity-Web,model_id_not_proven,mt1_dom,90+,13,0,13,12,1,92.31,13,WWLWWWWWWWWWW,12,92.31,10,WWLWWWWWWW,9,90.0,0,13,0,0,0,0,,0,0,,0,,0,,,2026-08-12 01:40:26
official_market,Perplexity-Web,model_id_not_proven,mt1_dom,<77,114,0,114,60,54,52.63,20,WLWWLWWWWWLWWWLLWLLL,12,60.0,10,WLWWLWWWWW,8,80.0,0,114,0,2,0,0,,0,0,,0,,0,,,2026-09-01 19:08:08
official_market,Perplexity-Web,model_id_not_proven,mt1_ext,77-84,10,0,10,10,0,100.0,10,WWWWWWWWWW,10,100.0,10,WWWWWWWWWW,10,100.0,0,10,0,0,0,0,,0,0,,0,,0,,,2026-08-13 17:10:52
official_market,Perplexity-Web,model_id_not_proven,mt1_ext,85-89,5,0,5,2,3,40.0,5,WLWLL,2,40.0,5,WLWLL,2,40.0,0,5,0,0,0,0,,0,0,,0,,0,,,2026-08-14 14:31:51
official_market,Perplexity-Web,model_id_not_proven,mt1_ext,90+,14,0,14,7,7,50.0,14,LLLLWWWLWLLWWW,7,50.0,10,LLLLWWWLWL,4,40.0,0,14,0,0,0,0,,0,0,,0,,0,,,2026-08-13 20:21:57
official_market,Perplexity-Web,model_id_not_proven,mt1_ext,<77,79,0,79,50,29,63.29,20,WWLWWWLWWWLWLLWLLWWW,13,65.0,10,WWLWWWLWWW,8,80.0,0,79,0,2,0,0,,0,0,,0,,0,,,2026-09-01 19:08:08
official_market,Perplexity-Web,model_id_not_proven,mt2,77-84,13,0,13,13,0,100.0,13,WWWWWWWWWWWWW,13,100.0,10,WWWWWWWWWW,10,100.0,0,13,0,0,0,0,,0,0,,0,,0,,,2026-09-01 19:08:08
official_market,Perplexity-Web,model_id_not_proven,mt2,85-89,4,0,4,3,1,75.0,4,LWWW,3,75.0,4,LWWW,3,75.0,0,4,0,0,0,0,,0,0,,0,,0,,,2026-08-12 00:04:24
official_market,Perplexity-Web,model_id_not_proven,mt2,90+,8,0,8,8,0,100.0,8,WWWWWWWW,8,100.0,8,WWWWWWWW,8,100.0,0,8,0,0,0,0,,0,0,,0,,0,,,2026-08-13 17:39:45
official_market,Perplexity-Web,model_id_not_proven,mt2,<77,78,0,78,61,17,78.21,20,WWLWLWLWWWWLLWWWWWLL,13,65.0,10,WWLWLWLWWW,7,70.0,0,78,0,2,0,0,,0,0,,0,,0,,,2026-08-30 17:06:46
official_market,Perplexity-Web,model_id_not_proven,mt2_dom,77-84,3,0,3,3,0,100.0,3,WWW,3,100.0,3,WWW,3,100.0,0,3,0,0,0,0,,0,0,,0,,0,,,2026-08-12 01:34:04
official_market,Perplexity-Web,model_id_not_proven,mt2_dom,85-89,1,0,1,1,0,100.0,1,W,1,100.0,1,W,1,100.0,0,1,0,0,0,0,,0,0,,0,,0,,,2026-08-09 02:15:48
official_market,Perplexity-Web,model_id_not_proven,mt2_dom,90+,1,0,1,1,0,100.0,1,W,1,100.0,1,W,1,100.0,0,1,0,0,0,0,,0,0,,0,,0,,,2026-08-12 01:40:26
official_market,Perplexity-Web,model_id_not_proven,mt2_dom,<77,98,0,98,47,51,47.96,20,LWLLLWLWWLWWLLWLLLWW,9,45.0,10,LWLLLWLWWL,4,40.0,0,98,0,2,0,0,,0,0,,0,,0,,,2026-09-01 19:08:08
official_market,Perplexity-Web,model_id_not_proven,mt2_ext,77-84,7,0,7,5,2,71.43,7,LWWWWLW,5,71.43,7,LWWWWLW,5,71.43,0,7,0,0,0,0,,0,0,,0,,0,,,2026-08-13 17:39:45
official_market,Perplexity-Web,model_id_not_proven,mt2_ext,85-89,5,0,5,3,2,60.0,5,LLWWW,3,60.0,5,LLWWW,3,60.0,0,5,0,0,0,0,,0,0,,0,,0,,,2026-08-13 20:21:57
official_market,Perplexity-Web,model_id_not_proven,mt2_ext,90+,2,0,2,2,0,100.0,2,WW,2,100.0,2,WW,2,100.0,0,2,0,0,0,0,,0,0,,0,,0,,,2026-08-11 17:27:44
official_market,Perplexity-Web,model_id_not_proven,mt2_ext,<77,86,0,86,47,39,54.65,20,WWLLLLWWWWLLLLLLWWWL,9,45.0,10,WWLLLLWWWW,6,60.0,0,86,0,2,0,0,,0,0,,0,,0,,,2026-09-01 19:08:08
official_market,Perplexity-Web,model_id_not_proven,ou05,77-84,40,0,40,35,5,87.5,20,WWWLWWWWWWWWWWWWWWWW,19,95.0,10,WWWLWWWWWW,9,90.0,1,0,1,2,36,32,88.89,33,20,90.0,10,90.0,0,,,2026-08-30 17:06:46
official_market,Perplexity-Web,model_id_not_proven,ou05,85-89,81,0,81,79,2,97.53,20,LWWWWWWWWWWWWWWWWWWW,19,95.0,10,LWWWWWWWWW,9,90.0,28,0,0,2,53,51,96.23,46,20,95.0,10,90.0,0,,,2026-09-01 19:07:48
official_market,Perplexity-Web,model_id_not_proven,ou05,90+,172,0,172,170,2,98.84,20,WWWWWWWWWWWWWWWWWWWW,20,100.0,10,WWWWWWWWWW,10,100.0,156,0,0,10,15,13,86.67,15,15,86.67,10,80.0,0,,,2026-09-02 22:48:50
official_market,Perplexity-Web,model_id_not_proven,ou05,<77,80,0,80,54,26,67.5,20,LWWWLLLLWWLLWLLLWLWL,8,40.0,10,LWWWLLLLWW,5,50.0,41,0,0,2,39,27,69.23,36,20,70.0,10,60.0,0,,,2026-09-02 19:36:52
official_market,Perplexity-Web,model_id_not_proven,ou15,77-84,41,0,41,33,8,80.49,20,WWWWWWLWWLWWWWWWWWWW,18,90.0,10,WWWWWWLWWL,8,80.0,5,0,1,5,30,22,73.33,29,20,75.0,10,80.0,0,,,2026-09-01 19:08:08
official_market,Perplexity-Web,model_id_not_proven,ou15,85-89,19,0,19,16,3,84.21,19,WWWWWWWWWLWWWLWLWWW,16,84.21,10,WWWWWWWWWL,9,90.0,8,0,0,0,11,8,72.73,9,9,77.78,9,77.78,0,,,2026-08-22 12:05:09
official_market,Perplexity-Web,model_id_not_proven,ou15,90+,53,0,53,50,3,94.34,20,WWWWWWWWLWWWWWWWWWWW,19,95.0,10,WWWWWWWWLW,9,90.0,47,0,0,4,6,4,66.67,5,5,60.0,5,60.0,0,,,2026-08-30 17:12:43
official_market,Perplexity-Web,model_id_not_proven,ou15,<77,173,0,173,116,57,67.05,20,WLLWWWWLWWWWLWLWWWLW,14,70.0,10,WLLWWWWLWW,7,70.0,8,0,1,4,160,110,68.75,112,20,70.0,10,60.0,0,,,2026-09-02 22:48:50
official_market,Perplexity-Web,model_id_not_proven,ou25,77-84,1013,0,992,721,271,72.68,20,WLWWWLWLLWLWWWWWWWLW,14,70.0,10,WLWWWLWLLW,6,60.0,14,5,1,166,815,600,73.62,507,20,70.0,10,60.0,60,19.57,32.62,2026-09-02 22:48:50
official_market,Perplexity-Web,model_id_not_proven,ou25,85-89,218,0,211,188,23,89.1,20,WWWLLWLWLWWWLLWWWLLW,12,60.0,10,WWWLLWLWLW,6,60.0,108,1,1,35,89,73,82.02,80,20,70.0,10,70.0,10,5.94,59.4,2026-08-30 17:12:42
official_market,Perplexity-Web,model_id_not_proven,ou25,90+,82,0,72,71,1,98.61,20,WWWWWWWWWWWWWWWWWWWW,20,100.0,10,WWWWWWWWWW,10,100.0,67,0,1,17,5,5,100.0,5,5,100.0,5,100.0,0,,,2026-08-18 14:29:17
official_market,Perplexity-Web,model_id_not_proven,ou25,<77,1335,0,1304,781,523,59.89,20,WLLWLLWWLWLLWLLWWWLL,9,45.0,10,WLLWLLWWLW,5,50.0,158,6,8,209,965,532,55.13,601,20,45.0,10,40.0,20,2.74,13.7,2026-09-02 19:30:51
official_market,Perplexity-Web,model_id_not_proven,resultat,77-84,387,0,375,286,89,76.27,20,WWLWWLLWWLWWLLWLWLLW,11,55.0,10,WWLWWLLWWL,6,60.0,0,375,0,77,0,0,,0,0,,0,,0,,,2026-08-25 10:50:52
official_market,Perplexity-Web,model_id_not_proven,resultat,85-89,138,0,135,123,12,91.11,20,WWWWWWWWWWWLWWWWWWWW,19,95.0,10,WWWWWWWWWW,10,100.0,0,135,0,29,0,0,,0,0,,0,,0,,,2026-08-11 15:32:53
official_market,Perplexity-Web,model_id_not_proven,resultat,90+,30,0,30,26,4,86.67,20,WWWWWLWWWWWWWWWWLWWL,17,85.0,10,WWWWWLWWWW,9,90.0,0,30,0,3,0,0,,0,0,,0,,0,,,2026-08-13 19:40:13
official_market,Perplexity-Web,model_id_not_proven,resultat,<77,1806,0,1752,867,885,49.49,20,LWLLWLLLLLWWLWLWWWWW,10,50.0,10,LWLLWLLLLL,2,20.0,0,1752,0,310,0,0,,0,0,,0,,0,,,2026-09-02 10:25:22
official_market,Perplexity-Web,perplexity/sonar-pro,btts,77-84,3,0,3,2,1,66.67,3,WLW,2,66.67,3,WLW,2,66.67,2,0,0,0,1,0,0.0,1,1,0.0,1,0.0,0,,,2026-09-06 15:50:56
official_market,Perplexity-Web,perplexity/sonar-pro,btts,90+,3,0,3,3,0,100.0,3,WWW,3,100.0,3,WWW,3,100.0,2,0,0,0,1,1,100.0,1,1,100.0,1,100.0,0,,,2026-08-08 13:17:59
official_market,Perplexity-Web,perplexity/sonar-pro,btts,<77,45,0,43,22,21,51.16,20,LWLLWLLWLLLLWWLWLLWL,7,35.0,10,LWLLWLLWLL,3,30.0,3,0,4,1,36,19,52.78,28,20,45.0,10,40.0,0,,,2026-09-06 18:39:04
official_market,Perplexity-Web,perplexity/sonar-pro,mt1,77-84,5,0,5,3,2,60.0,5,LLWWW,3,60.0,5,LLWWW,3,60.0,0,5,0,0,0,0,,0,0,,0,,0,,,2026-08-11 15:20:58
official_market,Perplexity-Web,perplexity/sonar-pro,mt1,85-89,6,0,6,6,0,100.0,6,WWWWWW,6,100.0,6,WWWWWW,6,100.0,0,6,0,0,0,0,,0,0,,0,,0,,,2026-09-06 18:39:04
official_market,Perplexity-Web,perplexity/sonar-pro,mt1,90+,7,0,7,6,1,85.71,7,WWLWWWW,6,85.71,7,WWLWWWW,6,85.71,0,7,0,0,0,0,,0,0,,0,,0,,,2026-09-06 15:50:56
official_market,Perplexity-Web,perplexity/sonar-pro,mt1,<77,17,0,16,11,5,68.75,16,WLWWWLLWLLWWWWWW,11,68.75,10,WLWWWLLWLL,5,50.0,0,16,0,0,0,0,,0,0,,0,,0,,,2026-08-19 00:36:08
official_market,Perplexity-Web,perplexity/sonar-pro,mt1_dom,77-84,3,0,3,3,0,100.0,3,WWW,3,100.0,3,WWW,3,100.0,0,3,0,0,0,0,,0,0,,0,,0,,,2026-08-08 12:19:54
official_market,Perplexity-Web,perplexity/sonar-pro,mt1_dom,85-89,1,0,1,1,0,100.0,1,W,1,100.0,1,W,1,100.0,0,1,0,0,0,0,,0,0,,0,,0,,,2026-09-06 18:39:04
official_market,Perplexity-Web,perplexity/sonar-pro,mt1_dom,<77,20,0,19,14,5,73.68,19,WWLWLWWLWWLWWWWWWLW,14,73.68,10,WWLWLWWLWW,7,70.0,0,19,0,0,0,0,,0,0,,0,,0,,,2026-09-06 15:50:56
official_market,Perplexity-Web,perplexity/sonar-pro,mt1_ext,77-84,4,0,4,4,0,100.0,4,WWWW,4,100.0,4,WWWW,4,100.0,0,4,0,0,0,0,,0,0,,0,,0,,,2026-09-06 18:39:04
official_market,Perplexity-Web,perplexity/sonar-pro,mt1_ext,90+,1,0,1,1,0,100.0,1,W,1,100.0,1,W,1,100.0,0,1,0,0,0,0,,0,0,,0,,0,,,2026-08-07 19:23:25
official_market,Perplexity-Web,perplexity/sonar-pro,mt1_ext,<77,16,0,16,10,6,62.5,16,WWLLLLWLWLWWWWWW,10,62.5,10,WWLLLLWLWL,4,40.0,0,16,0,0,0,0,,0,0,,0,,0,,,2026-09-06 15:50:56
official_market,Perplexity-Web,perplexity/sonar-pro,mt2,77-84,5,0,5,3,2,60.0,5,LWLWW,3,60.0,5,LWLWW,3,60.0,0,5,0,0,0,0,,0,0,,0,,0,,,2026-09-06 09:52:03
official_market,Perplexity-Web,perplexity/sonar-pro,mt2,85-89,2,0,2,1,1,50.0,2,WL,1,50.0,2,WL,1,50.0,0,2,0,0,0,0,,0,0,,0,,0,,,2026-08-11 16:27:14
official_market,Perplexity-Web,perplexity/sonar-pro,mt2,<77,13,0,13,8,5,61.54,13,WLWWWLLLLWWWW,8,61.54,10,WLWWWLLLLW,5,50.0,0,13,0,0,0,0,,0,0,,0,,0,,,2026-09-06 18:39:04
official_market,Perplexity-Web,perplexity/sonar-pro,mt2_dom,<77,19,0,19,4,15,21.05,19,LLLLLLLLLLLLLLWLWWW,4,21.05,10,LLLLLLLLLL,0,0.0,0,19,0,0,0,0,,0,0,,0,,0,,,2026-09-06 18:39:04
official_market,Perplexity-Web,perplexity/sonar-pro,mt2_ext,77-84,1,0,1,0,1,0.0,1,L,0,0.0,1,L,0,0.0,0,1,0,0,0,0,,0,0,,0,,0,,,2026-08-07 19:23:25
official_market,Perplexity-Web,perplexity/sonar-pro,mt2_ext,<77,17,0,17,9,8,52.94,17,LLWWWWWLLWLLWWLLW,9,52.94,10,LLWWWWWLLW,6,60.0,0,17,0,0,0,0,,0,0,,0,,0,,,2026-09-06 18:39:04
official_market,Perplexity-Web,perplexity/sonar-pro,ou05,77-84,9,0,7,7,0,100.0,7,WWWWWWW,7,100.0,7,WWWWWWW,7,100.0,0,0,1,0,6,6,100.0,6,6,100.0,6,100.0,0,,,2026-09-05 18:33:58
official_market,Perplexity-Web,perplexity/sonar-pro,ou05,85-89,15,0,15,15,0,100.0,15,WWWWWWWWWWWWWWW,15,100.0,10,WWWWWWWWWW,10,100.0,8,0,0,0,7,7,100.0,7,7,100.0,7,100.0,0,,,2026-09-05 19:04:01
official_market,Perplexity-Web,perplexity/sonar-pro,ou05,90+,53,0,50,47,3,94.0,20,WWWWWWWWWWWWWWWWWWLW,19,95.0,10,WWWWWWWWWW,10,100.0,43,0,3,1,5,5,100.0,5,5,100.0,5,100.0,0,,,2026-09-11 10:37:12
official_market,Perplexity-Web,perplexity/sonar-pro,ou05,<77,46,0,46,31,15,67.39,20,LWLWWWWLWLLWWWWLWWWW,14,70.0,10,LWLWWWWLWL,6,60.0,24,0,0,1,21,14,66.67,21,20,65.0,10,60.0,0,,,2026-09-11 18:16:56
official_market,Perplexity-Web,perplexity/sonar-pro,ou15,77-84,10,0,10,8,2,80.0,10,WWWWWLLWWW,8,80.0,10,WWWWWLLWWW,8,80.0,1,0,0,0,9,7,77.78,8,8,87.5,8,87.5,0,,,2026-08-22 11:53:37
official_market,Perplexity-Web,perplexity/sonar-pro,ou15,85-89,2,0,2,2,0,100.0,2,WW,2,100.0,2,WW,2,100.0,0,0,0,0,2,2,100.0,2,2,100.0,2,100.0,0,,,2026-09-04 19:41:02
official_market,Perplexity-Web,perplexity/sonar-pro,ou15,90+,13,0,13,13,0,100.0,13,WWWWWWWWWWWWW,13,100.0,10,WWWWWWWWWW,10,100.0,12,0,0,1,1,1,100.0,1,1,100.0,1,100.0,0,,,2026-09-06 15:50:56
official_market,Perplexity-Web,perplexity/sonar-pro,ou15,<77,43,0,39,19,20,48.72,20,WWLLLWLWWWLLLWLWWWWL,11,55.0,10,WWLLLWLWWW,6,60.0,2,0,4,0,33,18,54.55,28,20,60.0,10,50.0,0,,,2026-09-11 00:37:14
official_market,Perplexity-Web,perplexity/sonar-pro,ou25,77-84,97,0,94,61,33,64.89,20,LWWLLWLWWLWWWLWLWWWW,13,65.0,10,LWWLLWLWWL,5,50.0,1,0,4,4,85,57,67.06,77,20,55.0,10,50.0,21,14.76,70.29,2026-09-11 18:17:05
official_market,Perplexity-Web,perplexity/sonar-pro,ou25,85-89,7,0,7,7,0,100.0,7,WWWWWWW,7,100.0,7,WWWWWWW,7,100.0,5,0,0,1,2,2,100.0,2,2,100.0,2,100.0,1,0.46,46.0,2026-09-06 11:03:52
official_market,Perplexity-Web,perplexity/sonar-pro,ou25,90+,2,0,2,2,0,100.0,2,WW,2,100.0,2,WW,2,100.0,2,0,0,0,0,0,,0,0,,0,,0,,,2026-09-06 13:04:06
official_market,Perplexity-Web,perplexity/sonar-pro,ou25,<77,113,0,110,66,44,60.0,20,WLWWLLLLLWWWLLWWWWLW,11,55.0,10,WLWWLLLLLW,4,40.0,6,0,1,1,102,60,58.82,89,20,60.0,10,50.0,4,-0.47,-11.75,2026-09-11 18:16:56
official_market,Perplexity-Web,perplexity/sonar-pro,resultat,77-84,3,0,3,2,1,66.67,3,LWW,2,66.67,3,LWW,2,66.67,0,3,0,0,0,0,,0,0,,0,,0,,,2026-08-19 00:36:08
official_market,Perplexity-Web,perplexity/sonar-pro,resultat,85-89,1,0,1,1,0,100.0,1,W,1,100.0,1,W,1,100.0,0,1,0,0,0,0,,0,0,,0,,0,,,2026-08-08 11:57:52
official_market,Perplexity-Web,perplexity/sonar-pro,resultat,<77,36,0,34,17,17,50.0,20,LWWWLLWLLLWLWLLLLLWL,7,35.0,10,LWWWLLWLLL,4,40.0,0,34,0,0,0,0,,0,0,,0,,0,,,2026-09-06 18:39:04
official_market,Qwen-3.7-Max,model_id_not_proven,btts,77-84,1,0,1,0,1,0.0,1,L,0,0.0,1,L,0,0.0,0,0,0,0,1,0,0.0,1,1,0.0,1,0.0,0,,,2026-08-30 13:46:34
official_market,Qwen-3.7-Max,model_id_not_proven,btts,85-89,2,0,2,1,1,50.0,2,WL,1,50.0,2,WL,1,50.0,1,0,0,0,1,0,0.0,1,1,0.0,1,0.0,0,,,2026-09-02 10:42:55
official_market,Qwen-3.7-Max,model_id_not_proven,btts,90+,1,0,1,0,1,0.0,1,L,0,0.0,1,L,0,0.0,1,0,0,0,0,0,,0,0,,0,,0,,,2026-09-01 19:17:23
official_market,Qwen-3.7-Max,model_id_not_proven,btts,<77,90,0,90,49,41,54.44,20,LLWWLLWLLLWLLWLWLWWL,8,40.0,10,LLWWLLWLLL,3,30.0,3,0,2,6,80,43,53.75,64,20,40.0,10,30.0,1,0.92,92.0,2026-09-04 18:40:59
official_market,Qwen-3.7-Max,model_id_not_proven,mt1,85-89,7,0,7,7,0,100.0,7,WWWWWWW,7,100.0,7,WWWWWWW,7,100.0,0,7,0,0,0,0,,0,0,,0,,0,,,2026-09-02 23:01:08
official_market,Qwen-3.7-Max,model_id_not_proven,mt1,90+,11,0,11,9,2,81.82,11,WWWWWWWWWLL,9,81.82,10,WWWWWWWWWL,9,90.0,0,11,0,1,0,0,,0,0,,0,,0,,,2026-09-04 18:40:59
official_market,Qwen-3.7-Max,model_id_not_proven,mt1,<77,75,0,75,54,21,72.0,20,LWLLWWLLLWWLWWWWWLWL,11,55.0,10,LWLLWWLLLW,4,40.0,0,75,0,5,0,0,,0,0,,0,,0,,,2026-09-04 18:36:28
official_market,Qwen-3.7-Max,model_id_not_proven,mt1_dom,77-84,2,0,2,2,0,100.0,2,WW,2,100.0,2,WW,2,100.0,0,2,0,0,0,0,,0,0,,0,,0,,,2026-09-02 23:01:08
official_market,Qwen-3.7-Max,model_id_not_proven,mt1_dom,85-89,4,0,4,3,1,75.0,4,WWWL,3,75.0,4,WWWL,3,75.0,0,4,0,0,0,0,,0,0,,0,,0,,,2026-09-04 18:40:59
official_market,Qwen-3.7-Max,model_id_not_proven,mt1_dom,90+,5,0,5,4,1,80.0,5,WWWLW,4,80.0,5,WWWLW,4,80.0,0,5,0,1,0,0,,0,0,,0,,0,,,2026-09-04 17:35:00
official_market,Qwen-3.7-Max,model_id_not_proven,mt1_dom,<77,79,0,79,46,33,58.23,20,LWLWWWWLLWWWLLLLWWWL,11,55.0,10,LWLWWWWLLW,6,60.0,0,79,0,5,0,0,,0,0,,0,,0,,,2026-09-04 18:36:28
official_market,Qwen-3.7-Max,model_id_not_proven,mt1_ext,77-84,2,0,2,1,1,50.0,2,LW,1,50.0,2,LW,1,50.0,0,2,0,1,0,0,,0,0,,0,,0,,,2026-09-02 19:18:59
official_market,Qwen-3.7-Max,model_id_not_proven,mt1_ext,85-89,2,0,2,1,1,50.0,2,LW,1,50.0,2,LW,1,50.0,0,2,0,0,0,0,,0,0,,0,,0,,,2026-09-04 11:46:47
official_market,Qwen-3.7-Max,model_id_not_proven,mt1_ext,90+,1,0,1,0,1,0.0,1,L,0,0.0,1,L,0,0.0,0,1,0,0,0,0,,0,0,,0,,0,,,2026-09-01 19:17:23
official_market,Qwen-3.7-Max,model_id_not_proven,mt1_ext,<77,74,0,74,44,30,59.46,20,WWWWWLLWWWWWWWWWLWLW,16,80.0,10,WWWWWLLWWW,8,80.0,0,74,0,5,0,0,,0,0,,0,,0,,,2026-09-04 18:40:59
official_market,Qwen-3.7-Max,model_id_not_proven,mt2,77-84,2,0,2,2,0,100.0,2,WW,2,100.0,2,WW,2,100.0,0,2,0,0,0,0,,0,0,,0,,0,,,2026-09-02 10:20:08
official_market,Qwen-3.7-Max,model_id_not_proven,mt2,85-89,1,0,1,1,0,100.0,1,W,1,100.0,1,W,1,100.0,0,1,0,0,0,0,,0,0,,0,,0,,,2026-08-31 19:05:41
official_market,Qwen-3.7-Max,model_id_not_proven,mt2,<77,58,0,58,42,16,72.41,20,WWLLWWWWWLLWWWWLLLWW,13,65.0,10,WWLLWWWWWL,7,70.0,0,58,0,5,0,0,,0,0,,0,,0,,,2026-09-04 18:36:28
official_market,Qwen-3.7-Max,model_id_not_proven,mt2_dom,<77,41,0,41,29,12,70.73,20,LLLWWLWWWWLWWWWWWWWW,15,75.0,10,LLLWWLWWWW,6,60.0,0,41,0,3,0,0,,0,0,,0,,0,,,2026-09-04 18:36:28
official_market,Qwen-3.7-Max,model_id_not_proven,mt2_ext,77-84,1,0,1,1,0,100.0,1,W,1,100.0,1,W,1,100.0,0,1,0,0,0,0,,0,0,,0,,0,,,2026-08-31 19:05:41
official_market,Qwen-3.7-Max,model_id_not_proven,mt2_ext,<77,29,0,29,12,17,41.38,20,LLWLLWLLWLWWLLWWLLLW,8,40.0,10,LLWLLWLLWL,3,30.0,0,29,0,2,0,0,,0,0,,0,,0,,,2026-09-04 18:36:28
official_market,Qwen-3.7-Max,model_id_not_proven,ou05,77-84,37,0,37,35,2,94.59,20,WWWWWWWWWWWWWWWWWWWW,20,100.0,10,WWWWWWWWWW,10,100.0,22,0,0,2,15,13,86.67,13,13,84.62,10,90.0,0,,,2026-08-30 21:40:52
official_market,Qwen-3.7-Max,model_id_not_proven,ou05,85-89,12,0,12,11,1,91.67,12,WWWWWLWWWWWW,11,91.67,10,WWWWWLWWWW,9,90.0,1,0,0,1,11,10,90.91,11,11,90.91,10,90.0,0,,,2026-09-04 17:17:13
official_market,Qwen-3.7-Max,model_id_not_proven,ou05,90+,27,0,27,26,1,96.3,20,WWWWWWWWWWWWWWWLWWWW,19,95.0,10,WWWWWWWWWW,10,100.0,27,0,0,2,0,0,,0,0,,0,,0,,,2026-09-04 18:40:59
official_market,Qwen-3.7-Max,model_id_not_proven,ou05,<77,18,0,18,14,4,77.78,18,WWWWLLWLWWWLWWWWWW,14,77.78,10,WWWWLLWLWW,7,70.0,0,0,0,1,17,13,76.47,15,15,80.0,10,70.0,0,,,2026-09-04 18:36:28
official_market,Qwen-3.7-Max,model_id_not_proven,ou15,77-84,23,0,23,13,10,56.52,20,WWWLWWWLWWWLLLLLLWLW,11,55.0,10,WWWLWWWLWW,8,80.0,0,0,0,1,22,12,54.55,20,20,55.0,10,80.0,0,,,2026-09-04 17:17:13
official_market,Qwen-3.7-Max,model_id_not_proven,ou15,85-89,9,0,9,8,1,88.89,9,WWWWLWWWW,8,88.89,9,WWWWLWWWW,8,88.89,1,0,0,2,6,6,100.0,6,6,100.0,6,100.0,0,,,2026-09-02 23:01:08
official_market,Qwen-3.7-Max,model_id_not_proven,ou15,90+,4,0,4,3,1,75.0,4,WWWL,3,75.0,4,WWWL,3,75.0,4,0,0,0,0,0,,0,0,,0,,0,,,2026-09-04 17:35:00
official_market,Qwen-3.7-Max,model_id_not_proven,ou15,<77,58,0,58,38,20,65.52,20,WLWWWLWWWLWWLWWWWLLW,14,70.0,10,WLWWWLWWWL,7,70.0,7,0,1,3,48,30,62.5,42,20,75.0,10,70.0,0,,,2026-09-04 18:40:59
official_market,Qwen-3.7-Max,model_id_not_proven,ou25,77-84,50,0,50,30,20,60.0,20,WLLWWWWWWLWWWWLLLWWW,14,70.0,10,WLLWWWWWWL,7,70.0,1,0,1,4,45,26,57.78,38,20,75.0,10,80.0,12,4.11,34.25,2026-09-04 17:35:00
official_market,Qwen-3.7-Max,model_id_not_proven,ou25,85-89,4,0,4,4,0,100.0,4,WWWW,4,100.0,4,WWWW,4,100.0,2,0,0,0,2,2,100.0,2,2,100.0,2,100.0,1,0.41,41.0,2026-08-30 18:34:47
official_market,Qwen-3.7-Max,model_id_not_proven,ou25,<77,40,0,40,20,20,50.0,20,WWWLLWWWLWWLLLWWLLWL,11,55.0,10,WWWLLWWWLW,7,70.0,0,0,1,2,37,18,48.65,30,20,55.0,10,60.0,11,1.95,17.73,2026-09-04 18:40:59
official_market,Qwen-3.7-Max,model_id_not_proven,resultat,77-84,6,0,6,5,1,83.33,6,WWLWWW,5,83.33,6,WWLWWW,5,83.33,0,6,0,0,0,0,,0,0,,0,,0,,,2026-09-04 17:17:13
official_market,Qwen-3.7-Max,model_id_not_proven,resultat,85-89,1,0,1,1,0,100.0,1,W,1,100.0,1,W,1,100.0,0,1,0,0,0,0,,0,0,,0,,0,,,2026-09-04 17:35:00
official_market,Qwen-3.7-Max,model_id_not_proven,resultat,<77,87,0,87,47,40,54.02,20,WLLLLWLWLWLWLLWLLWWW,9,45.0,10,WLLLLWLWLW,4,40.0,0,87,0,6,0,0,,0,0,,0,,0,,,2026-09-04 18:40:59
official_market,Qwen-3.7-Max,moonshotai/kimi-k2-0905,btts,77-84,13,0,13,7,6,53.85,13,LLLWWLWWWLWWL,7,53.85,10,LLLWWLWWWL,5,50.0,5,0,0,0,8,2,25.0,6,6,33.33,6,33.33,0,,,2026-09-11 12:31:49
official_market,Qwen-3.7-Max,moonshotai/kimi-k2-0905,btts,85-89,8,0,7,7,0,100.0,7,WWWWWWW,7,100.0,7,WWWWWWW,7,100.0,7,0,0,0,0,0,,0,0,,0,,0,,,2026-09-11 00:37:13
official_market,Qwen-3.7-Max,moonshotai/kimi-k2-0905,btts,90+,1,0,1,1,0,100.0,1,W,1,100.0,1,W,1,100.0,1,0,0,0,0,0,,0,0,,0,,0,,,2026-09-02 10:36:50
official_market,Qwen-3.7-Max,moonshotai/kimi-k2-0905,btts,<77,129,0,119,71,48,59.66,20,LLWLWWWWWWWWLWLWWWLW,14,70.0,10,LLWLWWWWWW,7,70.0,10,0,0,0,109,61,55.96,75,20,65.0,10,60.0,0,,,2026-09-11 12:31:58
official_market,Qwen-3.7-Max,moonshotai/kimi-k2-0905,mt1,77-84,9,0,7,6,1,85.71,7,WWWLWWW,6,85.71,7,WWWLWWW,6,85.71,0,7,0,0,0,0,,0,0,,0,,0,,,2026-09-10 23:19:11
official_market,Qwen-3.7-Max,moonshotai/kimi-k2-0905,mt1,85-89,22,0,19,18,1,94.74,19,WWWWWWWWWWWWWWWWWWL,18,94.74,10,WWWWWWWWWW,10,100.0,0,19,0,0,0,0,,0,0,,0,,0,,,2026-09-11 12:15:07
official_market,Qwen-3.7-Max,moonshotai/kimi-k2-0905,mt1,90+,45,0,39,39,0,100.0,20,WWWWWWWWWWWWWWWWWWWW,20,100.0,10,WWWWWWWWWW,10,100.0,0,39,0,0,0,0,,0,0,,0,,0,,,2026-09-11 12:31:58
official_market,Qwen-3.7-Max,moonshotai/kimi-k2-0905,mt1,<77,71,0,71,42,29,59.15,20,WLLWLWWLWWWLWWLLLWLW,11,55.0,10,WLLWLWWLWW,6,60.0,0,71,0,0,0,0,,0,0,,0,,0,,,2026-09-11 12:01:16
official_market,Qwen-3.7-Max,moonshotai/kimi-k2-0905,mt1_dom,77-84,3,0,3,3,0,100.0,3,WWW,3,100.0,3,WWW,3,100.0,0,3,0,0,0,0,,0,0,,0,,0,,,2026-09-05 19:34:13
official_market,Qwen-3.7-Max,moonshotai/kimi-k2-0905,mt1_dom,85-89,13,0,11,11,0,100.0,11,WWWWWWWWWWW,11,100.0,10,WWWWWWWWWW,10,100.0,0,11,0,0,0,0,,0,0,,0,,0,,,2026-09-11 12:31:58
official_market,Qwen-3.7-Max,moonshotai/kimi-k2-0905,mt1_dom,90+,11,0,11,10,1,90.91,11,WWWWWWWWWWL,10,90.91,10,WWWWWWWWWW,10,100.0,0,11,0,0,0,0,,0,0,,0,,0,,,2026-09-11 12:31:49
official_market,Qwen-3.7-Max,moonshotai/kimi-k2-0905,mt1_dom,<77,111,0,102,79,23,77.45,20,WLLLWLWWLLWLWWLWWLWW,11,55.0,10,WLLLWLWWLL,4,40.0,0,102,0,0,0,0,,0,0,,0,,0,,,2026-09-11 12:15:07
official_market,Qwen-3.7-Max,moonshotai/kimi-k2-0905,mt1_ext,77-84,12,0,12,11,1,91.67,12,WWWWWWWWWWWL,11,91.67,10,WWWWWWWWWW,10,100.0,0,12,0,0,0,0,,0,0,,0,,0,,,2026-09-10 23:19:11
official_market,Qwen-3.7-Max,moonshotai/kimi-k2-0905,mt1_ext,85-89,16,0,12,11,1,91.67,12,WWWWWWWWLWWW,11,91.67,10,WWWWWWWWLW,9,90.0,0,12,0,0,0,0,,0,0,,0,,0,,,2026-09-10 00:02:34
official_market,Qwen-3.7-Max,moonshotai/kimi-k2-0905,mt1_ext,90+,1,0,1,1,0,100.0,1,W,1,100.0,1,W,1,100.0,0,1,0,0,0,0,,0,0,,0,,0,,,2026-09-09 11:20:14
official_market,Qwen-3.7-Max,moonshotai/kimi-k2-0905,mt1_ext,<77,99,0,93,72,21,77.42,20,WWWWWWWWWWLLWWWWLWWW,17,85.0,10,WWWWWWWWWW,10,100.0,0,93,0,0,0,0,,0,0,,0,,0,,,2026-09-11 12:31:58
official_market,Qwen-3.7-Max,moonshotai/kimi-k2-0905,mt2,77-84,10,0,9,5,4,55.56,9,WLLLWWWWL,5,55.56,9,WLLLWWWWL,5,55.56,0,9,0,0,0,0,,0,0,,0,,0,,,2026-09-06 12:04:22
official_market,Qwen-3.7-Max,moonshotai/kimi-k2-0905,mt2,85-89,1,0,1,1,0,100.0,1,W,1,100.0,1,W,1,100.0,0,1,0,0,0,0,,0,0,,0,,0,,,2026-09-04 19:34:52
official_market,Qwen-3.7-Max,moonshotai/kimi-k2-0905,mt2,<77,104,0,96,71,25,73.96,20,WWWWWWWLLLLLLWWWWLWW,13,65.0,10,WWWWWWWLLL,7,70.0,0,96,0,0,0,0,,0,0,,0,,0,,,2026-09-11 12:31:58
official_market,Qwen-3.7-Max,moonshotai/kimi-k2-0905,mt2_dom,77-84,2,0,2,2,0,100.0,2,WW,2,100.0,2,WW,2,100.0,0,2,0,0,0,0,,0,0,,0,,0,,,2026-09-05 19:50:38
official_market,Qwen-3.7-Max,moonshotai/kimi-k2-0905,mt2_dom,85-89,1,0,1,1,0,100.0,1,W,1,100.0,1,W,1,100.0,0,1,0,0,0,0,,0,0,,0,,0,,,2026-09-04 19:34:52
official_market,Qwen-3.7-Max,moonshotai/kimi-k2-0905,mt2_dom,<77,91,0,85,44,41,51.76,20,WWWLWWLLWWWWWWLWLWWW,15,75.0,10,WWWLWWLLWW,7,70.0,0,85,0,0,0,0,,0,0,,0,,0,,,2026-09-11 12:31:58
official_market,Qwen-3.7-Max,moonshotai/kimi-k2-0905,mt2_ext,85-89,1,0,0,0,0,,0,,0,,0,,0,,0,0,0,0,0,0,,0,0,,0,,0,,,2026-09-10 00:02:34
official_market,Qwen-3.7-Max,moonshotai/kimi-k2-0905,mt2_ext,<77,81,0,76,51,25,67.11,20,LLLWLWLWWWLLWWLLLWWL,9,45.0,10,LLLWLWLWWW,5,50.0,0,76,0,0,0,0,,0,0,,0,,0,,,2026-09-11 12:31:58
official_market,Qwen-3.7-Max,moonshotai/kimi-k2-0905,ou05,77-84,6,0,6,5,1,83.33,6,WWWWWL,5,83.33,6,WWWWWL,5,83.33,0,0,0,0,6,5,83.33,6,6,83.33,6,83.33,0,,,2026-09-06 08:46:08
official_market,Qwen-3.7-Max,moonshotai/kimi-k2-0905,ou05,85-89,20,0,20,20,0,100.0,20,WWWWWWWWWWWWWWWWWWWW,20,100.0,10,WWWWWWWWWW,10,100.0,4,0,0,0,16,16,100.0,15,15,100.0,10,100.0,0,,,2026-09-11 03:25:13
official_market,Qwen-3.7-Max,moonshotai/kimi-k2-0905,ou05,90+,87,0,78,77,1,98.72,20,WWWWWWWWWWWWWWWWWWWW,20,100.0,10,WWWWWWWWWW,10,100.0,75,0,0,0,3,3,100.0,3,3,100.0,3,100.0,0,,,2026-09-11 12:31:58
official_market,Qwen-3.7-Max,moonshotai/kimi-k2-0905,ou05,<77,42,0,40,34,6,85.0,20,WWWWWLWWLLWWWLWLWWWW,15,75.0,10,WWWWWLWWLL,7,70.0,0,0,0,0,40,34,85.0,33,20,85.0,10,80.0,0,,,2026-09-11 03:37:12
official_market,Qwen-3.7-Max,moonshotai/kimi-k2-0905,ou15,77-84,22,0,21,18,3,85.71,20,WWLLWWWWWWWWWWWWWWWW,18,90.0,10,WWLLWWWWWW,8,80.0,0,0,0,0,21,18,85.71,20,20,85.0,10,80.0,0,,,2026-09-11 10:37:14
official_market,Qwen-3.7-Max,moonshotai/kimi-k2-0905,ou15,85-89,35,0,34,30,4,88.24,20,WWWWWWWWWWWWWLWWWWWW,19,95.0,10,WWWWWWWWWW,10,100.0,4,0,0,0,30,26,86.67,25,20,85.0,10,90.0,0,,,2026-09-11 12:31:58
official_market,Qwen-3.7-Max,moonshotai/kimi-k2-0905,ou15,90+,31,0,27,27,0,100.0,20,WWWWWWWWWWWWWWWWWWWW,20,100.0,10,WWWWWWWWWW,10,100.0,27,0,0,0,0,0,,0,0,,0,,0,,,2026-09-11 01:19:11
official_market,Qwen-3.7-Max,moonshotai/kimi-k2-0905,ou15,<77,67,0,62,36,26,58.06,20,LLLWWWWLLWWWWWLLWLWW,12,60.0,10,LLLWWWWLLW,5,50.0,0,0,0,0,62,36,58.06,51,20,65.0,10,60.0,0,,,2026-09-11 03:37:12
official_market,Qwen-3.7-Max,moonshotai/kimi-k2-0905,ou25,77-84,53,0,48,30,18,62.5,20,LLLLLWWWWWWWWWWWWWWW,15,75.0,10,LLLLLWWWWW,5,50.0,3,0,0,0,45,27,60.0,37,20,65.0,10,80.0,4,-0.99,-24.75,2026-09-11 12:31:49
official_market,Qwen-3.7-Max,moonshotai/kimi-k2-0905,ou25,85-89,4,0,4,4,0,100.0,4,WWWW,4,100.0,4,WWWW,4,100.0,4,0,0,0,0,0,,0,0,,0,,0,,,2026-09-06 11:52:12
official_market,Qwen-3.7-Max,moonshotai/kimi-k2-0905,ou25,<77,98,0,92,56,36,60.87,20,WWLWLWLWLLWWLWLWLLLW,10,50.0,10,WWLWLWLWLL,5,50.0,0,0,0,0,92,56,60.87,63,20,65.0,10,60.0,5,1.27,25.4,2026-09-11 12:31:58
official_market,Qwen-3.7-Max,moonshotai/kimi-k2-0905,resultat,77-84,17,0,15,14,1,93.33,15,WWWWWWWWWWWWWWL,14,93.33,10,WWWWWWWWWW,10,100.0,0,15,0,0,0,0,,0,0,,0,,0,,,2026-09-11 12:31:58
official_market,Qwen-3.7-Max,moonshotai/kimi-k2-0905,resultat,85-89,6,0,6,6,0,100.0,6,WWWWWW,6,100.0,6,WWWWWW,6,100.0,0,6,0,0,0,0,,0,0,,0,,0,,,2026-09-11 01:19:11
official_market,Qwen-3.7-Max,moonshotai/kimi-k2-0905,resultat,90+,1,0,1,1,0,100.0,1,W,1,100.0,1,W,1,100.0,0,1,0,0,0,0,,0,0,,0,,0,,,2026-09-05 20:03:26
official_market,Qwen-3.7-Max,moonshotai/kimi-k2-0905,resultat,<77,125,0,116,55,61,47.41,20,WWWLWLWLWWWLWWLLLLLL,10,50.0,10,WWWLWLWLWW,7,70.0,0,116,0,0,0,0,,0,0,,0,,0,,,2026-09-11 12:31:49
official_market,Qwen-3.7-Max,qwen/qwen-plus-2025-07-28,btts,<77,11,0,11,5,6,45.45,11,LLLWLWWWWLL,5,45.45,10,LLLWLWWWWL,5,50.0,1,0,0,0,10,4,40.0,10,10,40.0,10,40.0,0,,,2026-08-30 19:17:02
official_market,Qwen-3.7-Max,qwen/qwen-plus-2025-07-28,mt1,<77,11,0,11,7,4,63.64,11,WWLWWWLWLWL,7,63.64,10,WWLWWWLWLW,7,70.0,0,11,0,0,0,0,,0,0,,0,,0,,,2026-08-30 19:17:02
official_market,Qwen-3.7-Max,qwen/qwen-plus-2025-07-28,mt1_dom,<77,11,0,11,8,3,72.73,11,WWWWWWLWLWL,8,72.73,10,WWWWWWLWLW,8,80.0,0,11,0,0,0,0,,0,0,,0,,0,,,2026-08-30 19:17:02
official_market,Qwen-3.7-Max,qwen/qwen-plus-2025-07-28,mt1_ext,<77,8,0,8,4,4,50.0,8,WLLWLWLW,4,50.0,8,WLLWLWLW,4,50.0,0,8,0,0,0,0,,0,0,,0,,0,,,2026-08-30 19:17:02
official_market,Qwen-3.7-Max,qwen/qwen-plus-2025-07-28,mt2,<77,6,0,6,5,1,83.33,6,WWWLWW,5,83.33,6,WWWLWW,5,83.33,0,6,0,0,0,0,,0,0,,0,,0,,,2026-08-30 19:17:02
official_market,Qwen-3.7-Max,qwen/qwen-plus-2025-07-28,mt2_dom,<77,2,0,2,2,0,100.0,2,WW,2,100.0,2,WW,2,100.0,0,2,0,0,0,0,,0,0,,0,,0,,,2026-08-30 08:33:27
official_market,Qwen-3.7-Max,qwen/qwen-plus-2025-07-28,ou05,77-84,10,0,10,8,2,80.0,10,WWWWWLWLWW,8,80.0,10,WWWWWLWLWW,8,80.0,4,0,0,0,6,4,66.67,6,6,66.67,6,66.67,0,,,2026-08-30 15:31:28
official_market,Qwen-3.7-Max,qwen/qwen-plus-2025-07-28,ou05,85-89,1,0,1,1,0,100.0,1,W,1,100.0,1,W,1,100.0,1,0,0,0,0,0,,0,0,,0,,0,,,2026-08-30 19:17:02
official_market,Qwen-3.7-Max,qwen/qwen-plus-2025-07-28,ou15,77-84,2,0,2,1,1,50.0,2,WL,1,50.0,2,WL,1,50.0,0,0,0,0,2,1,50.0,2,2,50.0,2,50.0,0,,,2026-08-30 19:17:02
official_market,Qwen-3.7-Max,qwen/qwen-plus-2025-07-28,ou15,<77,9,0,9,6,3,66.67,9,WLWLWWWWL,6,66.67,9,WLWLWWWWL,6,66.67,2,0,0,0,7,4,57.14,7,7,57.14,7,57.14,0,,,2026-08-30 15:31:28
official_market,Qwen-3.7-Max,qwen/qwen-plus-2025-07-28,ou25,77-84,9,0,9,5,4,55.56,9,LLWLWWWLW,5,55.56,9,LLWLWWWLW,5,55.56,0,0,0,0,9,5,55.56,9,9,55.56,9,55.56,4,0.06,1.5,2026-08-30 19:17:02
official_market,Qwen-3.7-Max,qwen/qwen-plus-2025-07-28,ou25,85-89,2,0,2,2,0,100.0,2,WW,2,100.0,2,WW,2,100.0,0,0,0,0,2,2,100.0,2,2,100.0,2,100.0,0,,,2026-08-30 13:16:31
official_market,Qwen-3.7-Max,qwen/qwen-plus-2025-07-28,resultat,77-84,1,0,1,0,1,0.0,1,L,0,0.0,1,L,0,0.0,0,1,0,0,0,0,,0,0,,0,,0,,,2026-08-30 03:51:27
official_market,Qwen-3.7-Max,qwen/qwen-plus-2025-07-28,resultat,<77,10,0,10,6,4,60.0,10,WWLWWWWLLL,6,60.0,10,WWLWWWWLLL,6,60.0,0,10,0,0,0,0,,0,0,,0,,0,,,2026-08-30 19:17:02
tournament,Claude Sonnet 5,anthropic/claude-sonnet-5,ou25,<77,31,31,0,0,0,,0,,0,,0,,0,,0,0,0,0,0,0,,0,0,,0,,0,,,2026-09-11 10:50:51
tournament,DeepSeek V4 Pro,deepseek/deepseek-v4-pro-0813,ou25,<77,31,31,0,0,0,,0,,0,,0,,0,,0,0,0,0,0,0,,0,0,,0,,0,,,2026-09-11 10:52:30
tournament,GLM 5.3 Flash,z-ai/glm-5.3-flash,ou25,<77,31,31,0,0,0,,0,,0,,0,,0,,0,0,0,0,0,0,,0,0,,0,,0,,,2026-09-11 10:54:16
tournament,GPT-5.2,openai/gpt-5.2,ou25,90+,1,0,1,1,0,100.0,1,W,1,100.0,1,W,1,100.0,1,0,0,0,0,0,,0,0,,0,,0,,,2026-09-04 17:19:17
tournament,GPT-5.2,openai/gpt-5.2,ou25,<77,30,30,0,0,0,,0,,0,,0,,0,,0,0,0,0,0,0,,0,0,,0,,0,,,2026-09-11 10:50:01
tournament,Gemini 3.7 Flash,google/gemini-3.7-flash,ou25,<77,31,31,0,0,0,,0,,0,,0,,0,,0,0,0,0,0,0,,0,0,,0,,0,,,2026-09-11 10:51:40
tournament,Grok 4.6,x-ai/grok-4.6,ou25,90+,1,0,1,1,0,100.0,1,W,1,100.0,1,W,1,100.0,1,0,0,0,0,0,,0,0,,0,,0,,,2026-09-04 17:23:00
tournament,Grok 4.6,x-ai/grok-4.6,ou25,<77,30,30,0,0,0,,0,,0,,0,,0,,0,0,0,0,0,0,,0,0,,0,,0,,,2026-09-11 10:53:26
tournament,Kimi K3,moonshotai/kimi-k2,ou25,<77,31,31,0,0,0,,0,,0,,0,,0,,0,0,0,0,0,0,,0,0,,0,,0,,,2026-09-11 10:49:10
tournament,Mercury 2.5,inception/mercury-2.5-preview,ou25,<77,30,30,0,0,0,,0,,0,,0,,0,,0,0,0,0,0,0,,0,0,,0,,0,,,2026-09-11 10:56:41
tournament,Muse Spark 1.2,meta/muse-spark-1.2,ou25,<77,31,31,0,0,0,,0,,0,,0,,0,,0,0,0,0,0,0,,0,0,,0,,0,,,2026-09-11 10:55:55
tournament,Qwen 3.8 Max,qwen/qwen3.8-max,ou25,<77,31,31,0,0,0,,0,,0,,0,,0,,0,0,0,0,0,0,,0,0,,0,,0,,,2026-09-11 10:55:09
tournament_market,Claude Sonnet 5,anthropic/claude-sonnet-5,btts,<77,31,31,0,0,0,,0,,0,,0,,0,,0,0,0,0,0,0,,0,0,,0,,0,,,2026-09-11 10:50:51
tournament_market,Claude Sonnet 5,anthropic/claude-sonnet-5,ou15,<77,31,31,0,0,0,,0,,0,,0,,0,,0,0,0,0,0,0,,0,0,,0,,0,,,2026-09-11 10:50:51
tournament_market,Claude Sonnet 5,anthropic/claude-sonnet-5,ou35,<77,31,31,0,0,0,,0,,0,,0,,0,,0,0,0,0,0,0,,0,0,,0,,0,,,2026-09-11 10:50:51
tournament_market,DeepSeek V4 Pro,deepseek/deepseek-v4-pro-0813,btts,<77,31,31,0,0,0,,0,,0,,0,,0,,0,0,0,0,0,0,,0,0,,0,,0,,,2026-09-11 10:52:30
tournament_market,DeepSeek V4 Pro,deepseek/deepseek-v4-pro-0813,ou15,<77,31,31,0,0,0,,0,,0,,0,,0,,0,0,0,0,0,0,,0,0,,0,,0,,,2026-09-11 10:52:30
tournament_market,DeepSeek V4 Pro,deepseek/deepseek-v4-pro-0813,ou35,<77,31,31,0,0,0,,0,,0,,0,,0,,0,0,0,0,0,0,,0,0,,0,,0,,,2026-09-11 10:52:30
tournament_market,GLM 5.3 Flash,z-ai/glm-5.3-flash,btts,<77,31,31,0,0,0,,0,,0,,0,,0,,0,0,0,0,0,0,,0,0,,0,,0,,,2026-09-11 10:54:16
tournament_market,GLM 5.3 Flash,z-ai/glm-5.3-flash,ou15,<77,31,31,0,0,0,,0,,0,,0,,0,,0,0,0,0,0,0,,0,0,,0,,0,,,2026-09-11 10:54:16
tournament_market,GLM 5.3 Flash,z-ai/glm-5.3-flash,ou35,<77,31,31,0,0,0,,0,,0,,0,,0,,0,0,0,0,0,0,,0,0,,0,,0,,,2026-09-11 10:54:16
tournament_market,GPT-5.2,openai/gpt-5.2,btts,90+,1,0,1,1,0,100.0,1,W,1,100.0,1,W,1,100.0,1,0,0,0,0,0,,0,0,,0,,0,,,2026-09-04 17:19:17
tournament_market,GPT-5.2,openai/gpt-5.2,btts,<77,30,30,0,0,0,,0,,0,,0,,0,,0,0,0,0,0,0,,0,0,,0,,0,,,2026-09-11 10:50:01
tournament_market,GPT-5.2,openai/gpt-5.2,ou15,90+,1,0,1,1,0,100.0,1,W,1,100.0,1,W,1,100.0,1,0,0,0,0,0,,0,0,,0,,0,,,2026-09-04 17:19:17
tournament_market,GPT-5.2,openai/gpt-5.2,ou15,<77,30,30,0,0,0,,0,,0,,0,,0,,0,0,0,0,0,0,,0,0,,0,,0,,,2026-09-11 10:50:01
tournament_market,GPT-5.2,openai/gpt-5.2,ou35,<77,31,31,0,0,0,,0,,0,,0,,0,,0,0,0,0,0,0,,0,0,,0,,0,,,2026-09-11 10:50:01
tournament_market,Gemini 3.7 Flash,google/gemini-3.7-flash,btts,<77,31,31,0,0,0,,0,,0,,0,,0,,0,0,0,0,0,0,,0,0,,0,,0,,,2026-09-11 10:51:40
tournament_market,Gemini 3.7 Flash,google/gemini-3.7-flash,ou15,<77,31,31,0,0,0,,0,,0,,0,,0,,0,0,0,0,0,0,,0,0,,0,,0,,,2026-09-11 10:51:40
tournament_market,Gemini 3.7 Flash,google/gemini-3.7-flash,ou35,<77,31,31,0,0,0,,0,,0,,0,,0,,0,0,0,0,0,0,,0,0,,0,,0,,,2026-09-11 10:51:40
tournament_market,Grok 4.6,x-ai/grok-4.6,btts,90+,3,0,3,3,0,100.0,3,WWW,3,100.0,3,WWW,3,100.0,3,0,0,0,0,0,,0,0,,0,,0,,,2026-09-05 18:53:50
tournament_market,Grok 4.6,x-ai/grok-4.6,btts,<77,28,28,0,0,0,,0,,0,,0,,0,,0,0,0,0,0,0,,0,0,,0,,0,,,2026-09-11 10:53:26
tournament_market,Grok 4.6,x-ai/grok-4.6,ou15,90+,6,0,5,5,0,100.0,5,WWWWW,5,100.0,5,WWWWW,5,100.0,5,0,0,0,0,0,,0,0,,0,,0,,,2026-09-10 01:09:05
tournament_market,Grok 4.6,x-ai/grok-4.6,ou15,<77,25,25,0,0,0,,0,,0,,0,,0,,0,0,0,0,0,0,,0,0,,0,,0,,,2026-09-11 10:53:26
tournament_market,Grok 4.6,x-ai/grok-4.6,ou35,<77,31,31,0,0,0,,0,,0,,0,,0,,0,0,0,0,0,0,,0,0,,0,,0,,,2026-09-11 10:53:26
tournament_market,Kimi K3,moonshotai/kimi-k2,btts,90+,2,0,2,2,0,100.0,2,WW,2,100.0,2,WW,2,100.0,2,0,0,0,0,0,,0,0,,0,,0,,,2026-09-05 18:49:15
tournament_market,Kimi K3,moonshotai/kimi-k2,btts,<77,29,29,0,0,0,,0,,0,,0,,0,,0,0,0,0,0,0,,0,0,,0,,0,,,2026-09-11 10:49:10
tournament_market,Kimi K3,moonshotai/kimi-k2,ou15,85-89,1,0,1,1,0,100.0,1,W,1,100.0,1,W,1,100.0,1,0,0,0,0,0,,0,0,,0,,0,,,2026-09-05 18:49:15
tournament_market,Kimi K3,moonshotai/kimi-k2,ou15,90+,1,0,1,1,0,100.0,1,W,1,100.0,1,W,1,100.0,1,0,0,0,0,0,,0,0,,0,,0,,,2026-09-04 17:18:27
tournament_market,Kimi K3,moonshotai/kimi-k2,ou15,<77,29,29,0,0,0,,0,,0,,0,,0,,0,0,0,0,0,0,,0,0,,0,,0,,,2026-09-11 10:49:10
tournament_market,Kimi K3,moonshotai/kimi-k2,ou35,<77,31,31,0,0,0,,0,,0,,0,,0,,0,0,0,0,0,0,,0,0,,0,,0,,,2026-09-11 10:49:10
tournament_market,Mercury 2.5,inception/mercury-2.5-preview,btts,<77,30,30,0,0,0,,0,,0,,0,,0,,0,0,0,0,0,0,,0,0,,0,,0,,,2026-09-11 10:56:41
tournament_market,Mercury 2.5,inception/mercury-2.5-preview,ou15,<77,30,30,0,0,0,,0,,0,,0,,0,,0,0,0,0,0,0,,0,0,,0,,0,,,2026-09-11 10:56:41
tournament_market,Mercury 2.5,inception/mercury-2.5-preview,ou35,<77,30,30,0,0,0,,0,,0,,0,,0,,0,0,0,0,0,0,,0,0,,0,,0,,,2026-09-11 10:56:41
tournament_market,Muse Spark 1.2,meta/muse-spark-1.2,btts,<77,31,31,0,0,0,,0,,0,,0,,0,,0,0,0,0,0,0,,0,0,,0,,0,,,2026-09-11 10:55:55
tournament_market,Muse Spark 1.2,meta/muse-spark-1.2,ou15,<77,31,31,0,0,0,,0,,0,,0,,0,,0,0,0,0,0,0,,0,0,,0,,0,,,2026-09-11 10:55:55
tournament_market,Muse Spark 1.2,meta/muse-spark-1.2,ou35,<77,31,31,0,0,0,,0,,0,,0,,0,,0,0,0,0,0,0,,0,0,,0,,0,,,2026-09-11 10:55:55
tournament_market,Qwen 3.8 Max,qwen/qwen3.8-max,btts,<77,31,31,0,0,0,,0,,0,,0,,0,,0,0,0,0,0,0,,0,0,,0,,0,,,2026-09-11 10:55:09
tournament_market,Qwen 3.8 Max,qwen/qwen3.8-max,ou15,<77,31,31,0,0,0,,0,,0,,0,,0,,0,0,0,0,0,0,,0,0,,0,,0,,,2026-09-11 10:55:09
tournament_market,Qwen 3.8 Max,qwen/qwen3.8-max,ou35,<77,31,31,0,0,0,,0,,0,,0,,0,,0,0,0,0,0,0,,0,0,,0,,0,,,2026-09-11 10:55:09
