source,actor,model,market,minute_band,observed_predictions,abstentions,stored_resolved,stored_wins,stored_losses,stored_winrate,last20_n,last20_sequence,last20_wins,last20_rate,last10_n,last10_sequence,last10_wins,last10_rate,known_outcome_at_prediction,unknown_snapshot,outcome_mismatch,future_or_unproven_time,verified_predictive,verified_wins,verified_winrate,predictive_independent_events,predictive_last20_n,predictive_last20_rate,predictive_last10_n,predictive_last10_rate,priced_n,profit_units,roi_pct,latest_prediction
legacy_shadow,Groq-Llama70B,model_id_not_recorded,other,unknown,9,1,5,2,3,40.0,5,LLWWL,2,40.0,5,LLWWL,2,40.0,0,5,0,0,0,0,,0,0,,0,,0,,,2026-07-02 15:27:44
legacy_shadow,Groq-Llama70B,model_id_not_recorded,ou25,unknown,920,0,752,435,317,57.85,20,WWWWWLLWWLLWWLWWLLLL,11,55.0,10,WWWWWLLWWL,7,70.0,0,752,0,0,0,0,,0,0,,0,,0,,,2026-08-17 03:48:12
legacy_shadow,Groq-Llama8B,model_id_not_recorded,other,unknown,103,22,66,23,43,34.85,20,LLLLLLLLLWLLWLLLLLWL,3,15.0,10,LLLLLLLLLW,1,10.0,0,66,0,0,0,0,,0,0,,0,,0,,,2026-07-28 01:05:52
legacy_shadow,Groq-Llama8B,model_id_not_recorded,ou25,unknown,708,0,537,239,298,44.51,20,LLLLWLLWWWLLLWWWWLLL,8,40.0,10,LLLLWLLWWW,4,40.0,0,537,0,0,0,0,,0,0,,0,,0,,,2026-07-28 01:06:01
legacy_shadow,Mistral-Small,model_id_not_recorded,other,unknown,440,440,0,0,0,,0,,0,,0,,0,,0,0,0,0,0,0,,0,0,,0,,0,,,2026-08-31 19:17:24
legacy_shadow,Mistral-Small,model_id_not_recorded,ou25,unknown,569,0,391,249,142,63.68,20,LLWLLWWWWWWLWLWWWLWW,13,65.0,10,LLWLLWWWWW,6,60.0,0,391,0,0,0,0,,0,0,,0,,0,,,2026-09-01 19:18:03
legacy_shadow,OR-KimiK3,model_id_not_recorded,other,unknown,8,8,0,0,0,,0,,0,,0,,0,,0,0,0,0,0,0,,0,0,,0,,0,,,2026-08-20 17:16:58
legacy_shadow,OR-KimiK3,model_id_not_recorded,ou25,unknown,66,0,65,47,18,72.31,20,WWLWWWLLWWWWWWWWWWLL,15,75.0,10,WWLWWWLLWW,7,70.0,0,65,0,0,0,0,,0,0,,0,,0,,,2026-08-20 18:43:28
legacy_shadow,OR-Mistral7B,model_id_not_recorded,other,unknown,79,79,0,0,0,,0,,0,,0,,0,,0,0,0,0,0,0,,0,0,,0,,0,,,2026-09-11 16:53:01
legacy_shadow,OR-Mistral7B,model_id_not_recorded,ou25,unknown,63,0,63,36,27,57.14,20,WLWWWWLWLWWWWWWLWLLW,14,70.0,10,WLWWWWLWLW,7,70.0,0,63,0,0,0,0,,0,0,,0,,0,,,2026-09-06 00:45:32
legacy_shadow,OR-Qwen37Max,model_id_not_recorded,other,unknown,52,46,3,1,2,33.33,3,LLW,1,33.33,3,LLW,1,33.33,0,3,0,0,0,0,,0,0,,0,,0,,,2026-08-18 03:41:15
legacy_shadow,OR-Qwen37Max,model_id_not_recorded,ou25,unknown,153,0,117,69,48,58.97,20,LWLLLWWWLWWWLWWLLWWW,12,60.0,10,LWLLLWWWLW,5,50.0,0,117,0,0,0,0,,0,0,,0,,0,,,2026-09-01 19:18:07
official_market,Cohere-Command,cohere/command-r-08-2024,btts,15-30,4,0,4,3,1,75.0,4,WWWL,3,75.0,4,WWWL,3,75.0,0,0,0,0,4,3,75.0,4,4,75.0,4,75.0,0,,,2026-08-07 19:51:57
official_market,Cohere-Command,cohere/command-r-08-2024,btts,31-45,6,0,6,3,3,50.0,6,LWLWWL,3,50.0,6,LWLWWL,3,50.0,0,0,0,0,6,3,50.0,6,6,50.0,6,50.0,0,,,2026-08-07 20:04:18
official_market,Cohere-Command,cohere/command-r-08-2024,btts,46+,1,0,1,1,0,100.0,1,W,1,100.0,1,W,1,100.0,1,0,0,0,0,0,,0,0,,0,,0,,,2026-08-07 20:10:48
official_market,Cohere-Command,cohere/command-r-08-2024,mt1,15-30,4,0,4,4,0,100.0,4,WWWW,4,100.0,4,WWWW,4,100.0,0,4,0,0,0,0,,0,0,,0,,0,,,2026-08-07 19:51:57
official_market,Cohere-Command,cohere/command-r-08-2024,mt1,31-45,6,0,6,4,2,66.67,6,LWLWWW,4,66.67,6,LWLWWW,4,66.67,0,6,0,0,0,0,,0,0,,0,,0,,,2026-08-07 20:04:18
official_market,Cohere-Command,cohere/command-r-08-2024,mt1,46+,1,0,1,1,0,100.0,1,W,1,100.0,1,W,1,100.0,0,1,0,0,0,0,,0,0,,0,,0,,,2026-08-07 20:10:48
official_market,Cohere-Command,cohere/command-r-08-2024,mt1_dom,15-30,4,0,4,2,2,50.0,4,LLWW,2,50.0,4,LLWW,2,50.0,0,4,0,0,0,0,,0,0,,0,,0,,,2026-08-07 19:51:57
official_market,Cohere-Command,cohere/command-r-08-2024,mt1_dom,31-45,6,0,6,6,0,100.0,6,WWWWWW,6,100.0,6,WWWWWW,6,100.0,0,6,0,0,0,0,,0,0,,0,,0,,,2026-08-07 20:04:18
official_market,Cohere-Command,cohere/command-r-08-2024,mt1_dom,46+,1,0,1,0,1,0.0,1,L,0,0.0,1,L,0,0.0,0,1,0,0,0,0,,0,0,,0,,0,,,2026-08-07 20:10:48
official_market,Cohere-Command,cohere/command-r-08-2024,mt1_ext,15-30,2,0,2,2,0,100.0,2,WW,2,100.0,2,WW,2,100.0,0,2,0,0,0,0,,0,0,,0,,0,,,2026-08-07 19:23:06
official_market,Cohere-Command,cohere/command-r-08-2024,mt1_ext,31-45,5,0,5,3,2,60.0,5,LWLWW,3,60.0,5,LWLWW,3,60.0,0,5,0,0,0,0,,0,0,,0,,0,,,2026-08-07 20:04:18
official_market,Cohere-Command,cohere/command-r-08-2024,mt1_ext,46+,1,0,1,1,0,100.0,1,W,1,100.0,1,W,1,100.0,0,1,0,0,0,0,,0,0,,0,,0,,,2026-08-07 20:10:48
official_market,Cohere-Command,cohere/command-r-08-2024,mt2,31-45,1,0,1,0,1,0.0,1,L,0,0.0,1,L,0,0.0,0,1,0,0,0,0,,0,0,,0,,0,,,2026-08-07 19:53:11
official_market,Cohere-Command,cohere/command-r-08-2024,mt2,46+,1,0,1,0,1,0.0,1,L,0,0.0,1,L,0,0.0,0,1,0,0,0,0,,0,0,,0,,0,,,2026-08-07 20:10:48
official_market,Cohere-Command,cohere/command-r-08-2024,ou05,15-30,4,0,4,4,0,100.0,4,WWWW,4,100.0,4,WWWW,4,100.0,4,0,0,0,0,0,,0,0,,0,,0,,,2026-08-07 19:51:57
official_market,Cohere-Command,cohere/command-r-08-2024,ou05,31-45,6,0,6,6,0,100.0,6,WWWWWW,6,100.0,6,WWWWWW,6,100.0,6,0,0,0,0,0,,0,0,,0,,0,,,2026-08-07 20:04:18
official_market,Cohere-Command,cohere/command-r-08-2024,ou05,46+,1,0,1,1,0,100.0,1,W,1,100.0,1,W,1,100.0,1,0,0,0,0,0,,0,0,,0,,0,,,2026-08-07 20:10:48
official_market,Cohere-Command,cohere/command-r-08-2024,ou15,15-30,4,0,4,4,0,100.0,4,WWWW,4,100.0,4,WWWW,4,100.0,2,0,0,0,2,2,100.0,2,2,100.0,2,100.0,0,,,2026-08-07 19:51:57
official_market,Cohere-Command,cohere/command-r-08-2024,ou15,31-45,6,0,6,5,1,83.33,6,WLWWWW,5,83.33,6,WLWWWW,5,83.33,1,0,0,0,5,4,80.0,5,5,80.0,5,80.0,0,,,2026-08-07 20:04:18
official_market,Cohere-Command,cohere/command-r-08-2024,ou15,46+,1,0,1,1,0,100.0,1,W,1,100.0,1,W,1,100.0,1,0,0,0,0,0,,0,0,,0,,0,,,2026-08-07 20:10:48
official_market,Cohere-Command,cohere/command-r-08-2024,ou25,15-30,4,0,4,3,1,75.0,4,LWWW,3,75.0,4,LWWW,3,75.0,0,0,0,0,4,3,75.0,4,4,75.0,4,75.0,0,,,2026-08-07 19:51:57
official_market,Cohere-Command,cohere/command-r-08-2024,ou25,31-45,6,0,6,5,1,83.33,6,WWWWLW,5,83.33,6,WWWWLW,5,83.33,0,0,0,0,6,5,83.33,6,6,83.33,6,83.33,0,,,2026-08-07 20:04:18
official_market,Cohere-Command,cohere/command-r-08-2024,ou25,46+,1,0,1,1,0,100.0,1,W,1,100.0,1,W,1,100.0,1,0,0,0,0,0,,0,0,,0,,0,,,2026-08-07 20:10:48
official_market,Cohere-Command,cohere/command-r-08-2024,resultat,15-30,4,0,4,2,2,50.0,4,LWLW,2,50.0,4,LWLW,2,50.0,0,4,0,0,0,0,,0,0,,0,,0,,,2026-08-07 19:51:57
official_market,Cohere-Command,cohere/command-r-08-2024,resultat,31-45,6,0,6,2,4,33.33,6,LWLLLW,2,33.33,6,LWLLLW,2,33.33,0,6,0,0,0,0,,0,0,,0,,0,,,2026-08-07 20:04:18
official_market,Cohere-Command,cohere/command-r-08-2024,resultat,46+,1,0,1,0,1,0.0,1,L,0,0.0,1,L,0,0.0,0,1,0,0,0,0,,0,0,,0,,0,,,2026-08-07 20:10:48
official_market,Cohere-Command,cohere/command-r-plus-08-2024,btts,0-14,88,0,88,44,44,50.0,20,LLWWWWWLWWLWWLLWWLLW,12,60.0,10,LLWWWWWLWW,7,70.0,0,0,1,7,80,40,50.0,76,20,50.0,10,60.0,0,,,2026-08-20 18:06:34
official_market,Cohere-Command,cohere/command-r-plus-08-2024,btts,15-30,243,0,243,130,113,53.5,20,WLWLLLLLLLWWWWWWLLLW,9,45.0,10,WLWLLLLLLL,2,20.0,17,0,4,13,213,113,53.05,164,20,50.0,10,50.0,0,,,2026-08-28 19:19:35
official_market,Cohere-Command,cohere/command-r-plus-08-2024,btts,31-45,66,0,66,40,26,60.61,20,WLLLWWWWWWWLWLLWLWLW,12,60.0,10,WLLLWWWWWW,7,70.0,15,0,1,2,49,29,59.18,47,20,60.0,10,50.0,0,,,2026-08-20 19:15:55
official_market,Cohere-Command,cohere/command-r-plus-08-2024,btts,46+,113,0,113,88,25,77.88,20,WLLWWWWWWWWWLWWWWWWW,17,85.0,10,WLLWWWWWWW,8,80.0,44,0,1,3,68,51,75.0,49,20,70.0,10,60.0,0,,,2026-08-20 03:36:31
official_market,Cohere-Command,cohere/command-r-plus-08-2024,mt1,0-14,88,0,88,57,31,64.77,20,WWWLWWLWWWWLLWLWWWLW,14,70.0,10,WWWLWWLWWW,8,80.0,0,88,0,7,0,0,,0,0,,0,,0,,,2026-08-20 18:06:34
official_market,Cohere-Command,cohere/command-r-plus-08-2024,mt1,15-30,243,0,243,165,78,67.9,20,WWLWLWLLLLWWWWWWLLLW,11,55.0,10,WWLWLWLLLL,4,40.0,0,243,0,13,0,0,,0,0,,0,,0,,,2026-08-28 19:19:35
official_market,Cohere-Command,cohere/command-r-plus-08-2024,mt1,31-45,66,0,66,57,9,86.36,20,WWWWWWWWWWWWWLWWWWWW,19,95.0,10,WWWWWWWWWW,10,100.0,0,66,0,2,0,0,,0,0,,0,,0,,,2026-08-20 19:15:55
official_market,Cohere-Command,cohere/command-r-plus-08-2024,mt1,46+,113,0,113,82,31,72.57,20,WWLLWWLWWWLLWWWWWWWW,15,75.0,10,WWLLWWLWWW,7,70.0,0,113,0,3,0,0,,0,0,,0,,0,,,2026-08-20 03:36:31
official_market,Cohere-Command,cohere/command-r-plus-08-2024,mt1_dom,0-14,87,0,87,57,30,65.52,20,WWWWWWLWWWWWWLWWWWLW,17,85.0,10,WWWWWWLWWW,9,90.0,0,87,0,7,0,0,,0,0,,0,,0,,,2026-08-20 18:06:34
official_market,Cohere-Command,cohere/command-r-plus-08-2024,mt1_dom,15-30,243,0,243,153,90,62.96,20,WLLLWWLWWWWWWWWWLWWL,14,70.0,10,WLLLWWLWWW,6,60.0,0,243,0,13,0,0,,0,0,,0,,0,,,2026-08-28 19:19:35
official_market,Cohere-Command,cohere/command-r-plus-08-2024,mt1_dom,31-45,65,0,65,52,13,80.0,20,WWLWWWWWWWWWWLWWWWWW,18,90.0,10,WWLWWWWWWW,9,90.0,0,65,0,2,0,0,,0,0,,0,,0,,,2026-08-20 19:15:55
official_market,Cohere-Command,cohere/command-r-plus-08-2024,mt1_dom,46+,113,0,113,83,30,73.45,20,WWLLWWLWWWLLWWWWWWWW,15,75.0,10,WWLLWWLWWW,7,70.0,0,113,0,3,0,0,,0,0,,0,,0,,,2026-08-20 03:36:31
official_market,Cohere-Command,cohere/command-r-plus-08-2024,mt1_ext,0-14,82,0,82,44,38,53.66,20,WLWLWWWLWWLLWWLWWLWL,12,60.0,10,WLWLWWWLWW,7,70.0,0,82,0,7,0,0,,0,0,,0,,0,,,2026-08-20 18:06:34
official_market,Cohere-Command,cohere/command-r-plus-08-2024,mt1_ext,15-30,219,0,219,137,82,62.56,20,LLWWWWLWLLWWWWWLWLLW,12,60.0,10,LLWWWWLWLL,5,50.0,0,219,0,12,0,0,,0,0,,0,,0,,,2026-08-28 19:19:35
official_market,Cohere-Command,cohere/command-r-plus-08-2024,mt1_ext,31-45,64,0,64,42,22,65.62,20,WWLWLWWLWWWLWLLWWWWW,14,70.0,10,WWLWLWWLWW,7,70.0,0,64,0,2,0,0,,0,0,,0,,0,,,2026-08-20 19:15:55
official_market,Cohere-Command,cohere/command-r-plus-08-2024,mt1_ext,46+,106,0,106,75,31,70.75,20,WLWWWWLWWWWWLWWWLWLW,15,75.0,10,WLWWWWLWWW,8,80.0,0,106,0,3,0,0,,0,0,,0,,0,,,2026-08-20 03:36:31
official_market,Cohere-Command,cohere/command-r-plus-08-2024,mt2,0-14,46,0,46,27,19,58.7,20,WWLWWLWLLWLLWWWWWWLW,13,65.0,10,WWLWWLWLLW,6,60.0,0,46,0,5,0,0,,0,0,,0,,0,,,2026-08-20 18:06:34
official_market,Cohere-Command,cohere/command-r-plus-08-2024,mt2,15-30,125,0,125,68,57,54.4,20,WWLWWLWLWWLLLWLWWWWL,12,60.0,10,WWLWWLWLWW,7,70.0,0,125,0,7,0,0,,0,0,,0,,0,,,2026-08-28 00:35:41
official_market,Cohere-Command,cohere/command-r-plus-08-2024,mt2,31-45,21,0,21,9,12,42.86,20,WLWLLWLWWLLLLWWLLWWL,9,45.0,10,WLWLLWLWWL,5,50.0,0,21,0,0,0,0,,0,0,,0,,0,,,2026-08-19 23:41:52
official_market,Cohere-Command,cohere/command-r-plus-08-2024,mt2,46+,45,0,45,21,24,46.67,20,LWLWWWWLLLWLWLLWLLLW,9,45.0,10,LWLWWWWLLL,5,50.0,0,45,0,1,0,0,,0,0,,0,,0,,,2026-08-20 02:05:58
official_market,Cohere-Command,cohere/command-r-plus-08-2024,mt2_dom,0-14,3,0,3,2,1,66.67,3,WLW,2,66.67,3,WLW,2,66.67,0,3,0,0,0,0,,0,0,,0,,0,,,2026-08-15 10:08:11
official_market,Cohere-Command,cohere/command-r-plus-08-2024,mt2_dom,15-30,7,0,7,4,3,57.14,7,LWWLWWL,4,57.14,7,LWWLWWL,4,57.14,0,7,0,0,0,0,,0,0,,0,,0,,,2026-08-20 17:22:32
official_market,Cohere-Command,cohere/command-r-plus-08-2024,mt2_dom,31-45,3,0,3,1,2,33.33,3,LLW,1,33.33,3,LLW,1,33.33,0,3,0,0,0,0,,0,0,,0,,0,,,2026-08-17 17:42:26
official_market,Cohere-Command,cohere/command-r-plus-08-2024,mt2_dom,46+,1,0,1,1,0,100.0,1,W,1,100.0,1,W,1,100.0,0,1,0,0,0,0,,0,0,,0,,0,,,2026-08-10 17:22:40
official_market,Cohere-Command,cohere/command-r-plus-08-2024,mt2_ext,15-30,2,0,2,1,1,50.0,2,WL,1,50.0,2,WL,1,50.0,0,2,0,0,0,0,,0,0,,0,,0,,,2026-08-15 10:24:45
official_market,Cohere-Command,cohere/command-r-plus-08-2024,ou05,0-14,88,0,88,86,2,97.73,20,WWWLWWWWLWWWWWWWWWWW,18,90.0,10,WWWLWWWWLW,8,80.0,17,0,0,7,66,65,98.48,66,20,95.0,10,90.0,0,,,2026-08-20 18:06:34
official_market,Cohere-Command,cohere/command-r-plus-08-2024,ou05,15-30,243,0,243,230,13,94.65,20,WWWWWWWWWWWWLLWWWWWW,18,90.0,10,WWWWWWWWWW,10,100.0,131,0,0,13,110,97,88.18,95,20,90.0,10,90.0,0,,,2026-08-28 19:19:35
official_market,Cohere-Command,cohere/command-r-plus-08-2024,ou05,31-45,66,0,66,61,5,92.42,20,LWWWWWWWWWWWWWWWWWWW,19,95.0,10,LWWWWWWWWW,9,90.0,47,0,0,2,19,15,78.95,19,19,78.95,10,80.0,0,,,2026-08-20 19:15:55
official_market,Cohere-Command,cohere/command-r-plus-08-2024,ou05,46+,113,0,113,107,6,94.69,20,WWWWWWWWWWWWWWWWWWWW,20,100.0,10,WWWWWWWWWW,10,100.0,98,0,0,3,15,10,66.67,14,14,64.29,10,80.0,0,,,2026-08-20 03:36:31
official_market,Cohere-Command,cohere/command-r-plus-08-2024,ou15,0-14,88,0,88,64,24,72.73,20,WWWLLWLLWWWWLWWWLWWL,13,65.0,10,WWWLLWLLWW,6,60.0,1,0,1,7,79,56,70.89,76,20,70.0,10,70.0,0,,,2026-08-20 18:06:34
official_market,Cohere-Command,cohere/command-r-plus-08-2024,ou15,15-30,243,0,243,185,58,76.13,20,WWLWWLWLWWWWWWWWWLLW,15,75.0,10,WWLWWLWLWW,7,70.0,38,0,2,13,194,138,71.13,153,20,75.0,10,80.0,0,,,2026-08-28 19:19:35
official_market,Cohere-Command,cohere/command-r-plus-08-2024,ou15,31-45,66,0,66,48,18,72.73,20,WWWWWLWWWLWWWLWWWWWW,17,85.0,10,WWWWWLWWWL,8,80.0,22,0,0,2,43,28,65.12,41,20,70.0,10,80.0,0,,,2026-08-20 19:15:55
official_market,Cohere-Command,cohere/command-r-plus-08-2024,ou15,46+,113,0,113,82,31,72.57,20,WLWLWWWWLLWWWWLLWWLW,13,65.0,10,WLWLWWWWLL,6,60.0,58,0,0,3,55,27,49.09,41,20,65.0,10,70.0,0,,,2026-08-20 03:36:31
official_market,Cohere-Command,cohere/command-r-plus-08-2024,ou25,0-14,88,0,88,43,45,48.86,20,LLLWLLLWWLLWLLWLWLWW,8,40.0,10,LLLWLLLWWL,3,30.0,0,0,1,7,80,40,50.0,76,20,40.0,10,30.0,0,,,2026-08-20 18:06:34
official_market,Cohere-Command,cohere/command-r-plus-08-2024,ou25,15-30,260,0,260,148,112,56.92,20,WLWWLWWLLLWWWWLWLLLW,11,55.0,10,WLWWLWWLLL,5,50.0,4,0,5,13,240,137,57.08,175,20,55.0,10,60.0,16,4.07,25.44,2026-08-28 19:19:35
official_market,Cohere-Command,cohere/command-r-plus-08-2024,ou25,31-45,66,0,66,48,18,72.73,20,WWLLLWWLWWWWWWLWWWWW,15,75.0,10,WWLLLWWLWW,6,60.0,6,0,1,2,57,42,73.68,55,20,65.0,10,60.0,0,,,2026-08-20 19:15:55
official_market,Cohere-Command,cohere/command-r-plus-08-2024,ou25,46+,113,0,113,81,32,71.68,20,WWWWWWLLWWWWWLWWWWWL,16,80.0,10,WWWWWWLLWW,8,80.0,24,0,1,3,88,63,71.59,64,20,65.0,10,70.0,6,0.52,8.67,2026-08-20 03:36:31
official_market,Cohere-Command,cohere/command-r-plus-08-2024,resultat,0-14,88,0,88,41,47,46.59,20,WLWLWWLLWWLWWLLWLWLW,11,55.0,10,WLWLWWLLWW,6,60.0,0,88,0,7,0,0,,0,0,,0,,0,,,2026-08-20 18:06:34
official_market,Cohere-Command,cohere/command-r-plus-08-2024,resultat,15-30,243,0,243,111,132,45.68,20,LLLLWWWLWLLLWWWWWLWL,10,50.0,10,LLLLWWWLWL,4,40.0,0,243,0,13,0,0,,0,0,,0,,0,,,2026-08-28 19:19:35
official_market,Cohere-Command,cohere/command-r-plus-08-2024,resultat,31-45,66,0,66,36,30,54.55,20,WWWLLWWLWLLLWWLWLWWL,11,55.0,10,WWWLLWWLWL,6,60.0,0,66,0,2,0,0,,0,0,,0,,0,,,2026-08-20 19:15:55
official_market,Cohere-Command,cohere/command-r-plus-08-2024,resultat,46+,113,0,113,71,42,62.83,20,LLLWLWLLWWWWWLWLWWLL,10,50.0,10,LLLWLWLLWW,4,40.0,0,113,0,3,0,0,,0,0,,0,,0,,,2026-08-20 03:36:31
official_market,Cohere-Command,command-r-plus-08-2024,btts,15-30,11,0,11,6,5,54.55,11,WLLLWWWWWLL,6,54.55,10,WLLLWWWWWL,6,60.0,3,0,0,0,8,4,50.0,8,8,50.0,8,50.0,0,,,2026-08-29 16:01:51
official_market,Cohere-Command,command-r-plus-08-2024,mt1,15-30,11,0,11,8,3,72.73,11,WWWWWWLWWLL,8,72.73,10,WWWWWWLWWL,8,80.0,0,11,0,0,0,0,,0,0,,0,,0,,,2026-08-29 16:01:51
official_market,Cohere-Command,command-r-plus-08-2024,mt1_dom,15-30,11,0,11,8,3,72.73,11,WWWLWWWWWLL,8,72.73,10,WWWLWWWWWL,8,80.0,0,11,0,0,0,0,,0,0,,0,,0,,,2026-08-29 16:01:51
official_market,Cohere-Command,command-r-plus-08-2024,mt1_ext,15-30,10,0,10,6,4,60.0,10,WWWWWLWLLL,6,60.0,10,WWWWWLWLLL,6,60.0,0,10,0,0,0,0,,0,0,,0,,0,,,2026-08-29 16:01:51
official_market,Cohere-Command,command-r-plus-08-2024,mt2,15-30,5,0,5,3,2,60.0,5,LWLWW,3,60.0,5,LWLWW,3,60.0,0,5,0,0,0,0,,0,0,,0,,0,,,2026-08-29 14:41:10
official_market,Cohere-Command,command-r-plus-08-2024,mt2_dom,15-30,1,0,1,1,0,100.0,1,W,1,100.0,1,W,1,100.0,0,1,0,0,0,0,,0,0,,0,,0,,,2026-08-29 13:48:58
official_market,Cohere-Command,command-r-plus-08-2024,mt2_ext,15-30,1,0,1,1,0,100.0,1,W,1,100.0,1,W,1,100.0,0,1,0,0,0,0,,0,0,,0,,0,,,2026-08-29 13:48:58
official_market,Cohere-Command,command-r-plus-08-2024,ou05,15-30,11,0,11,10,1,90.91,11,WWLWWWWWWWW,10,90.91,10,WWLWWWWWWW,9,90.0,6,0,0,0,5,4,80.0,5,5,80.0,5,80.0,0,,,2026-08-29 16:01:51
official_market,Cohere-Command,command-r-plus-08-2024,ou15,15-30,11,0,11,9,2,81.82,11,WWLWWWLWWWW,9,81.82,10,WWLWWWLWWW,8,80.0,3,0,0,0,8,6,75.0,8,8,75.0,8,75.0,0,,,2026-08-29 16:01:51
official_market,Cohere-Command,command-r-plus-08-2024,ou25,15-30,11,0,11,4,7,36.36,11,WLLLWLLWWLL,4,36.36,10,WLLLWLLWWL,4,40.0,3,0,1,0,7,2,28.57,7,7,28.57,7,28.57,1,-1,-100.0,2026-08-29 16:01:51
official_market,Cohere-Command,command-r-plus-08-2024,resultat,15-30,11,0,11,5,6,45.45,11,WWLLWLWLLWL,5,45.45,10,WWLLWLWLLW,5,50.0,0,11,0,0,0,0,,0,0,,0,,0,,,2026-08-29 16:01:51
official_market,Cohere-Command,llama-3.3-70b-versatile,btts,0-14,1,0,1,1,0,100.0,1,W,1,100.0,1,W,1,100.0,0,0,0,0,1,1,100.0,1,1,100.0,1,100.0,0,,,2026-08-08 10:25:25
official_market,Cohere-Command,llama-3.3-70b-versatile,mt1,0-14,1,0,1,1,0,100.0,1,W,1,100.0,1,W,1,100.0,0,1,0,0,0,0,,0,0,,0,,0,,,2026-08-08 10:25:25
official_market,Cohere-Command,llama-3.3-70b-versatile,mt1_dom,0-14,1,0,1,1,0,100.0,1,W,1,100.0,1,W,1,100.0,0,1,0,0,0,0,,0,0,,0,,0,,,2026-08-08 10:25:25
official_market,Cohere-Command,llama-3.3-70b-versatile,mt1_ext,0-14,1,0,1,1,0,100.0,1,W,1,100.0,1,W,1,100.0,0,1,0,0,0,0,,0,0,,0,,0,,,2026-08-08 10:25:25
official_market,Cohere-Command,llama-3.3-70b-versatile,mt2,0-14,1,0,1,1,0,100.0,1,W,1,100.0,1,W,1,100.0,0,1,0,0,0,0,,0,0,,0,,0,,,2026-08-08 10:25:25
official_market,Cohere-Command,llama-3.3-70b-versatile,mt2_dom,0-14,1,0,1,1,0,100.0,1,W,1,100.0,1,W,1,100.0,0,1,0,0,0,0,,0,0,,0,,0,,,2026-08-08 10:25:25
official_market,Cohere-Command,llama-3.3-70b-versatile,ou05,0-14,1,0,1,1,0,100.0,1,W,1,100.0,1,W,1,100.0,1,0,0,0,0,0,,0,0,,0,,0,,,2026-08-08 10:25:25
official_market,Cohere-Command,llama-3.3-70b-versatile,ou15,0-14,1,0,1,1,0,100.0,1,W,1,100.0,1,W,1,100.0,0,0,0,0,1,1,100.0,1,1,100.0,1,100.0,0,,,2026-08-08 10:25:25
official_market,Cohere-Command,llama-3.3-70b-versatile,ou25,0-14,1,0,1,1,0,100.0,1,W,1,100.0,1,W,1,100.0,0,0,0,0,1,1,100.0,1,1,100.0,1,100.0,0,,,2026-08-08 10:25:25
official_market,Cohere-Command,llama-3.3-70b-versatile,resultat,0-14,1,0,1,1,0,100.0,1,W,1,100.0,1,W,1,100.0,0,1,0,0,0,0,,0,0,,0,,0,,,2026-08-08 10:25:25
official_market,Cohere-Command,model_id_not_proven,btts,0-14,624,0,272,140,132,51.47,20,LLLLWLWLWLLWLLWLLWWL,7,35.0,10,LLLLWLWLWL,3,30.0,79,0,0,91,157,78,49.68,146,20,35.0,10,30.0,0,,,2026-08-20 16:06:41
official_market,Cohere-Command,model_id_not_proven,btts,15-30,957,0,944,558,386,59.11,20,WWLWLWWWLLLWLWLLLWWW,11,55.0,10,WWLWLWWWLL,6,60.0,105,0,1,158,700,378,54.0,546,20,60.0,10,60.0,0,,,2026-08-28 19:37:01
official_market,Cohere-Command,model_id_not_proven,btts,31-45,767,0,756,507,249,67.06,20,WWWWLWWLWWLLWWLWLWWW,14,70.0,10,WWWWLWWLWW,8,80.0,203,0,1,123,460,253,55.0,415,20,50.0,10,50.0,0,,,2026-08-15 00:17:56
official_market,Cohere-Command,model_id_not_proven,btts,46+,843,0,833,675,158,81.03,20,WLWLWWWWWWWWWLWLLLWW,14,70.0,10,WLWLWWWWWW,8,80.0,334,0,1,101,427,299,70.02,352,20,65.0,10,50.0,1,1.1,110.0,2026-08-19 00:05:13
official_market,Cohere-Command,model_id_not_proven,btts,unknown,302,0,79,55,24,69.62,20,WWWWLWWWWWWWWWWWWWWW,19,95.0,10,WWWWLWWWWW,9,90.0,0,79,0,79,0,0,,0,0,,0,,0,,,2026-08-19 02:17:23
official_market,Cohere-Command,model_id_not_proven,mt1,0-14,624,0,272,122,150,44.85,20,LWWLLLWWWLLWLLLLWWWL,9,45.0,10,LWWLLLWWWL,5,50.0,0,272,0,91,0,0,,0,0,,0,,0,,,2026-08-20 16:06:41
official_market,Cohere-Command,model_id_not_proven,mt1,15-30,957,0,944,716,228,75.85,20,WWWWLWWWWWLLWWWLWWWL,15,75.0,10,WWWWLWWWWW,9,90.0,0,944,0,158,0,0,,0,0,,0,,0,,,2026-08-28 19:37:01
official_market,Cohere-Command,model_id_not_proven,mt1,31-45,767,0,756,694,62,91.8,20,WWWWWWWWWWLLWWWWLWWL,16,80.0,10,WWWWWWWWWW,10,100.0,0,756,0,123,0,0,,0,0,,0,,0,,,2026-08-15 00:17:56
official_market,Cohere-Command,model_id_not_proven,mt1,46+,843,0,833,682,151,81.87,20,WLWWWWWLWLWWWWWWLLWW,15,75.0,10,WLWWWWWLWL,7,70.0,0,833,0,101,0,0,,0,0,,0,,0,,,2026-08-19 00:05:13
official_market,Cohere-Command,model_id_not_proven,mt1,unknown,302,0,79,57,22,72.15,20,WWWWLLWWWWWWWWWWWWWW,18,90.0,10,WWWWLLWWWW,8,80.0,0,79,0,79,0,0,,0,0,,0,,0,,,2026-08-19 02:17:23
official_market,Cohere-Command,model_id_not_proven,mt1_dom,0-14,10,0,10,7,3,70.0,10,LWWWLWWWWL,7,70.0,10,LWWWLWWWWL,7,70.0,0,10,0,0,0,0,,0,0,,0,,0,,,2026-08-20 16:06:41
official_market,Cohere-Command,model_id_not_proven,mt1_dom,15-30,46,0,46,34,12,73.91,20,WWWWWWWWWLLLWWWLWWLW,15,75.0,10,WWWWWWWWWL,9,90.0,0,46,0,1,0,0,,0,0,,0,,0,,,2026-08-28 19:37:01
official_market,Cohere-Command,model_id_not_proven,mt1_dom,31-45,2,0,2,0,2,0.0,2,LL,0,0.0,2,LL,0,0.0,0,2,0,0,0,0,,0,0,,0,,0,,,2026-08-15 00:17:56
official_market,Cohere-Command,model_id_not_proven,mt1_dom,46+,3,0,3,2,1,66.67,3,WLW,2,66.67,3,WLW,2,66.67,0,3,0,0,0,0,,0,0,,0,,0,,,2026-08-19 00:05:13
official_market,Cohere-Command,model_id_not_proven,mt1_dom,unknown,3,0,3,3,0,100.0,3,WWW,3,100.0,3,WWW,3,100.0,0,3,0,3,0,0,,0,0,,0,,0,,,2026-08-19 02:17:23
official_market,Cohere-Command,model_id_not_proven,mt1_ext,0-14,10,0,10,6,4,60.0,10,LWWLWLWWLW,6,60.0,10,LWWLWLWWLW,6,60.0,0,10,0,0,0,0,,0,0,,0,,0,,,2026-08-20 16:06:41
official_market,Cohere-Command,model_id_not_proven,mt1_ext,15-30,44,0,44,30,14,68.18,20,WLLLWWWLWLWWWWWWWWLL,13,65.0,10,WLLLWWWLWL,5,50.0,0,44,0,1,0,0,,0,0,,0,,0,,,2026-08-28 19:37:01
official_market,Cohere-Command,model_id_not_proven,mt1_ext,31-45,2,0,2,1,1,50.0,2,LW,1,50.0,2,LW,1,50.0,0,2,0,0,0,0,,0,0,,0,,0,,,2026-08-15 00:17:56
official_market,Cohere-Command,model_id_not_proven,mt1_ext,46+,3,0,3,3,0,100.0,3,WWW,3,100.0,3,WWW,3,100.0,0,3,0,0,0,0,,0,0,,0,,0,,,2026-08-19 00:05:13
official_market,Cohere-Command,model_id_not_proven,mt1_ext,unknown,3,0,3,1,2,33.33,3,LWL,1,33.33,3,LWL,1,33.33,0,3,0,3,0,0,,0,0,,0,,0,,,2026-08-19 02:17:23
official_market,Cohere-Command,model_id_not_proven,mt2,0-14,9,0,9,5,4,55.56,9,LLWLLWWWW,5,55.56,9,LLWLLWWWW,5,55.56,0,9,0,0,0,0,,0,0,,0,,0,,,2026-08-20 16:06:41
official_market,Cohere-Command,model_id_not_proven,mt2,15-30,23,0,23,7,16,30.43,20,LWWLLWLWLLLLWLLLLLWW,7,35.0,10,LWWLLWLWLL,4,40.0,0,23,0,1,0,0,,0,0,,0,,0,,,2026-08-28 19:37:01
official_market,Cohere-Command,model_id_not_proven,mt2,31-45,2,0,2,1,1,50.0,2,LW,1,50.0,2,LW,1,50.0,0,2,0,0,0,0,,0,0,,0,,0,,,2026-08-15 00:17:56
official_market,Cohere-Command,model_id_not_proven,mt2,46+,1,0,1,0,1,0.0,1,L,0,0.0,1,L,0,0.0,0,1,0,0,0,0,,0,0,,0,,0,,,2026-08-16 03:25:22
official_market,Cohere-Command,model_id_not_proven,mt2,unknown,1,0,1,0,1,0.0,1,L,0,0.0,1,L,0,0.0,0,1,0,1,0,0,,0,0,,0,,0,,,2026-08-18 21:59:04
official_market,Cohere-Command,model_id_not_proven,mt2_dom,0-14,1,0,1,0,1,0.0,1,L,0,0.0,1,L,0,0.0,0,1,0,0,0,0,,0,0,,0,,0,,,2026-08-08 10:12:47
official_market,Cohere-Command,model_id_not_proven,mt2_dom,15-30,2,0,2,0,2,0.0,2,LL,0,0.0,2,LL,0,0.0,0,2,0,0,0,0,,0,0,,0,,0,,,2026-08-08 10:30:51
official_market,Cohere-Command,model_id_not_proven,ou05,0-14,10,0,10,9,1,90.0,10,LWWWWWWWWW,9,90.0,10,LWWWWWWWWW,9,90.0,2,0,0,0,8,7,87.5,8,8,87.5,8,87.5,0,,,2026-08-20 16:06:41
official_market,Cohere-Command,model_id_not_proven,ou05,15-30,47,0,47,42,5,89.36,20,WWWWWWWWWWLLWLWWWWWW,17,85.0,10,WWWWWWWWWW,10,100.0,28,0,1,1,18,14,77.78,16,16,81.25,10,80.0,0,,,2026-08-28 19:37:01
official_market,Cohere-Command,model_id_not_proven,ou05,31-45,2,0,2,2,0,100.0,2,WW,2,100.0,2,WW,2,100.0,2,0,0,0,0,0,,0,0,,0,,0,,,2026-08-15 00:17:56
official_market,Cohere-Command,model_id_not_proven,ou05,46+,4,0,4,2,2,50.0,4,LWWL,2,50.0,4,LWWL,2,50.0,2,0,0,0,2,0,0.0,2,2,0.0,2,0.0,0,,,2026-08-19 00:05:13
official_market,Cohere-Command,model_id_not_proven,ou05,unknown,3,0,3,3,0,100.0,3,WWW,3,100.0,3,WWW,3,100.0,0,3,0,3,0,0,,0,0,,0,,0,,,2026-08-19 02:17:23
official_market,Cohere-Command,model_id_not_proven,ou15,0-14,10,0,10,6,4,60.0,10,LWWWWLWLWL,6,60.0,10,LWWWWLWLWL,6,60.0,0,0,0,0,10,6,60.0,10,10,60.0,10,60.0,0,,,2026-08-20 16:06:41
official_market,Cohere-Command,model_id_not_proven,ou15,15-30,47,0,47,28,19,59.57,20,WWWLLLWLWWLLWLWWWLWL,11,55.0,10,WWWLLLWLWW,6,60.0,6,0,1,1,40,21,52.5,36,20,45.0,10,40.0,0,,,2026-08-28 19:37:01
official_market,Cohere-Command,model_id_not_proven,ou15,31-45,2,0,2,1,1,50.0,2,LW,1,50.0,2,LW,1,50.0,1,0,0,0,1,0,0.0,1,1,0.0,1,0.0,0,,,2026-08-15 00:17:56
official_market,Cohere-Command,model_id_not_proven,ou15,46+,4,0,4,2,2,50.0,4,WLWL,2,50.0,4,WLWL,2,50.0,1,0,0,0,3,1,33.33,3,3,33.33,3,33.33,0,,,2026-08-19 00:05:13
official_market,Cohere-Command,model_id_not_proven,ou15,unknown,3,0,3,3,0,100.0,3,WWW,3,100.0,3,WWW,3,100.0,0,3,0,3,0,0,,0,0,,0,,0,,,2026-08-19 02:17:23
official_market,Cohere-Command,model_id_not_proven,ou25,0-14,624,0,272,126,146,46.32,20,LLLLWLWLWLLWLWLLWWWL,8,40.0,10,LLLLWLWLWL,3,30.0,79,0,0,91,158,64,40.51,147,20,40.0,10,30.0,0,,,2026-08-20 16:06:41
official_market,Cohere-Command,model_id_not_proven,ou25,15-30,959,0,946,595,351,62.9,20,WWLWLLWWLLLWWWWWLLLW,11,55.0,10,WWLWLLWWLL,5,50.0,46,0,1,158,754,463,61.41,586,20,60.0,10,50.0,10,7.06,70.6,2026-08-28 19:37:01
official_market,Cohere-Command,model_id_not_proven,ou25,31-45,767,0,756,552,204,73.02,20,WWWWWLWLWWLLWWWWLWWW,15,75.0,10,WWWWWLWLWW,8,80.0,127,0,1,123,535,365,68.22,476,20,70.0,10,70.0,22,14.04,63.82,2026-08-15 00:17:56
official_market,Cohere-Command,model_id_not_proven,ou25,46+,843,0,833,649,184,77.91,20,WWWLWWWLLWWWWLWLLLLW,12,60.0,10,WWWLWWWLLW,7,70.0,259,0,1,101,511,351,68.69,415,20,65.0,10,80.0,118,56.28,47.69,2026-08-19 00:05:13
official_market,Cohere-Command,model_id_not_proven,ou25,unknown,302,0,79,53,26,67.09,20,WWWWLWWWWWWWWWWWWWWW,19,95.0,10,WWWWLWWWWW,9,90.0,0,79,0,79,0,0,,0,0,,0,,0,,,2026-08-19 02:17:23
official_market,Cohere-Command,model_id_not_proven,resultat,0-14,624,0,272,122,150,44.85,20,LLWLLLLLWLLLLLWLWLWL,5,25.0,10,LLWLLLLLWL,2,20.0,0,272,0,91,0,0,,0,0,,0,,0,,,2026-08-20 16:06:41
official_market,Cohere-Command,model_id_not_proven,resultat,15-30,957,0,944,492,452,52.12,20,WLWLLWWWLLLLWWWLWLWL,10,50.0,10,WLWLLWWWLL,5,50.0,0,944,0,158,0,0,,0,0,,0,,0,,,2026-08-28 19:37:01
official_market,Cohere-Command,model_id_not_proven,resultat,31-45,767,0,756,446,310,58.99,20,WLWWWWWWWWWWWLWWWLWL,16,80.0,10,WLWWWWWWWW,9,90.0,0,756,0,123,0,0,,0,0,,0,,0,,,2026-08-15 00:17:56
official_market,Cohere-Command,model_id_not_proven,resultat,46+,843,0,833,538,295,64.59,20,WLWLWWLLLLLWLWWWWWWW,12,60.0,10,WLWLWWLLLL,4,40.0,0,833,0,101,0,0,,0,0,,0,,0,,,2026-08-19 00:05:13
official_market,Cohere-Command,model_id_not_proven,resultat,unknown,302,0,79,44,35,55.7,20,WWWWLLWWWWWWWWLWLLWW,15,75.0,10,WWWWLLWWWW,8,80.0,0,79,0,79,0,0,,0,0,,0,,0,,,2026-08-19 02:17:23
official_market,DeepSeek-V3,deepseek/deepseek-chat,btts,0-14,47,0,47,24,23,51.06,20,LWWWLLWWWWLWWLWLLLLW,11,55.0,10,LWWWLLWWWW,7,70.0,0,0,0,2,45,23,51.11,44,20,55.0,10,60.0,0,,,2026-08-20 17:16:51
official_market,DeepSeek-V3,deepseek/deepseek-chat,btts,15-30,260,0,260,151,109,58.08,20,WLLWLLWWWLWWWWLWWWWW,14,70.0,10,WLLWLLWWWL,5,50.0,22,0,7,10,225,123,54.67,183,20,40.0,10,60.0,0,,,2026-09-06 14:52:04
official_market,DeepSeek-V3,deepseek/deepseek-chat,btts,31-45,39,0,39,27,12,69.23,20,LWWLWWWWWLWWWWLWWLWW,15,75.0,10,LWWLWWWWWL,7,70.0,11,0,0,2,27,18,66.67,25,20,70.0,10,60.0,0,,,2026-09-05 19:32:51
official_market,DeepSeek-V3,deepseek/deepseek-chat,btts,46+,46,0,46,34,12,73.91,20,WWLWWWWWWWLWWWWWWWWW,18,90.0,10,WWLWWWWWWW,9,90.0,16,0,0,2,30,21,70.0,29,20,80.0,10,80.0,0,,,2026-08-20 18:43:44
official_market,DeepSeek-V3,deepseek/deepseek-chat,mt1,0-14,47,0,47,23,24,48.94,20,WWLLLWLWLWLWLWWLLLWL,9,45.0,10,WWLLLWLWLW,5,50.0,0,47,0,2,0,0,,0,0,,0,,0,,,2026-08-20 17:16:51
official_market,DeepSeek-V3,deepseek/deepseek-chat,mt1,15-30,260,0,260,199,61,76.54,20,WLWWWLWWLLWWWWWWWWWL,15,75.0,10,WLWWWLWWLL,6,60.0,0,260,0,10,0,0,,0,0,,0,,0,,,2026-09-06 14:52:04
official_market,DeepSeek-V3,deepseek/deepseek-chat,mt1,31-45,39,0,39,34,5,87.18,20,WWWWWWWWWWWWWWWWWWWW,20,100.0,10,WWWWWWWWWW,10,100.0,0,39,0,2,0,0,,0,0,,0,,0,,,2026-09-05 19:32:51
official_market,DeepSeek-V3,deepseek/deepseek-chat,mt1,46+,46,0,46,38,8,82.61,20,WWWWWWWWWWWWLWWWWWWW,19,95.0,10,WWWWWWWWWW,10,100.0,0,46,0,2,0,0,,0,0,,0,,0,,,2026-08-20 18:43:44
official_market,DeepSeek-V3,deepseek/deepseek-chat,mt1_dom,0-14,47,0,47,24,23,51.06,20,WWLWLWLLLWWWLWWLLLWW,11,55.0,10,WWLWLWLLLW,5,50.0,0,47,0,2,0,0,,0,0,,0,,0,,,2026-08-20 17:16:51
official_market,DeepSeek-V3,deepseek/deepseek-chat,mt1_dom,15-30,259,0,259,174,85,67.18,20,WLWLWWWWWWWWWWWWWWWL,17,85.0,10,WLWLWWWWWW,8,80.0,0,259,0,10,0,0,,0,0,,0,,0,,,2026-09-06 14:52:04
official_market,DeepSeek-V3,deepseek/deepseek-chat,mt1_dom,31-45,39,0,39,30,9,76.92,20,WWWWWWWWWWWWWWWLLWLW,17,85.0,10,WWWWWWWWWW,10,100.0,0,39,0,2,0,0,,0,0,,0,,0,,,2026-09-05 19:32:51
official_market,DeepSeek-V3,deepseek/deepseek-chat,mt1_dom,46+,46,0,46,38,8,82.61,20,WWWWWWWWWWWWLWWWWWWW,19,95.0,10,WWWWWWWWWW,10,100.0,0,46,0,2,0,0,,0,0,,0,,0,,,2026-08-20 18:43:44
official_market,DeepSeek-V3,deepseek/deepseek-chat,mt1_ext,0-14,47,0,47,29,18,61.7,20,WLWLWWWWWLLWWWWWWLWL,14,70.0,10,WLWLWWWWWL,7,70.0,0,47,0,2,0,0,,0,0,,0,,0,,,2026-08-20 17:16:51
official_market,DeepSeek-V3,deepseek/deepseek-chat,mt1_ext,15-30,259,0,259,164,95,63.32,20,WWWLWLWWLLWWLWWWWLLW,13,65.0,10,WWWLWLWWLL,6,60.0,0,259,0,10,0,0,,0,0,,0,,0,,,2026-09-06 14:52:04
official_market,DeepSeek-V3,deepseek/deepseek-chat,mt1_ext,31-45,39,0,39,29,10,74.36,20,WLWWLLWWWWWWWWWLLWWW,15,75.0,10,WLWWLLWWWW,7,70.0,0,39,0,2,0,0,,0,0,,0,,0,,,2026-09-05 19:32:51
official_market,DeepSeek-V3,deepseek/deepseek-chat,mt1_ext,46+,45,0,45,36,9,80.0,20,WLWWWWWWWWWLWWWWWWWL,17,85.0,10,WLWWWWWWWW,9,90.0,0,45,0,2,0,0,,0,0,,0,,0,,,2026-08-20 18:43:44
official_market,DeepSeek-V3,deepseek/deepseek-chat,mt2,0-14,47,0,47,34,13,72.34,20,WWWWWWWWWLWWWWLWWWLL,16,80.0,10,WWWWWWWWWL,9,90.0,0,47,0,2,0,0,,0,0,,0,,0,,,2026-08-20 17:16:51
official_market,DeepSeek-V3,deepseek/deepseek-chat,mt2,15-30,259,0,259,190,69,73.36,20,WWLWWWWWWWWWWWWWWWWW,19,95.0,10,WWLWWWWWWW,9,90.0,0,259,0,10,0,0,,0,0,,0,,0,,,2026-09-06 14:52:04
official_market,DeepSeek-V3,deepseek/deepseek-chat,mt2,31-45,39,0,39,28,11,71.79,20,WWWWLLLWLWWLLWWLWWWW,13,65.0,10,WWWWLLLWLW,6,60.0,0,39,0,2,0,0,,0,0,,0,,0,,,2026-09-05 19:32:51
official_market,DeepSeek-V3,deepseek/deepseek-chat,mt2,46+,45,0,45,34,11,75.56,20,WWWLLLWLWWWWWWWWLWWW,15,75.0,10,WWWLLLWLWW,6,60.0,0,45,0,2,0,0,,0,0,,0,,0,,,2026-08-20 18:43:44
official_market,DeepSeek-V3,deepseek/deepseek-chat,mt2_dom,0-14,46,0,46,23,23,50.0,20,WLWWLWWWWLWWWWLLLWLL,12,60.0,10,WLWWLWWWWL,7,70.0,0,46,0,2,0,0,,0,0,,0,,0,,,2026-08-20 17:16:51
official_market,DeepSeek-V3,deepseek/deepseek-chat,mt2_dom,15-30,249,0,249,134,115,53.82,20,WWLWWWLLWWWWWWLLWLWW,14,70.0,10,WWLWWWLLWW,7,70.0,0,249,0,10,0,0,,0,0,,0,,0,,,2026-09-06 14:52:04
official_market,DeepSeek-V3,deepseek/deepseek-chat,mt2_dom,31-45,38,0,38,19,19,50.0,20,WWLWLLLLLLWLLWWWWWWW,11,55.0,10,WWLWLLLLLL,3,30.0,0,38,0,2,0,0,,0,0,,0,,0,,,2026-09-05 19:32:51
official_market,DeepSeek-V3,deepseek/deepseek-chat,mt2_dom,46+,43,0,43,22,21,51.16,20,WWLLWLLLWLWWLWWWWLLW,11,55.0,10,WWLLWLLLWL,4,40.0,0,43,0,2,0,0,,0,0,,0,,0,,,2026-08-20 18:43:44
official_market,DeepSeek-V3,deepseek/deepseek-chat,mt2_ext,0-14,40,0,40,22,18,55.0,20,WLWWLLWWWWLWWLLWWWLL,12,60.0,10,WLWWLLWWWW,7,70.0,0,40,0,1,0,0,,0,0,,0,,0,,,2026-08-20 17:16:51
official_market,DeepSeek-V3,deepseek/deepseek-chat,mt2_ext,15-30,219,0,219,118,101,53.88,20,WWWLLLLWLLLWLLLWLWWL,8,40.0,10,WWWLLLLWLL,4,40.0,0,219,0,10,0,0,,0,0,,0,,0,,,2026-09-06 14:52:04
official_market,DeepSeek-V3,deepseek/deepseek-chat,mt2_ext,31-45,28,0,28,12,16,42.86,20,LWLWWWLWWWLLWWLLLLLW,10,50.0,10,LWLWWWLWWW,7,70.0,0,28,0,1,0,0,,0,0,,0,,0,,,2026-09-05 19:32:51
official_market,DeepSeek-V3,deepseek/deepseek-chat,mt2_ext,46+,37,0,37,14,23,37.84,20,WLWWLLWLLLLWLLLWLLWW,8,40.0,10,WLWWLLWLLL,4,40.0,0,37,0,2,0,0,,0,0,,0,,0,,,2026-08-20 18:43:44
official_market,DeepSeek-V3,deepseek/deepseek-chat,ou05,0-14,47,0,47,45,2,95.74,20,WWWWWWWWWWWWWWLWWWWW,19,95.0,10,WWWWWWWWWW,10,100.0,14,0,0,2,32,30,93.75,32,20,90.0,10,90.0,0,,,2026-08-20 17:16:51
official_market,DeepSeek-V3,deepseek/deepseek-chat,ou05,15-30,260,0,260,240,20,92.31,20,WWWWWWWWWWWWWWWWWWWW,20,100.0,10,WWWWWWWWWW,10,100.0,150,0,4,10,105,89,84.76,96,20,90.0,10,90.0,0,,,2026-09-06 14:52:04
official_market,DeepSeek-V3,deepseek/deepseek-chat,ou05,31-45,39,0,39,35,4,89.74,20,WWWWWWWWLWWLLWWWWWWW,17,85.0,10,WWWWWWWWLW,9,90.0,26,0,0,2,12,8,66.67,12,12,66.67,10,60.0,0,,,2026-09-05 19:32:51
official_market,DeepSeek-V3,deepseek/deepseek-chat,ou05,46+,46,0,46,41,5,89.13,20,LWWWWLWLWWWWWWWWWWWW,17,85.0,10,LWWWWLWLWW,7,70.0,36,0,0,2,10,5,50.0,10,10,50.0,10,50.0,0,,,2026-08-20 18:43:44
official_market,DeepSeek-V3,deepseek/deepseek-chat,ou15,0-14,47,0,47,23,24,48.94,20,WWLLWLLWLWLWLWWLLLLL,8,40.0,10,WWLLWLLWLW,5,50.0,0,0,0,2,45,21,46.67,44,20,40.0,10,40.0,0,,,2026-08-20 17:16:51
official_market,DeepSeek-V3,deepseek/deepseek-chat,ou15,15-30,260,0,260,183,77,70.38,20,LLWWWLWWLWWLWWLWWWWW,14,70.0,10,LLWWWLWWLW,6,60.0,41,0,7,10,206,137,66.5,169,20,70.0,10,60.0,0,,,2026-09-06 14:52:04
official_market,DeepSeek-V3,deepseek/deepseek-chat,ou15,31-45,39,0,39,31,8,79.49,20,WWWLWWLWWWWWWWWLWWWW,17,85.0,10,WWWLWWLWWW,8,80.0,15,0,0,2,23,16,69.57,21,20,70.0,10,80.0,0,,,2026-09-05 19:32:51
official_market,DeepSeek-V3,deepseek/deepseek-chat,ou15,46+,46,0,46,33,13,71.74,20,WWLLWWWWWWWWWWWWLWWW,17,85.0,10,WWLLWWWWWW,8,80.0,22,0,0,2,24,11,45.83,23,20,50.0,10,70.0,0,,,2026-08-20 18:43:44
official_market,DeepSeek-V3,deepseek/deepseek-chat,ou25,0-14,47,0,47,22,25,46.81,20,WWLLLWLWLWWWWLWLLLLW,10,50.0,10,WWLLLWLWLW,5,50.0,0,0,0,2,45,20,44.44,44,20,45.0,10,50.0,0,,,2026-08-20 17:16:51
official_market,DeepSeek-V3,deepseek/deepseek-chat,ou25,15-30,271,0,271,163,108,60.15,20,LWLLLLLLLLLWLWWLWWLW,7,35.0,10,LWLLLLLLLL,1,10.0,10,0,7,10,247,147,59.51,196,20,40.0,10,30.0,30,7.87,26.23,2026-09-06 14:52:04
official_market,DeepSeek-V3,deepseek/deepseek-chat,ou25,31-45,39,0,39,26,13,66.67,20,LWWLLLWWWWWWWWLWWWWW,15,75.0,10,LWWLLLWWWW,6,60.0,4,0,0,2,34,22,64.71,31,20,70.0,10,60.0,0,,,2026-09-05 19:32:51
official_market,DeepSeek-V3,deepseek/deepseek-chat,ou25,46+,46,0,46,34,12,73.91,20,WWWWWWWWLWWWWWWWWWLW,18,90.0,10,WWWWWWWWLW,9,90.0,10,0,0,2,35,25,71.43,34,20,80.0,10,90.0,0,,,2026-08-20 18:43:44
official_market,DeepSeek-V3,deepseek/deepseek-chat,resultat,0-14,47,0,47,19,28,40.43,20,WLWWLWWLWLWWLWLWLLWL,11,55.0,10,WLWWLWWLWL,6,60.0,0,47,0,2,0,0,,0,0,,0,,0,,,2026-08-20 17:16:51
official_market,DeepSeek-V3,deepseek/deepseek-chat,resultat,15-30,260,0,260,123,137,47.31,20,WWWLWLWWLLWWLWWWWLLL,12,60.0,10,WWWLWLWWLL,6,60.0,0,260,0,10,0,0,,0,0,,0,,0,,,2026-09-06 14:52:04
official_market,DeepSeek-V3,deepseek/deepseek-chat,resultat,31-45,39,0,39,23,16,58.97,20,WWLLWLWLWLLLLWWLWWLW,10,50.0,10,WWLLWLWLWL,5,50.0,0,39,0,2,0,0,,0,0,,0,,0,,,2026-09-05 19:32:51
official_market,DeepSeek-V3,deepseek/deepseek-chat,resultat,46+,46,0,46,30,16,65.22,20,WWWWWLLWLLLWWLWWWWLL,12,60.0,10,WWWWWLLWLL,6,60.0,0,46,0,2,0,0,,0,0,,0,,0,,,2026-08-20 18:43:44
official_market,DeepSeek-V3,deepseek/deepseek-v4-pro,btts,15-30,5,0,5,1,4,20.0,5,WLLLL,1,20.0,5,WLLLL,1,20.0,0,0,0,0,5,1,20.0,4,4,25.0,4,25.0,0,,,2026-09-04 19:15:15
official_market,DeepSeek-V3,deepseek/deepseek-v4-pro,mt1,15-30,5,0,5,2,3,40.0,5,LLWWL,2,40.0,5,LLWWL,2,40.0,0,5,0,0,0,0,,0,0,,0,,0,,,2026-09-04 19:15:15
official_market,DeepSeek-V3,deepseek/deepseek-v4-pro,mt1_dom,15-30,4,0,4,2,2,50.0,4,LWWL,2,50.0,4,LWWL,2,50.0,0,4,0,0,0,0,,0,0,,0,,0,,,2026-09-04 18:36:28
official_market,DeepSeek-V3,deepseek/deepseek-v4-pro,mt1_ext,15-30,3,0,3,3,0,100.0,3,WWW,3,100.0,3,WWW,3,100.0,0,3,0,0,0,0,,0,0,,0,,0,,,2026-09-04 18:36:28
official_market,DeepSeek-V3,deepseek/deepseek-v4-pro,mt2,15-30,1,0,1,1,0,100.0,1,W,1,100.0,1,W,1,100.0,0,1,0,0,0,0,,0,0,,0,,0,,,2026-09-04 18:36:28
official_market,DeepSeek-V3,deepseek/deepseek-v4-pro,mt2_dom,15-30,1,0,1,1,0,100.0,1,W,1,100.0,1,W,1,100.0,0,1,0,0,0,0,,0,0,,0,,0,,,2026-09-04 18:36:28
official_market,DeepSeek-V3,deepseek/deepseek-v4-pro,ou05,15-30,5,0,5,5,0,100.0,5,WWWWW,5,100.0,5,WWWWW,5,100.0,1,0,0,0,4,4,100.0,4,4,100.0,4,100.0,0,,,2026-09-04 19:15:15
official_market,DeepSeek-V3,deepseek/deepseek-v4-pro,ou15,15-30,5,0,5,3,2,60.0,5,WLWWL,3,60.0,5,WLWWL,3,60.0,0,0,0,0,5,3,60.0,4,4,50.0,4,50.0,0,,,2026-09-04 19:15:15
official_market,DeepSeek-V3,deepseek/deepseek-v4-pro,ou25,15-30,5,0,5,2,3,40.0,5,WWLLL,2,40.0,5,WWLLL,2,40.0,0,0,0,0,5,2,40.0,4,4,50.0,4,50.0,1,0.25,25.0,2026-09-04 19:15:15
official_market,DeepSeek-V3,deepseek/deepseek-v4-pro,resultat,15-30,5,0,5,5,0,100.0,5,WWWWW,5,100.0,5,WWWWW,5,100.0,0,5,0,0,0,0,,0,0,,0,,0,,,2026-09-04 19:15:15
official_market,DeepSeek-V3,model_id_not_proven,btts,0-14,1176,0,588,298,290,50.68,20,LWLWLWLLWWLLLWLWLLWW,9,45.0,10,LWLWLWLLWW,5,50.0,142,0,3,171,386,198,51.3,362,20,40.0,10,40.0,0,,,2026-08-20 18:06:34
official_market,DeepSeek-V3,model_id_not_proven,btts,15-30,1474,0,1443,859,584,59.53,20,LWLWWWWLWWWWWWLLLWWL,13,65.0,10,LWLWWWWLWW,7,70.0,141,0,4,173,1146,631,55.06,825,20,65.0,10,80.0,0,,,2026-09-02 19:19:19
official_market,DeepSeek-V3,model_id_not_proven,btts,31-45,962,0,945,638,307,67.51,20,WWLLWLWLLWLLWLWWWLWW,11,55.0,10,WWLLWLWLLW,5,50.0,253,0,1,130,596,332,55.7,546,20,60.0,10,40.0,0,,,2026-08-20 19:17:08
official_market,DeepSeek-V3,model_id_not_proven,btts,46+,1145,0,1128,917,211,81.29,20,WLLWLWLWWWWWWWWWWLLW,14,70.0,10,WLLWLWLWWW,6,60.0,464,0,2,109,585,412,70.43,450,20,65.0,10,60.0,2,0.1,5.0,2026-08-20 03:36:31
official_market,DeepSeek-V3,model_id_not_proven,btts,unknown,389,0,87,58,29,66.67,20,WWLLLLLLWWLWLWLWWWWW,11,55.0,10,WWLLLLLLWW,4,40.0,0,87,0,87,0,0,,0,0,,0,,0,,,2026-08-18 21:59:04
official_market,DeepSeek-V3,model_id_not_proven,mt1,0-14,1176,0,588,329,259,55.95,20,LWLWLLLWWWWLLWLWLWWL,10,50.0,10,LWLWLLLWWW,5,50.0,0,588,0,171,0,0,,0,0,,0,,0,,,2026-08-20 18:06:34
official_market,DeepSeek-V3,model_id_not_proven,mt1,15-30,1474,0,1443,1125,318,77.96,20,LWLWWWWLWWLWWWLWLWWW,14,70.0,10,LWLWWWWLWW,7,70.0,0,1443,0,173,0,0,,0,0,,0,,0,,,2026-09-02 19:19:19
official_market,DeepSeek-V3,model_id_not_proven,mt1,31-45,962,0,945,888,57,93.97,20,WWWWLWWLWWWWWLLWWWWW,16,80.0,10,WWWWLWWLWW,8,80.0,0,945,0,130,0,0,,0,0,,0,,0,,,2026-08-20 19:17:08
official_market,DeepSeek-V3,model_id_not_proven,mt1,46+,1145,0,1128,936,192,82.98,20,WWLWWLWLWWWWWWWWWLLW,15,75.0,10,WWLWWLWLWW,7,70.0,0,1128,0,109,0,0,,0,0,,0,,0,,,2026-08-20 03:36:31
official_market,DeepSeek-V3,model_id_not_proven,mt1,unknown,389,0,87,67,20,77.01,20,WWLLLLLLWWWWLWLWWWWW,12,60.0,10,WWLLLLLLWW,4,40.0,0,87,0,87,0,0,,0,0,,0,,0,,,2026-08-18 21:59:04
official_market,DeepSeek-V3,model_id_not_proven,mt1_dom,0-14,121,0,121,65,56,53.72,20,WWLWWLWLWLWLLWLWLWWL,11,55.0,10,WWLWWLWLWL,6,60.0,0,121,0,14,0,0,,0,0,,0,,0,,,2026-08-20 18:06:34
official_market,DeepSeek-V3,model_id_not_proven,mt1_dom,15-30,277,0,277,173,104,62.45,20,WWLLLWWLWWLWWWLLLWWW,12,60.0,10,WWLLLWWLWW,6,60.0,0,277,0,8,0,0,,0,0,,0,,0,,,2026-09-02 19:19:19
official_market,DeepSeek-V3,model_id_not_proven,mt1_dom,31-45,59,0,59,51,8,86.44,20,WWWLLWWLWWWWWLWWWWWW,16,80.0,10,WWWLLWWLWW,7,70.0,0,59,0,3,0,0,,0,0,,0,,0,,,2026-08-20 19:17:08
official_market,DeepSeek-V3,model_id_not_proven,mt1_dom,46+,110,0,109,76,33,69.72,20,WWWWLLWLWWWWWLWWWLLW,14,70.0,10,WWWWLLWLWW,7,70.0,0,109,0,3,0,0,,0,0,,0,,0,,,2026-08-20 03:36:31
official_market,DeepSeek-V3,model_id_not_proven,mt1_dom,unknown,2,0,2,2,0,100.0,2,WW,2,100.0,2,WW,2,100.0,0,2,0,2,0,0,,0,0,,0,,0,,,2026-08-18 21:59:04
official_market,DeepSeek-V3,model_id_not_proven,mt1_ext,0-14,121,0,121,64,57,52.89,20,LLWWLWLLWLWLWLWLWWWW,11,55.0,10,LLWWLWLLWL,4,40.0,0,121,0,14,0,0,,0,0,,0,,0,,,2026-08-20 18:06:34
official_market,DeepSeek-V3,model_id_not_proven,mt1_ext,15-30,277,0,277,176,101,63.54,20,LWWLLWWWLWWWWWWWLWWW,15,75.0,10,LWWLLWWWLW,6,60.0,0,277,0,8,0,0,,0,0,,0,,0,,,2026-09-02 19:19:19
official_market,DeepSeek-V3,model_id_not_proven,mt1_ext,31-45,59,0,59,41,18,69.49,20,WWLLWWWWWWWWWWLWWWLW,16,80.0,10,WWLLWWWWWW,8,80.0,0,59,0,3,0,0,,0,0,,0,,0,,,2026-08-20 19:17:08
official_market,DeepSeek-V3,model_id_not_proven,mt1_ext,46+,110,0,109,62,47,56.88,20,LWLWLWWWLWLWWLWWWLWL,12,60.0,10,LWLWLWWWLW,6,60.0,0,109,0,3,0,0,,0,0,,0,,0,,,2026-08-20 03:36:31
official_market,DeepSeek-V3,model_id_not_proven,mt1_ext,unknown,2,0,2,1,1,50.0,2,LW,1,50.0,2,LW,1,50.0,0,2,0,2,0,0,,0,0,,0,,0,,,2026-08-18 21:59:04
official_market,DeepSeek-V3,model_id_not_proven,mt2,0-14,121,0,121,86,35,71.07,20,WWLLLWLLWWLWWLWWWWWW,13,65.0,10,WWLLLWLLWW,5,50.0,0,121,0,14,0,0,,0,0,,0,,0,,,2026-08-20 18:06:34
official_market,DeepSeek-V3,model_id_not_proven,mt2,15-30,273,0,273,209,64,76.56,20,WLLWWLLWWWLLLWWWLWWW,12,60.0,10,WLLWWLLWWW,6,60.0,0,273,0,8,0,0,,0,0,,0,,0,,,2026-09-02 19:19:19
official_market,DeepSeek-V3,model_id_not_proven,mt2,31-45,58,0,58,41,17,70.69,20,LLWWLWLWLWWWWLWWWWWW,14,70.0,10,LLWWLWLWLW,5,50.0,0,58,0,3,0,0,,0,0,,0,,0,,,2026-08-20 19:17:08
official_market,DeepSeek-V3,model_id_not_proven,mt2,46+,109,0,108,88,20,81.48,20,WWLWWWWWLWWWLWLWWWWW,16,80.0,10,WWLWWWWWLW,8,80.0,0,108,0,3,0,0,,0,0,,0,,0,,,2026-08-20 03:36:31
official_market,DeepSeek-V3,model_id_not_proven,mt2,unknown,2,0,2,2,0,100.0,2,WW,2,100.0,2,WW,2,100.0,0,2,0,2,0,0,,0,0,,0,,0,,,2026-08-18 21:59:04
official_market,DeepSeek-V3,model_id_not_proven,mt2_dom,0-14,119,0,119,56,63,47.06,20,WLLLWLWLWWLWLLLLLWLW,8,40.0,10,WLLLWLWLWW,5,50.0,0,119,0,14,0,0,,0,0,,0,,0,,,2026-08-20 18:06:34
official_market,DeepSeek-V3,model_id_not_proven,mt2_dom,15-30,264,0,264,138,126,52.27,20,WLLWWLLWWWLLWWWWLLWW,12,60.0,10,WLLWWLLWWW,6,60.0,0,264,0,8,0,0,,0,0,,0,,0,,,2026-09-02 19:19:19
official_market,DeepSeek-V3,model_id_not_proven,mt2_dom,31-45,56,0,56,25,31,44.64,20,LLWWLLLLLLLWWLLWLWWL,7,35.0,10,LLWWLLLLLL,2,20.0,0,56,0,3,0,0,,0,0,,0,,0,,,2026-08-20 19:17:08
official_market,DeepSeek-V3,model_id_not_proven,mt2_dom,46+,103,0,102,67,35,65.69,20,WLLWWWWWWWLLWLWWLLLL,11,55.0,10,WLLWWWWWWW,8,80.0,0,102,0,3,0,0,,0,0,,0,,0,,,2026-08-20 03:36:31
official_market,DeepSeek-V3,model_id_not_proven,mt2_dom,unknown,2,0,2,0,2,0.0,2,LL,0,0.0,2,LL,0,0.0,0,2,0,2,0,0,,0,0,,0,,0,,,2026-08-18 21:59:04
official_market,DeepSeek-V3,model_id_not_proven,mt2_ext,0-14,106,0,106,53,53,50.0,20,LLWWLLLWWWWWLWLLWLLW,10,50.0,10,LLWWLLLWWW,5,50.0,0,106,0,13,0,0,,0,0,,0,,0,,,2026-08-20 18:06:34
official_market,DeepSeek-V3,model_id_not_proven,mt2_ext,15-30,230,0,230,114,116,49.57,20,WWWWLWLLWWWLWWWLWLWW,14,70.0,10,WWWWLWLLWW,7,70.0,0,230,0,7,0,0,,0,0,,0,,0,,,2026-09-02 19:19:19
official_market,DeepSeek-V3,model_id_not_proven,mt2_ext,31-45,42,0,42,25,17,59.52,20,WWWWLWLLLWLWLLWLLLWW,10,50.0,10,WWWWLWLLLW,6,60.0,0,42,0,2,0,0,,0,0,,0,,0,,,2026-08-20 19:17:08
official_market,DeepSeek-V3,model_id_not_proven,mt2_ext,46+,81,0,80,40,40,50.0,20,WWWWLLWLLWLLWLWLLWWL,10,50.0,10,WWWWLLWLLW,6,60.0,0,80,0,2,0,0,,0,0,,0,,0,,,2026-08-20 03:36:31
official_market,DeepSeek-V3,model_id_not_proven,mt2_ext,unknown,2,0,2,0,2,0.0,2,LL,0,0.0,2,LL,0,0.0,0,2,0,2,0,0,,0,0,,0,,0,,,2026-08-18 21:59:04
official_market,DeepSeek-V3,model_id_not_proven,ou05,0-14,121,0,121,112,9,92.56,20,WWLLLWLWWWWWWWWWWWWW,16,80.0,10,WWLLLWLWWW,6,60.0,26,0,1,14,85,78,91.76,85,20,80.0,10,70.0,0,,,2026-08-20 18:06:34
official_market,DeepSeek-V3,model_id_not_proven,ou05,15-30,276,0,276,259,17,93.84,20,WLLWWWLWWWWWWWWWWWWW,17,85.0,10,WLLWWWLWWW,7,70.0,125,0,0,8,149,133,89.26,129,20,90.0,10,80.0,0,,,2026-09-02 19:19:19
official_market,DeepSeek-V3,model_id_not_proven,ou05,31-45,59,0,59,55,4,93.22,20,LLWWWWLWWWWWWLWWWWWW,16,80.0,10,LLWWWWLWWW,7,70.0,43,0,0,3,16,13,81.25,16,16,81.25,10,70.0,0,,,2026-08-20 19:17:08
official_market,DeepSeek-V3,model_id_not_proven,ou05,46+,110,0,109,106,3,97.25,20,WWWWWWWWWWWWWWLWWWWW,19,95.0,10,WWWWWWWWWW,10,100.0,98,0,0,3,10,8,80.0,10,10,80.0,10,80.0,0,,,2026-08-20 03:36:31
official_market,DeepSeek-V3,model_id_not_proven,ou05,unknown,2,0,2,2,0,100.0,2,WW,2,100.0,2,WW,2,100.0,0,2,0,2,0,0,,0,0,,0,,0,,,2026-08-18 21:59:04
official_market,DeepSeek-V3,model_id_not_proven,ou15,0-14,121,0,121,74,47,61.16,20,LWLWLLLWWWLLLWLWLWWW,10,50.0,10,LWLWLLLWWW,5,50.0,1,0,2,14,104,61,58.65,101,20,50.0,10,50.0,0,,,2026-08-20 18:06:34
official_market,DeepSeek-V3,model_id_not_proven,ou15,15-30,276,0,276,164,112,59.42,20,LWLWWWWLWWWLLWLWLWLW,12,60.0,10,LWLWWWWLWW,7,70.0,30,0,3,8,236,128,54.24,190,20,70.0,10,80.0,0,,,2026-09-02 19:19:19
official_market,DeepSeek-V3,model_id_not_proven,ou15,31-45,59,0,59,43,16,72.88,20,WWWWWWWLLWWWLLWWWWWL,15,75.0,10,WWWWWWWLLW,8,80.0,21,0,0,3,37,24,64.86,36,20,80.0,10,80.0,0,,,2026-08-20 19:17:08
official_market,DeepSeek-V3,model_id_not_proven,ou15,46+,110,0,109,87,22,79.82,20,WWLWWWLWWWWWWWWWWLLW,16,80.0,10,WWLWWWLWWW,8,80.0,64,0,0,3,44,26,59.09,36,20,55.0,10,50.0,0,,,2026-08-20 03:36:31
official_market,DeepSeek-V3,model_id_not_proven,ou15,unknown,2,0,2,2,0,100.0,2,WW,2,100.0,2,WW,2,100.0,0,2,0,2,0,0,,0,0,,0,,0,,,2026-08-18 21:59:04
official_market,DeepSeek-V3,model_id_not_proven,ou25,0-14,1176,0,588,311,277,52.89,20,LWLWLWLWWWLLWWLWLWLW,11,55.0,10,LWLWLWLWWW,6,60.0,137,0,4,171,390,204,52.31,364,20,50.0,10,50.0,3,-1.23,-41.0,2026-08-20 18:06:34
official_market,DeepSeek-V3,model_id_not_proven,ou25,15-30,1482,0,1451,905,546,62.37,20,WWLLWWWLWWWWWLLLLWWL,12,60.0,10,WWLLWWWLWW,7,70.0,58,0,7,173,1227,757,61.7,872,20,65.0,10,80.0,30,5.36,17.87,2026-09-02 19:19:19
official_market,DeepSeek-V3,model_id_not_proven,ou25,31-45,962,0,945,679,266,71.85,20,WWLLWWWLLWWWWLWWLWWW,14,70.0,10,WWLLWWWLLW,6,60.0,156,0,1,130,689,463,67.2,622,20,75.0,10,70.0,25,12.69,50.76,2026-08-20 19:17:08
official_market,DeepSeek-V3,model_id_not_proven,ou25,46+,1145,0,1128,896,232,79.43,20,WWWWWWLWLWWLWLWWWLLW,14,70.0,10,WWWWWWLWLW,8,80.0,347,0,2,109,710,505,71.13,543,20,75.0,10,70.0,120,56.54,47.12,2026-08-20 03:36:31
official_market,DeepSeek-V3,model_id_not_proven,ou25,unknown,389,0,87,57,30,65.52,20,WLLLLLLLWWLWLWLWWWWW,10,50.0,10,WLLLLLLLWW,3,30.0,0,87,0,87,0,0,,0,0,,0,,0,,,2026-08-18 21:59:04
official_market,DeepSeek-V3,model_id_not_proven,resultat,0-14,1176,0,588,250,338,42.52,20,LLLWLLLLLWWLWLLLWWLW,7,35.0,10,LLLWLLLLLW,2,20.0,0,588,0,171,0,0,,0,0,,0,,0,,,2026-08-20 18:06:34
official_market,DeepSeek-V3,model_id_not_proven,resultat,15-30,1474,0,1443,700,743,48.51,20,WLLLLWLLWLLWWWLLLLWL,7,35.0,10,WLLLLWLLWL,3,30.0,0,1443,0,173,0,0,,0,0,,0,,0,,,2026-09-02 19:19:19
official_market,DeepSeek-V3,model_id_not_proven,resultat,31-45,962,0,945,539,406,57.04,20,WWWLLLLWLWWWLLLLWLWL,9,45.0,10,WWWLLLLWLW,5,50.0,0,945,0,130,0,0,,0,0,,0,,0,,,2026-08-20 19:17:08
official_market,DeepSeek-V3,model_id_not_proven,resultat,46+,1145,0,1128,739,389,65.51,20,WLLWLLLWLWWLWLLWWLWL,9,45.0,10,WLLWLLLWLW,4,40.0,0,1128,0,109,0,0,,0,0,,0,,0,,,2026-08-20 03:36:31
official_market,DeepSeek-V3,model_id_not_proven,resultat,unknown,389,0,87,49,38,56.32,20,WWLLLLLLWWLWWLWWWLWW,11,55.0,10,WWLLLLLLWW,4,40.0,0,87,0,87,0,0,,0,0,,0,,0,,,2026-08-18 21:59:04
official_market,DeepSeek-V3,moonshotai/kimi-k2,btts,15-30,102,0,95,60,35,63.16,20,WLWLLLLWLWWWLWWWWWWL,12,60.0,10,WLWLLLLWLW,4,40.0,13,0,0,0,82,47,57.32,58,20,65.0,10,50.0,0,,,2026-09-11 17:35:09
official_market,DeepSeek-V3,moonshotai/kimi-k2,btts,31-45,48,0,43,32,11,74.42,20,WWWLWWWLLWWLWWWWLWWW,15,75.0,10,WWWLWWWLLW,7,70.0,12,0,0,0,31,20,64.52,31,20,70.0,10,60.0,0,,,2026-09-11 17:47:11
official_market,DeepSeek-V3,moonshotai/kimi-k2,mt1,15-30,101,0,94,73,21,77.66,20,WWWLWWWWLWWWWWWWWWWW,18,90.0,10,WWWLWWWWLW,8,80.0,0,94,0,0,0,0,,0,0,,0,,0,,,2026-09-11 17:35:09
official_market,DeepSeek-V3,moonshotai/kimi-k2,mt1,31-45,47,0,42,42,0,100.0,20,WWWWWWWWWWWWWWWWWWWW,20,100.0,10,WWWWWWWWWW,10,100.0,0,42,0,0,0,0,,0,0,,0,,0,,,2026-09-11 17:47:11
official_market,DeepSeek-V3,moonshotai/kimi-k2,mt1_dom,15-30,100,0,93,73,20,78.49,20,WWWWWWWWLLLLWLLWWWWW,14,70.0,10,WWWWWWWWLL,8,80.0,0,93,0,0,0,0,,0,0,,0,,0,,,2026-09-11 17:35:09
official_market,DeepSeek-V3,moonshotai/kimi-k2,mt1_dom,31-45,45,0,40,39,1,97.5,20,WWWWWWWWWWWLWWWWWWWW,19,95.0,10,WWWWWWWWWW,10,100.0,0,40,0,0,0,0,,0,0,,0,,0,,,2026-09-11 17:47:11
official_market,DeepSeek-V3,moonshotai/kimi-k2,mt1_ext,15-30,96,0,89,72,17,80.9,20,WWWWWLWWWWWWWWWWWWWL,18,90.0,10,WWWWWLWWWW,9,90.0,0,89,0,0,0,0,,0,0,,0,,0,,,2026-09-11 17:35:09
official_market,DeepSeek-V3,moonshotai/kimi-k2,mt1_ext,31-45,44,0,39,38,1,97.44,20,WWWWWWWWWWLWWWWWWWWW,19,95.0,10,WWWWWWWWWW,10,100.0,0,39,0,0,0,0,,0,0,,0,,0,,,2026-09-11 17:47:11
official_market,DeepSeek-V3,moonshotai/kimi-k2,mt2,15-30,83,0,77,55,22,71.43,20,WWWWWWWWWWLLWWWWWWWL,17,85.0,10,WWWWWWWWWW,10,100.0,0,77,0,0,0,0,,0,0,,0,,0,,,2026-09-11 17:35:01
official_market,DeepSeek-V3,moonshotai/kimi-k2,mt2,31-45,43,0,38,30,8,78.95,20,WWWWLLWWWWWLWWWWWWLW,16,80.0,10,WWWWLLWWWW,8,80.0,0,38,0,0,0,0,,0,0,,0,,0,,,2026-09-11 17:47:11
official_market,DeepSeek-V3,moonshotai/kimi-k2,mt2_dom,15-30,77,0,72,45,27,62.5,20,WWWWWWWWWWLLWWWWWLLW,16,80.0,10,WWWWWWWWWW,10,100.0,0,72,0,0,0,0,,0,0,,0,,0,,,2026-09-11 17:35:01
official_market,DeepSeek-V3,moonshotai/kimi-k2,mt2_dom,31-45,37,0,33,21,12,63.64,20,LWWLLLWWWWLWWWWLWWWW,14,70.0,10,LWWLLLWWWW,6,60.0,0,33,0,0,0,0,,0,0,,0,,0,,,2026-09-11 17:47:11
official_market,DeepSeek-V3,moonshotai/kimi-k2,mt2_ext,15-30,75,0,70,34,36,48.57,20,WWLLLLLWWWWWWLWLWWWW,13,65.0,10,WWLLLLLWWW,5,50.0,0,70,0,0,0,0,,0,0,,0,,0,,,2026-09-11 17:35:01
official_market,DeepSeek-V3,moonshotai/kimi-k2,mt2_ext,31-45,32,0,29,10,19,34.48,20,LLLWLLLLLWWWWLLWLLLL,6,30.0,10,LLLWLLLLLW,2,20.0,0,29,0,0,0,0,,0,0,,0,,0,,,2026-09-11 17:47:11
official_market,DeepSeek-V3,moonshotai/kimi-k2,ou05,15-30,104,0,97,91,6,93.81,20,WWWWWWWWWWWWWWWWWLLW,18,90.0,10,WWWWWWWWWW,10,100.0,60,0,0,0,37,31,83.78,29,20,85.0,10,90.0,0,,,2026-09-11 17:35:09
official_market,DeepSeek-V3,moonshotai/kimi-k2,ou05,31-45,48,0,43,39,4,90.7,20,WWWWWWWWWWWWLLLWWWWW,17,85.0,10,WWWWWWWWWW,10,100.0,31,0,0,0,12,8,66.67,12,12,66.67,10,70.0,0,,,2026-09-11 17:47:11
official_market,DeepSeek-V3,moonshotai/kimi-k2,ou15,15-30,103,0,96,76,20,79.17,20,WWWWWWWWWLWWLLWWLWWW,16,80.0,10,WWWWWWWWWL,9,90.0,20,0,0,0,76,56,73.68,57,20,70.0,10,70.0,0,,,2026-09-11 17:35:09
official_market,DeepSeek-V3,moonshotai/kimi-k2,ou15,31-45,48,0,43,36,7,83.72,20,WWWWWWWLLWLWWWWWWWLW,16,80.0,10,WWWWWWWLLW,8,80.0,19,0,0,0,24,17,70.83,24,20,65.0,10,70.0,0,,,2026-09-11 17:47:11
official_market,DeepSeek-V3,moonshotai/kimi-k2,ou25,15-30,104,0,97,61,36,62.89,20,WWWLLLLLWLWWWLWWWWWW,13,65.0,10,WWWLLLLLWL,4,40.0,4,0,0,0,93,57,61.29,67,20,65.0,10,60.0,0,,,2026-09-11 17:35:09
official_market,DeepSeek-V3,moonshotai/kimi-k2,ou25,31-45,48,0,43,29,14,67.44,20,WWWLWLWLLWLWWWWWLWLW,13,65.0,10,WWWLWLWLLW,6,60.0,6,0,0,0,37,23,62.16,37,20,60.0,10,50.0,3,1.59,53.0,2026-09-11 17:47:11
official_market,DeepSeek-V3,moonshotai/kimi-k2,resultat,15-30,101,0,94,53,41,56.38,20,LWWWWWLLLLLWLWWLLLLW,9,45.0,10,LWWWWWLLLL,5,50.0,0,94,0,0,0,0,,0,0,,0,,0,,,2026-09-11 17:35:09
official_market,DeepSeek-V3,moonshotai/kimi-k2,resultat,31-45,48,0,43,25,18,58.14,20,LWWLLWWLWWLLLWWWLWWW,12,60.0,10,LWWLLWWLWW,6,60.0,0,43,0,0,0,0,,0,0,,0,,0,,,2026-09-11 17:47:11
official_market,Groq-Llama70B,model_id_not_proven,btts,0-14,90,0,63,30,33,47.62,20,WLLLLLLWLWLWLWWWWWWW,11,55.0,10,WLLLLLLWLW,3,30.0,7,0,0,22,38,21,55.26,38,20,70.0,10,70.0,0,,,2026-08-14 16:14:27
official_market,Groq-Llama70B,model_id_not_proven,btts,15-30,548,0,539,285,254,52.88,20,WWWWLLLWWLLLWLLLWLWW,10,50.0,10,WWWWLLLWWL,6,60.0,62,0,1,50,430,214,49.77,430,20,50.0,10,60.0,0,,,2026-08-17 03:48:12
official_market,Groq-Llama70B,model_id_not_proven,btts,31-45,71,0,71,38,33,53.52,20,LWWWWLWWWLWLLLWLLLWW,11,55.0,10,LWWWWLWWWL,7,70.0,15,0,0,13,47,21,44.68,47,20,50.0,10,60.0,0,,,2026-08-13 20:15:14
official_market,Groq-Llama70B,model_id_not_proven,btts,46+,53,0,53,36,17,67.92,20,WLWWWWWLLWWLWWLWLWWW,14,70.0,10,WLWWWWWLLW,7,70.0,18,0,0,3,33,24,72.73,33,20,75.0,10,70.0,0,,,2026-08-17 00:37:19
official_market,Groq-Llama70B,model_id_not_proven,btts,unknown,152,0,23,14,9,60.87,20,WLLWLLWLLWLWWWWLWWLW,11,55.0,10,WLLWLLWLLW,4,40.0,0,23,0,23,0,0,,0,0,,0,,0,,,2026-07-28 01:06:01
official_market,Groq-Llama70B,model_id_not_proven,mt1,0-14,90,0,63,31,32,49.21,20,LWWLLWLWLLWWLWLLWLWW,10,50.0,10,LWWLLWLWLL,4,40.0,0,63,0,22,0,0,,0,0,,0,,0,,,2026-08-14 16:14:27
official_market,Groq-Llama70B,model_id_not_proven,mt1,15-30,548,0,539,427,112,79.22,20,WLLWWWLWWWWLWWWWWLLW,14,70.0,10,WLLWWWLWWW,7,70.0,0,539,0,50,0,0,,0,0,,0,,0,,,2026-08-17 03:48:12
official_market,Groq-Llama70B,model_id_not_proven,mt1,31-45,71,0,71,64,7,90.14,20,LWWWWWWWWWWWWWWLWLWW,17,85.0,10,LWWWWWWWWW,9,90.0,0,71,0,13,0,0,,0,0,,0,,0,,,2026-08-13 20:15:14
official_market,Groq-Llama70B,model_id_not_proven,mt1,46+,53,0,53,36,17,67.92,20,WLWWWWWWLWWWWWLLWWWW,16,80.0,10,WLWWWWWWLW,8,80.0,0,53,0,3,0,0,,0,0,,0,,0,,,2026-08-17 00:37:19
official_market,Groq-Llama70B,model_id_not_proven,mt1,unknown,152,0,23,14,9,60.87,20,WLLWWLWLLWWWWLWLWLWW,12,60.0,10,WLLWWLWLLW,5,50.0,0,23,0,23,0,0,,0,0,,0,,0,,,2026-07-28 01:06:01
official_market,Groq-Llama70B,model_id_not_proven,ou25,0-14,90,0,63,26,37,41.27,20,WLWWLLLWWLLWLLWLWLWW,10,50.0,10,WLWWLLLWWL,5,50.0,8,0,0,22,38,15,39.47,38,20,55.0,10,50.0,0,,,2026-08-14 16:14:27
official_market,Groq-Llama70B,model_id_not_proven,ou25,15-30,548,0,539,316,223,58.63,20,WWWWLLWWLLWWWWLLLLLL,10,50.0,10,WWWWLLWWLL,6,60.0,24,0,1,50,467,265,56.75,467,20,50.0,10,60.0,5,2.74,54.8,2026-08-17 03:48:12
official_market,Groq-Llama70B,model_id_not_proven,ou25,31-45,71,0,71,43,28,60.56,20,LLWWWLWWWLWWWWWLWLWW,14,70.0,10,LLWWWLWWWL,6,60.0,8,0,0,13,53,28,52.83,53,20,70.0,10,70.0,6,-1.8,-30.0,2026-08-13 20:15:14
official_market,Groq-Llama70B,model_id_not_proven,ou25,46+,53,0,53,38,15,71.7,20,WLLWWWWLLWWLWWWWWWWW,15,75.0,10,WLLWWWWLLW,6,60.0,11,0,0,3,40,26,65.0,40,20,65.0,10,50.0,3,1.91,63.67,2026-08-17 00:37:19
official_market,Groq-Llama70B,model_id_not_proven,ou25,unknown,152,0,23,11,12,47.83,20,WLLWLLWLLWLWWLWLWLLW,9,45.0,10,WLLWLLWLLW,4,40.0,0,23,0,23,0,0,,0,0,,0,,0,,,2026-07-28 01:06:01
official_market,Groq-Llama70B,model_id_not_proven,resultat,0-14,90,0,63,23,40,36.51,20,LWLLLLWWLLLLLLLLWLLL,4,20.0,10,LWLLLLWWLL,3,30.0,0,63,0,22,0,0,,0,0,,0,,0,,,2026-08-14 16:14:27
official_market,Groq-Llama70B,model_id_not_proven,resultat,15-30,548,0,539,247,292,45.83,20,WLLLWWWLLLWWWLWWLWLW,11,55.0,10,WLLLWWWLLL,4,40.0,0,539,0,50,0,0,,0,0,,0,,0,,,2026-08-17 03:48:12
official_market,Groq-Llama70B,model_id_not_proven,resultat,31-45,71,0,71,35,36,49.3,20,LLLLWLWLWLWLLWLLWWLW,8,40.0,10,LLLLWLWLWL,3,30.0,0,71,0,13,0,0,,0,0,,0,,0,,,2026-08-13 20:15:14
official_market,Groq-Llama70B,model_id_not_proven,resultat,46+,53,0,53,30,23,56.6,20,LLLLWWLLLWLWWWWWWWWW,12,60.0,10,LLLLWWLLLW,3,30.0,0,53,0,3,0,0,,0,0,,0,,0,,,2026-08-17 00:37:19
official_market,Groq-Llama70B,model_id_not_proven,resultat,unknown,152,0,23,12,11,52.17,20,WLLWLWWLLLLLWLWWWLWW,10,50.0,10,WLLWLWWLLL,4,40.0,0,23,0,23,0,0,,0,0,,0,,0,,,2026-07-28 01:06:01
official_market,Groq-Llama8B,model_id_not_proven,btts,0-14,53,0,47,25,22,53.19,20,WLLWWWWLWLWWWWWLWLLL,12,60.0,10,WLLWWWWLWL,6,60.0,6,0,0,12,33,16,48.48,33,20,60.0,10,70.0,0,,,2026-07-26 03:05:37
official_market,Groq-Llama8B,model_id_not_proven,btts,15-30,305,0,300,126,174,42.0,20,LWLWWLWLWWWLWLWLLWWL,11,55.0,10,LWLWWLWLWW,6,60.0,36,0,0,25,240,108,45.0,240,20,55.0,10,60.0,0,,,2026-07-27 23:05:47
official_market,Groq-Llama8B,model_id_not_proven,btts,31-45,24,0,24,11,13,45.83,20,WWLLWLWWLLLLLLLWWWLW,9,45.0,10,WWLLWLWWLL,5,50.0,6,0,0,1,17,10,58.82,17,17,58.82,10,50.0,0,,,2026-07-25 12:15:34
official_market,Groq-Llama8B,model_id_not_proven,btts,46+,13,0,13,6,7,46.15,13,LWLLWLLWWLWLW,6,46.15,10,LWLLWLLWWL,4,40.0,3,0,0,0,10,6,60.0,10,10,60.0,10,60.0,0,,,2026-07-26 23:55:54
official_market,Groq-Llama8B,model_id_not_proven,btts,unknown,161,0,26,10,16,38.46,20,LLLWLLWLLWWLWWWLLLWL,8,40.0,10,LLLWLLWLLW,3,30.0,0,26,0,26,0,0,,0,0,,0,,0,,,2026-07-28 01:06:01
official_market,Groq-Llama8B,model_id_not_proven,mt1,0-14,24,0,19,6,13,31.58,19,WLLLLLWLLLLWWLLWWLL,6,31.58,10,WLLLLLWLLL,2,20.0,0,19,0,4,0,0,,0,0,,0,,0,,,2026-07-26 03:05:37
official_market,Groq-Llama8B,model_id_not_proven,mt1,15-30,148,0,144,27,117,18.75,20,LLLLLLWLLLWLLLLWLLLW,4,20.0,10,LLLLLLWLLL,1,10.0,0,144,0,11,0,0,,0,0,,0,,0,,,2026-07-27 23:05:47
official_market,Groq-Llama8B,model_id_not_proven,mt1,31-45,21,0,21,1,20,4.76,20,LLLLLLLLLWLLLLLLLLLL,1,5.0,10,LLLLLLLLLW,1,10.0,0,21,0,1,0,0,,0,0,,0,,0,,,2026-07-23 17:46:41
official_market,Groq-Llama8B,model_id_not_proven,mt1,46+,9,0,9,4,5,44.44,9,WLWLLLWLW,4,44.44,9,WLWLLLWLW,4,44.44,0,9,0,0,0,0,,0,0,,0,,0,,,2026-07-26 23:55:54
official_market,Groq-Llama8B,model_id_not_proven,mt1,unknown,69,0,12,1,11,8.33,12,LLLLLLLLLWLL,1,8.33,10,LLLLLLLLLW,1,10.0,0,12,0,12,0,0,,0,0,,0,,0,,,2026-07-28 01:05:57
official_market,Groq-Llama8B,model_id_not_proven,ou25,0-14,53,0,47,21,26,44.68,20,WWLWLLLLWLLLLWWWWLWW,10,50.0,10,WWLWLLLLWL,4,40.0,6,0,0,12,33,13,39.39,33,20,45.0,10,40.0,0,,,2026-07-26 03:05:37
official_market,Groq-Llama8B,model_id_not_proven,ou25,15-30,305,0,300,153,147,51.0,20,WWLWLWWLLLWWWLLWWWWW,13,65.0,10,WWLWLWWLLL,5,50.0,17,0,0,25,259,136,52.51,259,20,65.0,10,50.0,2,1.75,87.5,2026-07-27 23:05:47
official_market,Groq-Llama8B,model_id_not_proven,ou25,31-45,24,0,24,5,19,20.83,20,WLLLLWLLWLLWLLLLLLLL,4,20.0,10,WLLLLWLLWL,3,30.0,5,0,0,1,19,4,21.05,19,19,21.05,10,40.0,1,-1,-100.0,2026-07-25 12:15:34
official_market,Groq-Llama8B,model_id_not_proven,ou25,46+,13,0,13,6,7,46.15,13,WLLLLWLWWLWWL,6,46.15,10,WLLLLWLWWL,4,40.0,3,0,0,0,10,6,60.0,10,10,60.0,10,60.0,0,,,2026-07-26 23:55:54
official_market,Groq-Llama8B,model_id_not_proven,ou25,unknown,161,0,26,6,20,23.08,20,LLLWLLLLLWWLLWLLLLLL,4,20.0,10,LLLWLLLLLW,2,20.0,0,26,0,26,0,0,,0,0,,0,,0,,,2026-07-28 01:06:01
official_market,Groq-Llama8B,model_id_not_proven,resultat,0-14,31,0,26,9,17,34.62,20,LWWWWLLLLLLWWLLLLWLL,7,35.0,10,LWWWWLLLLL,4,40.0,0,26,0,5,0,0,,0,0,,0,,0,,,2026-07-26 03:05:37
official_market,Groq-Llama8B,model_id_not_proven,resultat,15-30,158,0,154,60,94,38.96,20,WWLLWWWLLWLLLLLLLLLW,7,35.0,10,WWLLWWWLLW,6,60.0,0,154,0,10,0,0,,0,0,,0,,0,,,2026-07-27 23:05:47
official_market,Groq-Llama8B,model_id_not_proven,resultat,31-45,20,0,20,9,11,45.0,20,WLLWWLWWLLLLWLWWWLLL,9,45.0,10,WLLWWLWWLL,5,50.0,0,20,0,1,0,0,,0,0,,0,,0,,,2026-07-23 17:46:41
official_market,Groq-Llama8B,model_id_not_proven,resultat,46+,10,0,10,6,4,60.0,10,WWWLWWLLLW,6,60.0,10,WWWLWWLLLW,6,60.0,0,10,0,0,0,0,,0,0,,0,,0,,,2026-07-26 23:55:54
official_market,Groq-Llama8B,model_id_not_proven,resultat,unknown,66,0,10,4,6,40.0,10,LLWLLLLWWW,4,40.0,10,LLWLLLLWWW,4,40.0,0,10,0,10,0,0,,0,0,,0,,0,,,2026-07-28 01:05:52
official_market,Mistral-Large,mistral-large-latest,btts,0-14,46,0,46,27,19,58.7,20,LLLWWLWWWWWWLWLLWLWW,12,60.0,10,LLLWWLWWWW,6,60.0,0,0,1,2,43,24,55.81,41,20,60.0,10,60.0,0,,,2026-08-18 22:35:43
official_market,Mistral-Large,mistral-large-latest,btts,15-30,86,0,86,42,44,48.84,20,LLLWLWLWLLLLWLWWLWWW,9,45.0,10,LLLWLWLWLL,3,30.0,7,0,1,4,75,33,44.0,58,20,30.0,10,10.0,0,,,2026-08-25 23:02:24
official_market,Mistral-Large,mistral-large-latest,btts,31-45,29,0,29,18,11,62.07,20,WLLLWWWWLWLWWLWWLWLL,11,55.0,10,WLLLWWWWLW,6,60.0,6,0,0,0,23,12,52.17,23,20,50.0,10,50.0,0,,,2026-08-20 16:46:01
official_market,Mistral-Large,mistral-large-latest,btts,46+,41,0,41,32,9,78.05,20,WWWWWWWWWWWLLWWLWWWL,16,80.0,10,WWWWWWWWWW,10,100.0,21,0,0,1,20,14,70.0,18,18,66.67,10,70.0,0,,,2026-08-18 21:36:10
official_market,Mistral-Large,mistral-large-latest,mt1,0-14,46,0,46,20,26,43.48,20,LWLLWLWLLWWWLLLLLLLW,7,35.0,10,LWLLWLWLLW,4,40.0,0,46,0,2,0,0,,0,0,,0,,0,,,2026-08-18 22:35:43
official_market,Mistral-Large,mistral-large-latest,mt1,15-30,85,0,85,63,22,74.12,20,WLWWWWWWLWLLWWWWLLLW,13,65.0,10,WLWWWWWWLW,8,80.0,0,85,0,4,0,0,,0,0,,0,,0,,,2026-08-25 23:02:24
official_market,Mistral-Large,mistral-large-latest,mt1,31-45,29,0,29,28,1,96.55,20,WWWWWWWWWWWWWWWWLWWW,19,95.0,10,WWWWWWWWWW,10,100.0,0,29,0,0,0,0,,0,0,,0,,0,,,2026-08-20 16:46:01
official_market,Mistral-Large,mistral-large-latest,mt1,46+,41,0,41,35,6,85.37,20,WWWWWWLWWWWWWWWWWWWW,19,95.0,10,WWWWWWLWWW,9,90.0,0,41,0,1,0,0,,0,0,,0,,0,,,2026-08-18 21:36:10
official_market,Mistral-Large,mistral-large-latest,mt1_dom,0-14,46,0,46,25,21,54.35,20,LWWWWLWLLLWWWLLLWLLW,10,50.0,10,LWWWWLWLLL,5,50.0,0,46,0,2,0,0,,0,0,,0,,0,,,2026-08-18 22:35:43
official_market,Mistral-Large,mistral-large-latest,mt1_dom,15-30,83,0,83,65,18,78.31,20,WWWWWWWWLWWLWWWLWLWW,16,80.0,10,WWWWWWWWLW,9,90.0,0,83,0,4,0,0,,0,0,,0,,0,,,2026-08-25 23:02:24
official_market,Mistral-Large,mistral-large-latest,mt1_dom,31-45,28,0,28,27,1,96.43,20,WWWWWWWWWWWWWWWWWWWW,20,100.0,10,WWWWWWWWWW,10,100.0,0,28,0,0,0,0,,0,0,,0,,0,,,2026-08-20 16:46:01
official_market,Mistral-Large,mistral-large-latest,mt1_dom,46+,40,0,40,30,10,75.0,20,WWWWWWLWWWLLWWWWWWWW,17,85.0,10,WWWWWWLWWW,9,90.0,0,40,0,1,0,0,,0,0,,0,,0,,,2026-08-18 21:36:10
official_market,Mistral-Large,mistral-large-latest,mt1_ext,0-14,43,0,43,28,15,65.12,20,LWLLLLWWWWWWWLLLWWWW,12,60.0,10,LWLLLLWWWW,5,50.0,0,43,0,2,0,0,,0,0,,0,,0,,,2026-08-18 22:35:43
official_market,Mistral-Large,mistral-large-latest,mt1_ext,15-30,78,0,78,61,17,78.21,20,WLWWWWWWWWWWWLLWWWWW,17,85.0,10,WLWWWWWWWW,9,90.0,0,78,0,3,0,0,,0,0,,0,,0,,,2026-08-25 23:02:24
official_market,Mistral-Large,mistral-large-latest,mt1_ext,31-45,25,0,25,23,2,92.0,20,WWWWWWWWWWWWWWWLWWLW,18,90.0,10,WWWWWWWWWW,10,100.0,0,25,0,0,0,0,,0,0,,0,,0,,,2026-08-20 16:46:01
official_market,Mistral-Large,mistral-large-latest,mt1_ext,46+,35,0,35,30,5,85.71,20,WLWLWLWWWWWWWWWWWWWL,16,80.0,10,WLWLWLWWWW,7,70.0,0,35,0,1,0,0,,0,0,,0,,0,,,2026-08-18 21:36:10
official_market,Mistral-Large,mistral-large-latest,mt2,0-14,28,0,28,17,11,60.71,20,LLWLWLWWLWLWLLWWLLWW,10,50.0,10,LLWLWLWWLW,5,50.0,0,28,0,1,0,0,,0,0,,0,,0,,,2026-08-18 22:35:43
official_market,Mistral-Large,mistral-large-latest,mt2,15-30,46,0,46,30,16,65.22,20,LWWWWWLLWWLWWWWWWLWW,15,75.0,10,LWWWWWLLWW,7,70.0,0,46,0,2,0,0,,0,0,,0,,0,,,2026-08-22 14:18:47
official_market,Mistral-Large,mistral-large-latest,mt2,31-45,20,0,20,12,8,60.0,20,WWWLWWWLWWWLLWLWLLLW,12,60.0,10,WWWLWWWLWW,8,80.0,0,20,0,0,0,0,,0,0,,0,,0,,,2026-08-20 16:46:01
official_market,Mistral-Large,mistral-large-latest,mt2,46+,21,0,21,13,8,61.9,20,WWWWWLLWWWWWLWLLLWLW,13,65.0,10,WWWWWLLWWW,8,80.0,0,21,0,0,0,0,,0,0,,0,,0,,,2026-08-18 02:35:46
official_market,Mistral-Large,mistral-large-latest,mt2_dom,0-14,3,0,3,2,1,66.67,3,WWL,2,66.67,3,WWL,2,66.67,0,3,0,0,0,0,,0,0,,0,,0,,,2026-08-16 12:36:47
official_market,Mistral-Large,mistral-large-latest,mt2_dom,15-30,5,0,5,3,2,60.0,5,WWWLL,3,60.0,5,WWWLL,3,60.0,0,5,0,0,0,0,,0,0,,0,,0,,,2026-08-16 16:30:47
official_market,Mistral-Large,mistral-large-latest,mt2_dom,31-45,4,0,4,1,3,25.0,4,WLLL,1,25.0,4,WLLL,1,25.0,0,4,0,0,0,0,,0,0,,0,,0,,,2026-08-20 16:46:01
official_market,Mistral-Large,mistral-large-latest,mt2_dom,46+,4,0,4,1,3,25.0,4,WLLL,1,25.0,4,WLLL,1,25.0,0,4,0,0,0,0,,0,0,,0,,0,,,2026-08-17 19:23:01
official_market,Mistral-Large,mistral-large-latest,ou05,0-14,46,0,46,44,2,95.65,20,LWWWWWWWWWWWWWWWWWWW,19,95.0,10,LWWWWWWWWW,9,90.0,10,0,0,2,35,33,94.29,35,20,90.0,10,90.0,0,,,2026-08-18 22:35:43
official_market,Mistral-Large,mistral-large-latest,ou05,15-30,86,0,86,83,3,96.51,20,WWWWWWWWWWWWWWWWWWWW,20,100.0,10,WWWWWWWWWW,10,100.0,49,0,0,4,35,32,91.43,30,20,95.0,10,100.0,0,,,2026-08-25 23:02:24
official_market,Mistral-Large,mistral-large-latest,ou05,31-45,29,0,29,23,6,79.31,20,LWWWWWLLWWWLLWWWWWWW,15,75.0,10,LWWWWWLLWW,7,70.0,21,0,0,0,8,2,25.0,8,8,25.0,8,25.0,0,,,2026-08-20 16:46:01
official_market,Mistral-Large,mistral-large-latest,ou05,46+,41,0,41,37,4,90.24,20,WWWWWWWLWWWWWWLWWWWW,18,90.0,10,WWWWWWWLWW,9,90.0,35,0,0,1,6,2,33.33,6,6,33.33,6,33.33,0,,,2026-08-18 21:36:10
official_market,Mistral-Large,mistral-large-latest,ou15,0-14,46,0,46,23,23,50.0,20,LLLWWLWLWWWWLWLLLLWL,9,45.0,10,LLLWWLWLWW,5,50.0,0,0,0,2,44,21,47.73,42,20,45.0,10,50.0,0,,,2026-08-18 22:35:43
official_market,Mistral-Large,mistral-large-latest,ou15,15-30,86,0,86,53,33,61.63,20,WLWWWWWWLWLLWWWWLLLW,13,65.0,10,WLWWWWWWLW,8,80.0,14,0,0,4,69,39,56.52,54,20,45.0,10,60.0,0,,,2026-08-25 23:02:24
official_market,Mistral-Large,mistral-large-latest,ou15,31-45,29,0,29,22,7,75.86,20,WWWWWWLWWWWLWLWWLWWL,15,75.0,10,WWWWWWLWWW,9,90.0,10,0,0,0,19,12,63.16,19,19,63.16,10,80.0,0,,,2026-08-20 16:46:01
official_market,Mistral-Large,mistral-large-latest,ou15,46+,41,0,41,35,6,85.37,20,WWWWWWWWWLWWWWWWLWWW,18,90.0,10,WWWWWWWWWL,9,90.0,24,0,0,1,17,11,64.71,15,15,66.67,10,80.0,0,,,2026-08-18 21:36:10
official_market,Mistral-Large,mistral-large-latest,ou25,0-14,46,0,46,25,21,54.35,20,LWLWWLWWWWWWLWLLWLWW,13,65.0,10,LWLWWLWWWW,7,70.0,0,0,0,2,44,23,52.27,42,20,65.0,10,70.0,0,,,2026-08-18 22:35:43
official_market,Mistral-Large,mistral-large-latest,ou25,15-30,86,0,86,55,31,63.95,20,WLWLLLLLWLWLWWWWLLLW,9,45.0,10,WLWLLLLLWL,3,30.0,1,0,0,4,82,52,63.41,64,20,50.0,10,40.0,0,,,2026-08-25 23:02:24
official_market,Mistral-Large,mistral-large-latest,ou25,31-45,29,0,29,23,6,79.31,20,WWWLLWWWWWWLWLWWLWLW,14,70.0,10,WWWLLWWWWW,8,80.0,4,0,0,0,25,19,76.0,25,20,70.0,10,70.0,0,,,2026-08-20 16:46:01
official_market,Mistral-Large,mistral-large-latest,ou25,46+,41,0,41,32,9,78.05,20,LWWWWWWWWWLLLWWWWWWL,15,75.0,10,LWWWWWWWWW,9,90.0,13,0,0,1,28,22,78.57,26,20,75.0,10,80.0,0,,,2026-08-18 21:36:10
official_market,Mistral-Large,mistral-large-latest,resultat,0-14,46,0,46,21,25,45.65,20,LLLLWWLWWWWWLWWWWLLW,12,60.0,10,LLLLWWLWWW,5,50.0,0,46,0,2,0,0,,0,0,,0,,0,,,2026-08-18 22:35:43
official_market,Mistral-Large,mistral-large-latest,resultat,15-30,86,0,86,50,36,58.14,20,WWWLLLWLWWLWLWLLLWWW,11,55.0,10,WWWLLLWLWW,6,60.0,0,86,0,4,0,0,,0,0,,0,,0,,,2026-08-25 23:02:24
official_market,Mistral-Large,mistral-large-latest,resultat,31-45,29,0,29,15,14,51.72,20,WWLLLLWLWLWLWWLLLWWL,9,45.0,10,WWLLLLWLWL,4,40.0,0,29,0,0,0,0,,0,0,,0,,0,,,2026-08-20 16:46:01
official_market,Mistral-Large,mistral-large-latest,resultat,46+,41,0,41,23,18,56.1,20,WLLLLWLLWWWWWLLWLWLW,10,50.0,10,WLLLLWLLWW,4,40.0,0,41,0,1,0,0,,0,0,,0,,0,,,2026-08-18 21:36:10
official_market,Mistral-Large,mistralai/mistral-large,btts,0-14,12,0,12,8,4,66.67,12,WWWLWWWLWLWL,8,66.67,10,WWWLWWWLWL,7,70.0,0,0,0,0,12,8,66.67,11,11,72.73,10,80.0,0,,,2026-08-20 16:07:02
official_market,Mistral-Large,mistralai/mistral-large,btts,15-30,38,0,37,27,10,72.97,20,LWWWWLLLLWWWWWWWWWWL,14,70.0,10,LWWWWLLLLW,5,50.0,1,0,1,3,32,23,71.88,30,20,65.0,10,60.0,0,,,2026-08-29 17:20:55
official_market,Mistral-Large,mistralai/mistral-large,btts,31-45,5,0,5,4,1,80.0,5,WWWLW,4,80.0,5,WWWLW,4,80.0,3,0,0,0,2,1,50.0,2,2,50.0,2,50.0,0,,,2026-08-19 01:29:03
official_market,Mistral-Large,mistralai/mistral-large,btts,46+,9,0,9,8,1,88.89,9,WWWLWWWWW,8,88.89,9,WWWLWWWWW,8,88.89,5,0,0,0,4,4,100.0,4,4,100.0,4,100.0,0,,,2026-08-20 00:11:15
official_market,Mistral-Large,mistralai/mistral-large,mt1,0-14,12,0,12,6,6,50.0,12,LLWWLWWWLLWL,6,50.0,10,LLWWLWWWLL,5,50.0,0,12,0,0,0,0,,0,0,,0,,0,,,2026-08-20 16:07:02
official_market,Mistral-Large,mistralai/mistral-large,mt1,15-30,37,0,36,29,7,80.56,20,WWWWWLLLWWWWWWWWWWWW,17,85.0,10,WWWWWLLLWW,7,70.0,0,36,0,3,0,0,,0,0,,0,,0,,,2026-08-29 17:20:55
official_market,Mistral-Large,mistralai/mistral-large,mt1,31-45,5,0,5,5,0,100.0,5,WWWWW,5,100.0,5,WWWWW,5,100.0,0,5,0,0,0,0,,0,0,,0,,0,,,2026-08-19 01:29:03
official_market,Mistral-Large,mistralai/mistral-large,mt1,46+,7,0,7,7,0,100.0,7,WWWWWWW,7,100.0,7,WWWWWWW,7,100.0,0,7,0,0,0,0,,0,0,,0,,0,,,2026-08-20 00:11:15
official_market,Mistral-Large,mistralai/mistral-large,mt1_dom,0-14,12,0,12,6,6,50.0,12,LLLLLWWWWLWW,6,50.0,10,LLLLLWWWWL,4,40.0,0,12,0,0,0,0,,0,0,,0,,0,,,2026-08-20 16:07:02
official_market,Mistral-Large,mistralai/mistral-large,mt1_dom,15-30,37,0,36,33,3,91.67,20,WWWWWWWLWWLWWWWWWWWW,18,90.0,10,WWWWWWWLWW,9,90.0,0,36,0,3,0,0,,0,0,,0,,0,,,2026-08-29 17:20:55
official_market,Mistral-Large,mistralai/mistral-large,mt1_dom,31-45,5,0,5,5,0,100.0,5,WWWWW,5,100.0,5,WWWWW,5,100.0,0,5,0,0,0,0,,0,0,,0,,0,,,2026-08-19 01:29:03
official_market,Mistral-Large,mistralai/mistral-large,mt1_dom,46+,6,0,6,5,1,83.33,6,WWLWWW,5,83.33,6,WWLWWW,5,83.33,0,6,0,0,0,0,,0,0,,0,,0,,,2026-08-20 00:11:15
official_market,Mistral-Large,mistralai/mistral-large,mt1_ext,0-14,10,0,10,4,6,40.0,10,WWLLLLWWLL,4,40.0,10,WWLLLLWWLL,4,40.0,0,10,0,0,0,0,,0,0,,0,,0,,,2026-08-20 16:07:02
official_market,Mistral-Large,mistralai/mistral-large,mt1_ext,15-30,31,0,31,18,13,58.06,20,LWWLWLLWWLLWWWWWWLWW,13,65.0,10,LWWLWLLWWL,5,50.0,0,31,0,2,0,0,,0,0,,0,,0,,,2026-08-29 17:20:55
official_market,Mistral-Large,mistralai/mistral-large,mt1_ext,31-45,5,0,5,4,1,80.0,5,LWWWW,4,80.0,5,LWWWW,4,80.0,0,5,0,0,0,0,,0,0,,0,,0,,,2026-08-19 01:29:03
official_market,Mistral-Large,mistralai/mistral-large,mt1_ext,46+,5,0,5,3,2,60.0,5,LLWWW,3,60.0,5,LLWWW,3,60.0,0,5,0,0,0,0,,0,0,,0,,0,,,2026-08-20 00:11:15
official_market,Mistral-Large,mistralai/mistral-large,mt2,0-14,6,0,6,3,3,50.0,6,WLWLWL,3,50.0,6,WLWLWL,3,50.0,0,6,0,0,0,0,,0,0,,0,,0,,,2026-08-20 16:07:02
official_market,Mistral-Large,mistralai/mistral-large,mt2,15-30,20,0,20,13,7,65.0,20,LWWWWWWWWWWLLWWLLLWL,13,65.0,10,LWWWWWWWWW,9,90.0,0,20,0,2,0,0,,0,0,,0,,0,,,2026-08-28 19:30:54
official_market,Mistral-Large,mistralai/mistral-large,mt2,31-45,3,0,3,3,0,100.0,3,WWW,3,100.0,3,WWW,3,100.0,0,3,0,0,0,0,,0,0,,0,,0,,,2026-08-18 19:47:03
official_market,Mistral-Large,mistralai/mistral-large,mt2,46+,5,0,5,2,3,40.0,5,LWWLL,2,40.0,5,LWWLL,2,40.0,0,5,0,0,0,0,,0,0,,0,,0,,,2026-08-20 00:11:15
official_market,Mistral-Large,mistralai/mistral-large,mt2_dom,0-14,1,0,1,1,0,100.0,1,W,1,100.0,1,W,1,100.0,0,1,0,0,0,0,,0,0,,0,,0,,,2026-08-08 15:36:25
official_market,Mistral-Large,mistralai/mistral-large,mt2_dom,15-30,3,0,3,2,1,66.67,3,LWW,2,66.67,3,LWW,2,66.67,0,3,0,0,0,0,,0,0,,0,,0,,,2026-08-26 17:37:31
official_market,Mistral-Large,mistralai/mistral-large,mt2_dom,46+,1,0,1,0,1,0.0,1,L,0,0.0,1,L,0,0.0,0,1,0,0,0,0,,0,0,,0,,0,,,2026-08-09 01:49:47
official_market,Mistral-Large,mistralai/mistral-large,mt2_ext,0-14,1,0,1,0,1,0.0,1,L,0,0.0,1,L,0,0.0,0,1,0,0,0,0,,0,0,,0,,0,,,2026-08-08 15:36:25
official_market,Mistral-Large,mistralai/mistral-large,ou05,0-14,12,0,12,12,0,100.0,12,WWWWWWWWWWWW,12,100.0,10,WWWWWWWWWW,10,100.0,4,0,0,0,8,8,100.0,8,8,100.0,8,100.0,0,,,2026-08-20 16:07:02
official_market,Mistral-Large,mistralai/mistral-large,ou05,15-30,39,0,38,34,4,89.47,20,WWWWWWLWWWWWWWWWLWWW,18,90.0,10,WWWWWWLWWW,9,90.0,24,0,0,3,14,10,71.43,12,12,75.0,10,70.0,0,,,2026-08-29 17:20:55
official_market,Mistral-Large,mistralai/mistral-large,ou05,31-45,5,0,5,4,1,80.0,5,WWWLW,4,80.0,5,WWWLW,4,80.0,4,0,0,0,1,0,0.0,1,1,0.0,1,0.0,0,,,2026-08-19 01:29:03
official_market,Mistral-Large,mistralai/mistral-large,ou05,46+,9,0,9,8,1,88.89,9,WWWWWWWLW,8,88.89,9,WWWWWWWLW,8,88.89,7,0,0,0,2,1,50.0,2,2,50.0,2,50.0,0,,,2026-08-20 00:11:15
official_market,Mistral-Large,mistralai/mistral-large,ou15,0-14,12,0,12,7,5,58.33,12,LLWWLWWWWLWL,7,58.33,10,LLWWLWWWWL,6,60.0,0,0,0,0,12,7,58.33,11,11,54.55,10,60.0,0,,,2026-08-20 16:07:02
official_market,Mistral-Large,mistralai/mistral-large,ou15,15-30,38,0,37,26,11,70.27,20,WLWWLLLLWWWWLWWWWWWW,14,70.0,10,WLWWLLLLWW,5,50.0,6,0,0,3,28,17,60.71,26,20,50.0,10,50.0,0,,,2026-08-29 17:20:55
official_market,Mistral-Large,mistralai/mistral-large,ou15,31-45,5,0,5,4,1,80.0,5,WWWLW,4,80.0,5,WWWLW,4,80.0,4,0,0,0,1,0,0.0,1,1,0.0,1,0.0,0,,,2026-08-19 01:29:03
official_market,Mistral-Large,mistralai/mistral-large,ou15,46+,9,0,9,8,1,88.89,9,WWWWWWWLW,8,88.89,9,WWWWWWWLW,8,88.89,6,0,0,0,3,2,66.67,3,3,66.67,3,66.67,0,,,2026-08-20 00:11:15
official_market,Mistral-Large,mistralai/mistral-large,ou25,0-14,12,0,12,6,6,50.0,12,LWWWLWLLWLWL,6,50.0,10,LWWWLWLLWL,5,50.0,0,0,0,0,12,6,50.0,11,11,54.55,10,60.0,0,,,2026-08-20 16:07:02
official_market,Mistral-Large,mistralai/mistral-large,ou25,15-30,49,0,48,28,20,58.33,20,LLWWWLLLLWWWWLLLLWLW,9,45.0,10,LLWWWLLLLW,4,40.0,0,0,1,3,44,26,59.09,40,20,40.0,10,50.0,8,-6.37,-79.62,2026-08-29 17:20:55
official_market,Mistral-Large,mistralai/mistral-large,ou25,31-45,5,0,5,4,1,80.0,5,WWWLW,4,80.0,5,WWWLW,4,80.0,2,0,0,0,3,2,66.67,3,3,66.67,3,66.67,0,,,2026-08-19 01:29:03
official_market,Mistral-Large,mistralai/mistral-large,ou25,46+,9,0,9,6,3,66.67,9,LWLLWWWWW,6,66.67,9,LWLLWWWWW,6,66.67,3,0,0,0,6,4,66.67,6,6,66.67,6,66.67,0,,,2026-08-20 00:11:15
official_market,Mistral-Large,mistralai/mistral-large,resultat,0-14,12,0,12,4,8,33.33,12,LWLLLLWWLLWL,4,33.33,10,LWLLLLWWLL,3,30.0,0,12,0,0,0,0,,0,0,,0,,0,,,2026-08-20 16:07:02
official_market,Mistral-Large,mistralai/mistral-large,resultat,15-30,37,0,36,12,24,33.33,20,WLWWWLLLWLLWWLWLLLLW,9,45.0,10,WLWWWLLLWL,5,50.0,0,36,0,3,0,0,,0,0,,0,,0,,,2026-08-29 17:20:55
official_market,Mistral-Large,mistralai/mistral-large,resultat,31-45,5,0,5,3,2,60.0,5,LLWWW,3,60.0,5,LLWWW,3,60.0,0,5,0,0,0,0,,0,0,,0,,0,,,2026-08-19 01:29:03
official_market,Mistral-Large,mistralai/mistral-large,resultat,46+,8,0,8,3,5,37.5,8,LLLWLWLW,3,37.5,8,LLLWLWLW,3,37.5,0,8,0,0,0,0,,0,0,,0,,0,,,2026-08-20 00:11:15
official_market,Mistral-Large,mistralai/mistral-small-2603,btts,15-30,111,0,106,61,45,57.55,20,LLLWWWWLWWWWLWWLWWLL,12,60.0,10,LLLWWWWLWW,6,60.0,10,0,0,0,96,51,53.12,72,20,45.0,10,60.0,0,,,2026-09-11 18:16:47
official_market,Mistral-Large,mistralai/mistral-small-2603,btts,31-45,45,0,43,30,13,69.77,20,WWLLWLWWWWLWWWWWWWWL,15,75.0,10,WWLLWLWWWW,7,70.0,10,0,0,0,33,20,60.61,33,20,60.0,10,60.0,0,,,2026-09-11 17:17:05
official_market,Mistral-Large,mistralai/mistral-small-2603,mt1,15-30,111,0,106,77,29,72.64,20,LWWLWWWWWLWWLWWLLWLL,12,60.0,10,LWWLWWWWWL,7,70.0,0,106,0,0,0,0,,0,0,,0,,0,,,2026-09-11 18:16:47
official_market,Mistral-Large,mistralai/mistral-small-2603,mt1,31-45,44,0,42,36,6,85.71,20,WWLWWWWLWWWWWWWWLWWW,17,85.0,10,WWLWWWWLWW,8,80.0,0,42,0,0,0,0,,0,0,,0,,0,,,2026-09-11 17:17:05
official_market,Mistral-Large,mistralai/mistral-small-2603,mt1_dom,15-30,110,0,105,62,43,59.05,20,LWWLWWLWWLWWLWWLLLLL,10,50.0,10,LWWLWWLWWL,6,60.0,0,105,0,0,0,0,,0,0,,0,,0,,,2026-09-11 18:16:47
official_market,Mistral-Large,mistralai/mistral-small-2603,mt1_dom,31-45,42,0,40,34,6,85.0,20,WWLWWWWLWWWWWWWWWWWW,18,90.0,10,WWLWWWWLWW,8,80.0,0,40,0,0,0,0,,0,0,,0,,0,,,2026-09-11 17:17:05
official_market,Mistral-Large,mistralai/mistral-small-2603,mt1_ext,15-30,106,0,101,66,35,65.35,20,WWWWWWWLWWWWWWWWWWWW,19,95.0,10,WWWWWWWLWW,9,90.0,0,101,0,0,0,0,,0,0,,0,,0,,,2026-09-11 18:16:47
official_market,Mistral-Large,mistralai/mistral-small-2603,mt1_ext,31-45,39,0,37,27,10,72.97,20,LWWWWWWWWWWWWLLWWWLW,16,80.0,10,LWWWWWWWWW,9,90.0,0,37,0,0,0,0,,0,0,,0,,0,,,2026-09-11 17:17:05
official_market,Mistral-Large,mistralai/mistral-small-2603,mt2,15-30,86,0,82,47,35,57.32,20,LWWWLWWLLWWWLLLWLLLW,10,50.0,10,LWWWLWWLLW,6,60.0,0,82,0,0,0,0,,0,0,,0,,0,,,2026-09-11 18:16:47
official_market,Mistral-Large,mistralai/mistral-small-2603,mt2,31-45,24,0,23,18,5,78.26,20,WLWWWWWWWLWLWWWWWWWW,17,85.0,10,WLWWWWWWWL,8,80.0,0,23,0,0,0,0,,0,0,,0,,0,,,2026-09-11 17:17:05
official_market,Mistral-Large,mistralai/mistral-small-2603,mt2_dom,15-30,38,0,37,17,20,45.95,20,WWWWLLWWLWLWLLLWLLLW,10,50.0,10,WWWWLLWWLW,7,70.0,0,37,0,0,0,0,,0,0,,0,,0,,,2026-09-11 12:01:10
official_market,Mistral-Large,mistralai/mistral-small-2603,mt2_dom,31-45,10,0,10,6,4,60.0,10,LWWLWWWWLL,6,60.0,10,LWWLWWWWLL,6,60.0,0,10,0,0,0,0,,0,0,,0,,0,,,2026-09-11 01:19:04
official_market,Mistral-Large,mistralai/mistral-small-2603,mt2_ext,15-30,5,0,5,2,3,40.0,5,WLWLL,2,40.0,5,WLWLL,2,40.0,0,5,0,0,0,0,,0,0,,0,,0,,,2026-09-10 19:49:04
official_market,Mistral-Large,mistralai/mistral-small-2603,ou05,15-30,111,0,106,94,12,88.68,20,LWWWWWWWWWWWLWWLWWWW,17,85.0,10,LWWWWWWWWW,9,90.0,49,0,0,0,57,45,78.95,45,20,75.0,10,70.0,0,,,2026-09-11 18:16:47
official_market,Mistral-Large,mistralai/mistral-small-2603,ou05,31-45,45,0,43,41,2,95.35,20,WWWWWWWWWWWWWWWWLWWW,19,95.0,10,WWWWWWWWWW,10,100.0,27,0,0,0,16,14,87.5,16,16,87.5,10,90.0,0,,,2026-09-11 17:17:05
official_market,Mistral-Large,mistralai/mistral-small-2603,ou15,15-30,111,0,106,73,33,68.87,20,LWWWLLWWWWWWLWLLLWLL,11,55.0,10,LWWWLLWWWW,7,70.0,18,0,0,0,88,55,62.5,68,20,50.0,10,70.0,0,,,2026-09-11 18:16:47
official_market,Mistral-Large,mistralai/mistral-small-2603,ou15,31-45,45,0,43,33,10,76.74,20,WWLWWLWLLWLWWWWWWWWW,15,75.0,10,WWLWWLWLLW,6,60.0,15,0,0,0,28,18,64.29,28,20,60.0,10,50.0,0,,,2026-09-11 17:17:05
official_market,Mistral-Large,mistralai/mistral-small-2603,ou25,15-30,111,0,106,65,41,61.32,20,LLLWWWWWWWWLLLWLWLLL,10,50.0,10,LLLWWWWWWW,7,70.0,4,0,0,0,102,61,59.8,78,20,45.0,10,70.0,0,,,2026-09-11 18:16:47
official_market,Mistral-Large,mistralai/mistral-small-2603,ou25,31-45,45,0,43,32,11,74.42,20,WWLLWLLWWLWWWWWLWWWW,14,70.0,10,WWLLWLLWWL,5,50.0,4,0,0,0,39,28,71.79,39,20,70.0,10,50.0,0,,,2026-09-11 17:17:05
official_market,Mistral-Large,mistralai/mistral-small-2603,resultat,15-30,111,0,106,49,57,46.23,20,LWWWLLLWWWLLLLLLWLWL,8,40.0,10,LWWWLLLWWW,6,60.0,0,106,0,0,0,0,,0,0,,0,,0,,,2026-09-11 18:16:47
official_market,Mistral-Large,mistralai/mistral-small-2603,resultat,31-45,45,0,43,21,22,48.84,20,WWWWLLLLWLLWLWLLWWWW,11,55.0,10,WWWWLLLLWL,5,50.0,0,43,0,0,0,0,,0,0,,0,,0,,,2026-09-11 17:17:05
official_market,Mistral-Large,model_id_not_proven,btts,0-14,855,0,442,211,231,47.74,20,WWWLLLLLWLWWLLLLLWWL,8,40.0,10,WWWLLLLLWL,4,40.0,91,0,1,128,304,146,48.03,287,20,40.0,10,40.0,0,,,2026-08-20 18:04:40
official_market,Mistral-Large,model_id_not_proven,btts,15-30,1367,0,1339,812,527,60.64,20,WLWWWWWWWWWWLLLWWWLL,14,70.0,10,WLWWWWWWWW,9,90.0,125,0,8,164,1065,598,56.15,779,20,70.0,10,80.0,0,,,2026-09-04 19:41:02
official_market,Mistral-Large,model_id_not_proven,btts,31-45,838,0,823,557,266,67.68,20,WLWWWWWWLWLWLWLWWWWW,15,75.0,10,WLWWWWWWLW,8,80.0,204,0,1,118,528,304,57.58,491,20,75.0,10,80.0,0,,,2026-08-20 19:17:08
official_market,Mistral-Large,model_id_not_proven,btts,46+,985,0,974,748,226,76.8,20,WLWWWLWWWWWWWWLLLWLW,14,70.0,10,WLWWWLWWWW,8,80.0,366,0,2,98,535,353,65.98,430,20,75.0,10,70.0,1,1.1,110.0,2026-08-20 18:43:44
official_market,Mistral-Large,model_id_not_proven,btts,unknown,247,0,51,38,13,74.51,20,WWLLLLLWWWLWWWWWWWWW,14,70.0,10,WWLLLLLWWW,5,50.0,0,51,0,51,0,0,,0,0,,0,,0,,,2026-08-15 18:01:18
official_market,Mistral-Large,model_id_not_proven,mt1,0-14,855,0,442,204,238,46.15,20,LWWWLWWWWLWWLWWWWLWL,14,70.0,10,LWWWLWWWWL,7,70.0,0,442,0,128,0,0,,0,0,,0,,0,,,2026-08-20 18:04:40
official_market,Mistral-Large,model_id_not_proven,mt1,15-30,1365,0,1337,992,345,74.2,20,WWWLWWWWWWWWWLLWWWWW,17,85.0,10,WWWLWWWWWW,9,90.0,0,1337,0,164,0,0,,0,0,,0,,0,,,2026-09-04 19:41:02
official_market,Mistral-Large,model_id_not_proven,mt1,31-45,838,0,823,734,89,89.19,20,WWWWWLWWWWLWWWWWWWWW,18,90.0,10,WWWWWLWWWW,9,90.0,0,823,0,118,0,0,,0,0,,0,,0,,,2026-08-20 19:17:08
official_market,Mistral-Large,model_id_not_proven,mt1,46+,987,0,976,757,219,77.56,20,WWLWLLWWLWWWWWWLLLWW,13,65.0,10,WWLWLLWWLW,6,60.0,0,976,0,98,0,0,,0,0,,0,,0,,,2026-08-20 18:43:44
official_market,Mistral-Large,model_id_not_proven,mt1,unknown,247,0,51,36,15,70.59,20,WWLLLLLWWWLLWWWWWWWW,13,65.0,10,WWLLLLLWWW,5,50.0,0,51,0,51,0,0,,0,0,,0,,0,,,2026-08-15 18:01:18
official_market,Mistral-Large,model_id_not_proven,mt1_dom,0-14,55,0,55,34,21,61.82,20,WWWWLWWWWLWWLWWWWWWL,16,80.0,10,WWWWLWWWWL,8,80.0,0,55,0,3,0,0,,0,0,,0,,0,,,2026-08-20 18:04:40
official_market,Mistral-Large,model_id_not_proven,mt1_dom,15-30,272,0,272,189,83,69.49,20,WWWLWWWWWWWLWLLLWLLW,13,65.0,10,WWWLWWWWWW,9,90.0,0,272,0,6,0,0,,0,0,,0,,0,,,2026-09-04 19:41:02
official_market,Mistral-Large,model_id_not_proven,mt1_dom,31-45,44,0,44,37,7,84.09,20,WWLWWLLWWWLWWWWWWWWW,16,80.0,10,WWLWWLLWWW,7,70.0,0,44,0,1,0,0,,0,0,,0,,0,,,2026-08-20 19:17:08
official_market,Mistral-Large,model_id_not_proven,mt1_dom,46+,75,0,75,51,24,68.0,20,WWLLLWWWLWWWWLWLWWWW,14,70.0,10,WWLLLWWWLW,6,60.0,0,75,0,3,0,0,,0,0,,0,,0,,,2026-08-20 18:43:44
official_market,Mistral-Large,model_id_not_proven,mt1_dom,unknown,2,0,2,2,0,100.0,2,WW,2,100.0,2,WW,2,100.0,0,2,0,2,0,0,,0,0,,0,,0,,,2026-08-15 18:01:18
official_market,Mistral-Large,model_id_not_proven,mt1_ext,0-14,52,0,52,36,16,69.23,20,LLWLWWWWWLWWWWWLWWLW,14,70.0,10,LLWLWWWWWL,6,60.0,0,52,0,3,0,0,,0,0,,0,,0,,,2026-08-20 18:04:40
official_market,Mistral-Large,model_id_not_proven,mt1_ext,15-30,257,0,257,184,73,71.6,20,LWLWWWWWWLWWWWLWLLWW,14,70.0,10,LWLWWWWWWL,7,70.0,0,257,0,6,0,0,,0,0,,0,,0,,,2026-09-04 19:41:02
official_market,Mistral-Large,model_id_not_proven,mt1_ext,31-45,44,0,44,35,9,79.55,20,WLLWWWLWWWLWWWWWWWWW,16,80.0,10,WLLWWWLWWW,7,70.0,0,44,0,1,0,0,,0,0,,0,,0,,,2026-08-20 19:17:08
official_market,Mistral-Large,model_id_not_proven,mt1_ext,46+,67,0,67,48,19,71.64,20,WLWLWLWWWWLWLWLLWWWW,13,65.0,10,WLWLWLWWWW,7,70.0,0,67,0,2,0,0,,0,0,,0,,0,,,2026-08-20 18:43:44
official_market,Mistral-Large,model_id_not_proven,mt1_ext,unknown,1,0,1,0,1,0.0,1,L,0,0.0,1,L,0,0.0,0,1,0,1,0,0,,0,0,,0,,0,,,2026-08-15 18:01:18
official_market,Mistral-Large,model_id_not_proven,mt2,0-14,35,0,35,26,9,74.29,20,WLWWWWWWLWWWWWLLWWWL,15,75.0,10,WLWWWWWWLW,8,80.0,0,35,0,2,0,0,,0,0,,0,,0,,,2026-08-20 18:04:40
official_market,Mistral-Large,model_id_not_proven,mt2,15-30,193,0,193,119,74,61.66,20,LLWWWWWWWWLLWWWWWWLW,15,75.0,10,LLWWWWWWWW,8,80.0,0,193,0,5,0,0,,0,0,,0,,0,,,2026-09-04 19:41:02
official_market,Mistral-Large,model_id_not_proven,mt2,31-45,34,0,34,17,17,50.0,20,LLWWLWWWWLWLWLLLLWLL,9,45.0,10,LLWWLWWWWL,6,60.0,0,34,0,1,0,0,,0,0,,0,,0,,,2026-08-20 19:17:08
official_market,Mistral-Large,model_id_not_proven,mt2,46+,43,0,43,25,18,58.14,20,LWWWLWWWLLWWLLWLWWLL,11,55.0,10,LWWWLWWWLL,6,60.0,0,43,0,1,0,0,,0,0,,0,,0,,,2026-08-20 01:59:52
official_market,Mistral-Large,model_id_not_proven,mt2_dom,0-14,7,0,7,4,3,57.14,7,WWLLWWL,4,57.14,7,WWLLWWL,4,57.14,0,7,0,1,0,0,,0,0,,0,,0,,,2026-08-20 18:04:40
official_market,Mistral-Large,model_id_not_proven,mt2_dom,15-30,54,0,54,33,21,61.11,20,WLWLWWLLLLWWLWWLWLWW,11,55.0,10,WLWLWWLLLL,4,40.0,0,54,0,2,0,0,,0,0,,0,,0,,,2026-09-04 19:16:54
official_market,Mistral-Large,model_id_not_proven,mt2_dom,31-45,9,0,9,5,4,55.56,9,LWWWWWLLL,5,55.56,9,LWWWWWLLL,5,55.56,0,9,0,0,0,0,,0,0,,0,,0,,,2026-08-20 00:17:38
official_market,Mistral-Large,model_id_not_proven,mt2_dom,46+,7,0,7,3,4,42.86,7,LWLLWWL,3,42.86,7,LWLLWWL,3,42.86,0,7,0,0,0,0,,0,0,,0,,0,,,2026-08-17 17:30:00
official_market,Mistral-Large,model_id_not_proven,mt2_ext,0-14,1,0,1,1,0,100.0,1,W,1,100.0,1,W,1,100.0,0,1,0,0,0,0,,0,0,,0,,0,,,2026-08-20 18:04:40
official_market,Mistral-Large,model_id_not_proven,mt2_ext,15-30,5,0,5,3,2,60.0,5,LWWWL,3,60.0,5,LWWWL,3,60.0,0,5,0,0,0,0,,0,0,,0,,0,,,2026-08-31 19:47:26
official_market,Mistral-Large,model_id_not_proven,ou05,0-14,57,0,57,56,1,98.25,20,WWWWWWWWWWWWWWWWWWWW,20,100.0,10,WWWWWWWWWW,10,100.0,12,0,0,3,42,41,97.62,42,20,95.0,10,100.0,0,,,2026-08-20 18:04:40
official_market,Mistral-Large,model_id_not_proven,ou05,15-30,280,0,280,255,25,91.07,20,WWWWWWWWWWWWWWLWWWWW,19,95.0,10,WWWWWWWWWW,10,100.0,136,0,1,6,143,118,82.52,123,20,85.0,10,100.0,0,,,2026-09-04 19:41:02
official_market,Mistral-Large,model_id_not_proven,ou05,31-45,44,0,44,38,6,86.36,20,LWWWWLWWLWLWWWWWWWWW,16,80.0,10,LWWWWLWWLW,7,70.0,32,0,0,1,12,7,58.33,12,12,58.33,10,50.0,0,,,2026-08-20 19:17:08
official_market,Mistral-Large,model_id_not_proven,ou05,46+,73,0,73,67,6,91.78,20,WWWWWWWWWWWWWWWWWWLW,19,95.0,10,WWWWWWWWWW,10,100.0,64,0,0,3,8,4,50.0,8,8,50.0,8,50.0,0,,,2026-08-20 18:43:44
official_market,Mistral-Large,model_id_not_proven,ou05,unknown,2,0,2,2,0,100.0,2,WW,2,100.0,2,WW,2,100.0,0,2,0,2,0,0,,0,0,,0,,0,,,2026-08-15 18:01:18
official_market,Mistral-Large,model_id_not_proven,ou15,0-14,57,0,57,27,30,47.37,20,LWWWLLWWWLWWLLWLLWWL,11,55.0,10,LWWWLLWWWL,6,60.0,1,0,0,3,53,25,47.17,52,20,55.0,10,60.0,0,,,2026-08-20 18:04:40
official_market,Mistral-Large,model_id_not_proven,ou15,15-30,281,0,281,190,91,67.62,20,WWWWWWWWWWWWWLLWWWWW,18,90.0,10,WWWWWWWWWW,10,100.0,35,0,6,6,238,152,63.87,189,20,85.0,10,90.0,0,,,2026-09-04 19:41:02
official_market,Mistral-Large,model_id_not_proven,ou15,31-45,44,0,44,29,15,65.91,20,WWWLWWWWLWLWWWLWWLWW,15,75.0,10,WWWLWWWWLW,8,80.0,13,0,0,1,30,16,53.33,28,20,50.0,10,70.0,0,,,2026-08-20 19:17:08
official_market,Mistral-Large,model_id_not_proven,ou15,46+,73,0,73,53,20,72.6,20,WLWWWLWWLWWWWWLLLWLW,13,65.0,10,WLWWWLWWLW,7,70.0,30,0,0,3,42,24,57.14,37,20,65.0,10,60.0,0,,,2026-08-20 18:43:44
official_market,Mistral-Large,model_id_not_proven,ou15,unknown,2,0,2,2,0,100.0,2,WW,2,100.0,2,WW,2,100.0,0,2,0,2,0,0,,0,0,,0,,0,,,2026-08-15 18:01:18
official_market,Mistral-Large,model_id_not_proven,ou25,0-14,855,0,442,216,226,48.87,20,LLWLLWWWWWWWLLWLLWWW,12,60.0,10,LLWLLWWWWW,6,60.0,87,0,1,128,308,150,48.7,289,20,55.0,10,60.0,4,-2.23,-55.75,2026-08-20 18:04:40
official_market,Mistral-Large,model_id_not_proven,ou25,15-30,1375,0,1347,863,484,64.07,20,WLWWLLWWWWWWWLLLWWWL,13,65.0,10,WLWWLLWWWW,7,70.0,46,0,5,164,1148,725,63.15,829,20,60.0,10,60.0,27,8.48,31.41,2026-09-04 19:41:02
official_market,Mistral-Large,model_id_not_proven,ou25,31-45,838,0,823,589,234,71.57,20,WLLWWWLWLWLWWWWWWWWW,15,75.0,10,WLLWWWLWLW,6,60.0,114,0,2,118,617,418,67.75,564,20,75.0,10,50.0,23,11.33,49.26,2026-08-20 19:17:08
official_market,Mistral-Large,model_id_not_proven,ou25,46+,985,0,974,769,205,78.95,20,WWWWWLWWWWWWLWLLLLLW,13,65.0,10,WWWWWLWWWW,9,90.0,265,0,3,98,642,464,72.27,510,20,75.0,10,80.0,118,52.73,44.69,2026-08-20 18:43:44
official_market,Mistral-Large,model_id_not_proven,ou25,unknown,247,0,51,36,15,70.59,20,WWLLLLLWWWLWWWWWWWWW,14,70.0,10,WWLLLLLWWW,5,50.0,0,51,0,51,0,0,,0,0,,0,,0,,,2026-08-15 18:01:18
official_market,Mistral-Large,model_id_not_proven,resultat,0-14,855,0,442,190,252,42.99,20,WWLWLLLWLWLWLLWLLWLL,8,40.0,10,WWLWLLLWLW,5,50.0,0,442,0,128,0,0,,0,0,,0,,0,,,2026-08-20 18:04:40
official_market,Mistral-Large,model_id_not_proven,resultat,15-30,1367,0,1339,636,703,47.5,20,WWLLLLWWWLLLWLWLWLLW,9,45.0,10,WWLLLLWWWL,5,50.0,0,1339,0,164,0,0,,0,0,,0,,0,,,2026-09-04 19:41:02
official_market,Mistral-Large,model_id_not_proven,resultat,31-45,838,0,823,445,378,54.07,20,LWLWWLWWLWLLWWLWWWLW,12,60.0,10,LWLWWLWWLW,6,60.0,0,823,0,118,0,0,,0,0,,0,,0,,,2026-08-20 19:17:08
official_market,Mistral-Large,model_id_not_proven,resultat,46+,986,0,975,578,397,59.28,20,WLWLLLWWWWWLLLWLWWLL,10,50.0,10,WLWLLLWWWW,6,60.0,0,975,0,98,0,0,,0,0,,0,,0,,,2026-08-20 18:43:44
official_market,Mistral-Large,model_id_not_proven,resultat,unknown,247,0,51,27,24,52.94,20,LLLLLWLWWWWLLWLWWWWL,10,50.0,10,LLLLLWLWWW,4,40.0,0,51,0,51,0,0,,0,0,,0,,0,,,2026-08-15 18:01:18
official_market,Mistral-Small,model_id_not_proven,btts,0-14,94,0,81,41,40,50.62,20,LLWWWLLWLLLLLLWWLWWL,8,40.0,10,LLWWWLLWLL,4,40.0,7,0,0,27,51,24,47.06,51,20,45.0,10,40.0,0,,,2026-08-20 17:16:53
official_market,Mistral-Small,model_id_not_proven,btts,15-30,653,0,645,357,288,55.35,20,LLLWLLWWWWWLWWWWWLWL,12,60.0,10,LLLWLLWWWW,5,50.0,71,0,3,58,517,261,50.48,517,20,50.0,10,50.0,0,,,2026-09-01 19:18:03
official_market,Mistral-Small,model_id_not_proven,btts,31-45,38,0,38,17,21,44.74,20,LLLLWLLWWLLWLLWLWWLW,8,40.0,10,LLLLWLLWWL,3,30.0,9,0,0,3,28,9,32.14,28,20,20.0,10,30.0,0,,,2026-08-19 23:23:18
official_market,Mistral-Small,model_id_not_proven,btts,46+,35,0,35,26,9,74.29,20,WLWWWLLLWLWWWWWLWWWW,14,70.0,10,WLWWWLLLWL,5,50.0,8,0,0,1,26,18,69.23,26,20,70.0,10,60.0,0,,,2026-08-19 20:17:30
official_market,Mistral-Small,model_id_not_proven,btts,unknown,187,0,29,17,12,58.62,20,WWWWLWWLWWLLWLLLWWWL,12,60.0,10,WWWWLWWLWW,8,80.0,0,29,0,29,0,0,,0,0,,0,,0,,,2026-07-28 01:06:02
official_market,Mistral-Small,model_id_not_proven,mt1,0-14,94,0,81,44,37,54.32,20,WWWLWLWWWWLLWWWWLLLW,13,65.0,10,WWWLWLWWWW,8,80.0,0,81,0,27,0,0,,0,0,,0,,0,,,2026-08-20 17:16:53
official_market,Mistral-Small,model_id_not_proven,mt1,15-30,653,0,645,467,178,72.4,20,LLWWLLWWWWWWWLWWLWWW,14,70.0,10,LLWWLLWWWW,6,60.0,0,645,0,58,0,0,,0,0,,0,,0,,,2026-09-01 19:18:03
official_market,Mistral-Small,model_id_not_proven,mt1,31-45,38,0,38,27,11,71.05,20,LLWLLWWWLWWWWLWWWWWW,14,70.0,10,LLWLLWWWLW,5,50.0,0,38,0,3,0,0,,0,0,,0,,0,,,2026-08-19 23:23:18
official_market,Mistral-Small,model_id_not_proven,mt1,46+,35,0,35,24,11,68.57,20,WLWLWLWLLLWWWWLWLWWW,12,60.0,10,WLWLWLWLLL,4,40.0,0,35,0,1,0,0,,0,0,,0,,0,,,2026-08-19 20:17:30
official_market,Mistral-Small,model_id_not_proven,mt1,unknown,187,0,29,26,3,89.66,20,WWWWWWWLWWWLWWWWWWWW,18,90.0,10,WWWWWWWLWW,9,90.0,0,29,0,29,0,0,,0,0,,0,,0,,,2026-07-28 01:06:02
official_market,Mistral-Small,model_id_not_proven,ou25,0-14,94,0,81,44,37,54.32,20,WWWWWLLWLLWWWLWWWWLW,14,70.0,10,WWWWWLLWLL,6,60.0,8,0,0,27,51,26,50.98,51,20,80.0,10,90.0,0,,,2026-08-20 17:16:53
official_market,Mistral-Small,model_id_not_proven,ou25,15-30,655,0,647,375,272,57.96,20,LLLWLLWWLLWWWLLWWWWL,10,50.0,10,LLLWLLWWLL,3,30.0,26,0,2,58,563,317,56.31,563,20,50.0,10,40.0,17,8.41,49.47,2026-09-01 19:18:03
official_market,Mistral-Small,model_id_not_proven,ou25,31-45,38,0,38,23,15,60.53,20,WLWLWWWWLLLLLWWLWWLW,11,55.0,10,WLWLWWWWLL,6,60.0,6,0,0,3,31,16,51.61,31,20,45.0,10,40.0,4,-1.98,-49.5,2026-08-19 23:23:18
official_market,Mistral-Small,model_id_not_proven,ou25,46+,35,0,35,22,13,62.86,20,LLLLWLLLWLWWWWLWWWWW,11,55.0,10,LLLLWLLLWL,2,20.0,5,0,0,1,29,17,58.62,29,20,55.0,10,30.0,1,-1,-100.0,2026-08-19 20:17:30
official_market,Mistral-Small,model_id_not_proven,ou25,unknown,187,0,29,22,7,75.86,20,WWWWLWWLWWLLWWLWWWWW,15,75.0,10,WWWWLWWLWW,8,80.0,0,29,0,29,0,0,,0,0,,0,,0,,,2026-07-28 01:06:02
official_market,Mistral-Small,model_id_not_proven,resultat,0-14,94,0,81,28,53,34.57,20,WWLLLLLLWLWLWLLLLLLW,6,30.0,10,WWLLLLLLWL,3,30.0,0,81,0,27,0,0,,0,0,,0,,0,,,2026-08-20 17:16:53
official_market,Mistral-Small,model_id_not_proven,resultat,15-30,653,0,645,310,335,48.06,20,WWLWWWLLWWWLLLWWLWWW,13,65.0,10,WWLWWWLLWW,7,70.0,0,645,0,58,0,0,,0,0,,0,,0,,,2026-09-01 19:18:03
official_market,Mistral-Small,model_id_not_proven,resultat,31-45,38,0,38,20,18,52.63,20,WLLLLLWWLWLWLWLLWLLL,7,35.0,10,WLLLLLWWLW,4,40.0,0,38,0,3,0,0,,0,0,,0,,0,,,2026-08-19 23:23:18
official_market,Mistral-Small,model_id_not_proven,resultat,46+,35,0,35,18,17,51.43,20,WLLLLLWWLWWWLWLWWWLL,10,50.0,10,WLLLLLWWLW,4,40.0,0,35,0,1,0,0,,0,0,,0,,0,,,2026-08-19 20:17:30
official_market,Mistral-Small,model_id_not_proven,resultat,unknown,187,0,29,14,15,48.28,20,WLLWLWLLLLWLWLWLWWWL,9,45.0,10,WLLWLWLLLL,3,30.0,0,29,0,29,0,0,,0,0,,0,,0,,,2026-07-28 01:06:02
official_market,OR-KimiK3,model_id_not_proven,btts,0-14,3,0,3,2,1,66.67,3,LWW,2,66.67,3,LWW,2,66.67,0,0,0,0,3,2,66.67,3,3,66.67,3,66.67,0,,,2026-08-20 17:16:58
official_market,OR-KimiK3,model_id_not_proven,btts,15-30,61,0,61,39,22,63.93,20,WWLWWWLWLLLWWLWLWLLL,10,50.0,10,WWLWWWLWLL,6,60.0,5,0,1,1,54,34,62.96,54,20,50.0,10,60.0,0,,,2026-08-20 18:43:28
official_market,OR-KimiK3,model_id_not_proven,btts,31-45,6,0,6,4,2,66.67,6,WWLLWW,4,66.67,6,WWLLWW,4,66.67,2,0,0,1,4,3,75.0,4,4,75.0,4,75.0,0,,,2026-08-19 23:23:23
official_market,OR-KimiK3,model_id_not_proven,btts,46+,3,0,3,3,0,100.0,3,WWW,3,100.0,3,WWW,3,100.0,2,0,0,0,1,1,100.0,1,1,100.0,1,100.0,0,,,2026-08-19 20:17:36
official_market,OR-KimiK3,model_id_not_proven,mt1,0-14,3,0,3,2,1,66.67,3,WLW,2,66.67,3,WLW,2,66.67,0,3,0,0,0,0,,0,0,,0,,0,,,2026-08-20 17:16:58
official_market,OR-KimiK3,model_id_not_proven,mt1,15-30,61,0,61,34,27,55.74,20,WWWLWWWWWLWWWWWLWLLL,14,70.0,10,WWWLWWWWWL,8,80.0,0,61,0,1,0,0,,0,0,,0,,0,,,2026-08-20 18:43:28
official_market,OR-KimiK3,model_id_not_proven,mt1,31-45,6,0,6,4,2,66.67,6,WWLLWW,4,66.67,6,WWLLWW,4,66.67,0,6,0,1,0,0,,0,0,,0,,0,,,2026-08-19 23:23:23
official_market,OR-KimiK3,model_id_not_proven,mt1,46+,3,0,3,3,0,100.0,3,WWW,3,100.0,3,WWW,3,100.0,0,3,0,0,0,0,,0,0,,0,,0,,,2026-08-19 20:17:36
official_market,OR-KimiK3,model_id_not_proven,ou25,0-14,3,0,3,2,1,66.67,3,WLW,2,66.67,3,WLW,2,66.67,0,0,0,0,3,2,66.67,3,3,66.67,3,66.67,0,,,2026-08-20 17:16:58
official_market,OR-KimiK3,model_id_not_proven,ou25,15-30,61,0,61,41,20,67.21,20,WWLLWWWWLWWWWLWWWWLL,14,70.0,10,WWLLWWWWLW,7,70.0,0,0,1,1,59,40,67.8,59,20,70.0,10,80.0,3,0.16,5.33,2026-08-20 18:43:28
official_market,OR-KimiK3,model_id_not_proven,ou25,31-45,6,0,6,4,2,66.67,6,WWLLWW,4,66.67,6,WWLLWW,4,66.67,0,0,0,1,5,4,80.0,5,5,80.0,5,80.0,1,-1,-100.0,2026-08-19 23:23:23
official_market,OR-KimiK3,model_id_not_proven,ou25,46+,3,0,3,3,0,100.0,3,WWW,3,100.0,3,WWW,3,100.0,0,0,0,0,3,3,100.0,3,3,100.0,3,100.0,0,,,2026-08-19 20:17:36
official_market,OR-KimiK3,model_id_not_proven,resultat,0-14,3,0,3,3,0,100.0,3,WWW,3,100.0,3,WWW,3,100.0,0,3,0,0,0,0,,0,0,,0,,0,,,2026-08-20 17:16:58
official_market,OR-KimiK3,model_id_not_proven,resultat,15-30,61,0,61,23,38,37.7,20,LWWWLWWLLLWWLLWWWWLL,11,55.0,10,LWWWLWWLLL,5,50.0,0,61,0,1,0,0,,0,0,,0,,0,,,2026-08-20 18:43:28
official_market,OR-KimiK3,model_id_not_proven,resultat,31-45,6,0,6,2,4,33.33,6,WWLLLL,2,33.33,6,WWLLLL,2,33.33,0,6,0,1,0,0,,0,0,,0,,0,,,2026-08-19 23:23:23
official_market,OR-KimiK3,model_id_not_proven,resultat,46+,3,0,3,2,1,66.67,3,WLW,2,66.67,3,WLW,2,66.67,0,3,0,0,0,0,,0,0,,0,,0,,,2026-08-19 20:17:36
official_market,OR-Mistral7B,model_id_not_proven,btts,0-14,4,0,4,3,1,75.0,4,LWWW,3,75.0,4,LWWW,3,75.0,0,0,0,0,4,3,75.0,4,4,75.0,4,75.0,0,,,2026-08-20 17:16:53
official_market,OR-Mistral7B,model_id_not_proven,btts,15-30,127,0,127,69,58,54.33,20,WWLWLWLWWWWLWLWWWLLW,13,65.0,10,WWLWLWLWWW,7,70.0,10,0,3,1,113,58,51.33,113,20,55.0,10,60.0,0,,,2026-09-11 16:53:01
official_market,OR-Mistral7B,model_id_not_proven,btts,31-45,6,0,6,2,4,33.33,6,LLLLWW,2,33.33,6,LLLLWW,2,33.33,1,0,0,1,5,2,40.0,5,5,40.0,5,40.0,0,,,2026-09-05 19:44:03
official_market,OR-Mistral7B,model_id_not_proven,btts,46+,4,0,4,3,1,75.0,4,WLWW,3,75.0,4,WLWW,3,75.0,2,0,0,0,2,1,50.0,2,2,50.0,2,50.0,0,,,2026-08-19 20:17:31
official_market,OR-Mistral7B,model_id_not_proven,mt1,0-14,4,0,4,3,1,75.0,4,WWWL,3,75.0,4,WWWL,3,75.0,0,4,0,0,0,0,,0,0,,0,,0,,,2026-08-20 17:16:53
official_market,OR-Mistral7B,model_id_not_proven,mt1,15-30,127,0,127,74,53,58.27,20,WWLLWLLWWWWLWLWWWLLW,12,60.0,10,WWLLWLLWWW,6,60.0,0,127,0,1,0,0,,0,0,,0,,0,,,2026-09-11 16:53:01
official_market,OR-Mistral7B,model_id_not_proven,mt1,31-45,6,0,6,4,2,66.67,6,WWLWWL,4,66.67,6,WWLWWL,4,66.67,0,6,0,1,0,0,,0,0,,0,,0,,,2026-09-05 19:44:03
official_market,OR-Mistral7B,model_id_not_proven,mt1,46+,4,0,4,3,1,75.0,4,WWWL,3,75.0,4,WWWL,3,75.0,0,4,0,0,0,0,,0,0,,0,,0,,,2026-08-19 20:17:31
official_market,OR-Mistral7B,model_id_not_proven,ou25,0-14,4,0,4,2,2,50.0,4,LLWW,2,50.0,4,LLWW,2,50.0,0,0,0,0,4,2,50.0,4,4,50.0,4,50.0,0,,,2026-08-20 17:16:53
official_market,OR-Mistral7B,model_id_not_proven,ou25,15-30,128,0,128,70,58,54.69,20,WWLWLWLWWLWLWLWWLWWL,12,60.0,10,WWLWLWLWWL,6,60.0,0,0,2,1,125,68,54.4,125,20,60.0,10,60.0,11,3.46,31.45,2026-09-11 16:53:01
official_market,OR-Mistral7B,model_id_not_proven,ou25,31-45,6,0,6,3,3,50.0,6,WLLLWW,3,50.0,6,WLLLWW,3,50.0,0,0,0,1,5,3,60.0,5,5,60.0,5,60.0,2,-0.3,-15.0,2026-09-05 19:44:03
official_market,OR-Mistral7B,model_id_not_proven,ou25,46+,4,0,4,2,2,50.0,4,WWLL,2,50.0,4,WWLL,2,50.0,0,0,0,0,4,2,50.0,4,4,50.0,4,50.0,0,,,2026-08-19 20:17:31
official_market,OR-Mistral7B,model_id_not_proven,resultat,0-14,4,0,4,2,2,50.0,4,WLLW,2,50.0,4,WLLW,2,50.0,0,4,0,0,0,0,,0,0,,0,,0,,,2026-08-20 17:16:53
official_market,OR-Mistral7B,model_id_not_proven,resultat,15-30,127,0,127,59,68,46.46,20,LLLLWLWWLWWWLLLWWWLW,10,50.0,10,LLLLWLWWLW,4,40.0,0,127,0,1,0,0,,0,0,,0,,0,,,2026-09-11 16:53:01
official_market,OR-Mistral7B,model_id_not_proven,resultat,31-45,6,0,6,2,4,33.33,6,WWLLLL,2,33.33,6,WWLLLL,2,33.33,0,6,0,1,0,0,,0,0,,0,,0,,,2026-09-05 19:44:03
official_market,OR-Mistral7B,model_id_not_proven,resultat,46+,4,0,4,0,4,0.0,4,LLLL,0,0.0,4,LLLL,0,0.0,0,4,0,0,0,0,,0,0,,0,,0,,,2026-08-19 20:17:31
official_market,OR-Qwen37Max,model_id_not_proven,btts,0-14,17,0,8,4,4,50.0,8,WWLWWLLL,4,50.0,8,WWLWWLLL,4,50.0,4,0,0,3,4,3,75.0,4,4,75.0,4,75.0,0,,,2026-08-20 17:16:55
official_market,OR-Qwen37Max,model_id_not_proven,btts,15-30,96,0,96,52,44,54.17,20,LWLLLWWWWWWLLWLLWLWW,11,55.0,10,LWLLLWWWWW,6,60.0,6,0,2,1,87,45,51.72,87,20,55.0,10,60.0,0,,,2026-09-01 19:18:07
official_market,OR-Qwen37Max,model_id_not_proven,btts,31-45,5,0,5,2,3,40.0,5,WLLWL,2,40.0,5,WLLWL,2,40.0,1,0,0,1,4,2,50.0,4,4,50.0,4,50.0,0,,,2026-08-19 23:23:20
official_market,OR-Qwen37Max,model_id_not_proven,btts,46+,7,0,7,7,0,100.0,7,WWWWWWW,7,100.0,7,WWWWWWW,7,100.0,3,0,0,1,3,3,100.0,3,3,100.0,3,100.0,0,,,2026-08-19 20:17:33
official_market,OR-Qwen37Max,model_id_not_proven,btts,unknown,80,0,10,6,4,60.0,10,LWWLWLLWWW,6,60.0,10,LWWLWLLWWW,6,60.0,0,10,0,10,0,0,,0,0,,0,,0,,,2026-07-25 06:50:08
official_market,OR-Qwen37Max,model_id_not_proven,mt1,0-14,17,0,8,7,1,87.5,8,WWWLWWWW,7,87.5,8,WWWLWWWW,7,87.5,0,8,0,3,0,0,,0,0,,0,,0,,,2026-08-20 17:16:55
official_market,OR-Qwen37Max,model_id_not_proven,mt1,15-30,96,0,96,67,29,69.79,20,LWWWLWWWWWWLWWWWWWWL,16,80.0,10,LWWWLWWWWW,8,80.0,0,96,0,1,0,0,,0,0,,0,,0,,,2026-09-01 19:18:07
official_market,OR-Qwen37Max,model_id_not_proven,mt1,31-45,5,0,5,4,1,80.0,5,WLWWW,4,80.0,5,WLWWW,4,80.0,0,5,0,1,0,0,,0,0,,0,,0,,,2026-08-19 23:23:20
official_market,OR-Qwen37Max,model_id_not_proven,mt1,46+,7,0,7,7,0,100.0,7,WWWWWWW,7,100.0,7,WWWWWWW,7,100.0,0,7,0,1,0,0,,0,0,,0,,0,,,2026-08-19 20:17:33
official_market,OR-Qwen37Max,model_id_not_proven,mt1,unknown,80,0,10,9,1,90.0,10,WWWWWWLWWW,9,90.0,10,WWWWWWLWWW,9,90.0,0,10,0,10,0,0,,0,0,,0,,0,,,2026-07-25 06:50:08
official_market,OR-Qwen37Max,model_id_not_proven,ou25,0-14,17,0,8,3,5,37.5,8,LLLWWLLW,3,37.5,8,LLLWWLLW,3,37.5,4,0,0,3,4,1,25.0,4,4,25.0,4,25.0,0,,,2026-08-20 17:16:55
official_market,OR-Qwen37Max,model_id_not_proven,ou25,15-30,94,0,94,54,40,57.45,20,LWLLLWWWWWWLWWLWLLWW,12,60.0,10,LWLLLWWWWW,6,60.0,0,0,1,1,92,52,56.52,92,20,60.0,10,60.0,3,0.34,11.33,2026-09-01 19:18:07
official_market,OR-Qwen37Max,model_id_not_proven,ou25,31-45,5,0,5,4,1,80.0,5,WLWWW,4,80.0,5,WLWWW,4,80.0,0,0,0,1,4,3,75.0,4,4,75.0,4,75.0,1,-1,-100.0,2026-08-19 23:23:20
official_market,OR-Qwen37Max,model_id_not_proven,ou25,46+,6,0,6,5,1,83.33,6,WWLWWW,5,83.33,6,WWLWWW,5,83.33,0,0,0,0,6,5,83.33,6,6,83.33,6,83.33,1,0.58,58.0,2026-08-19 20:17:33
official_market,OR-Qwen37Max,model_id_not_proven,ou25,unknown,79,0,10,8,2,80.0,10,WWWWWLLWWW,8,80.0,10,WWWWWLLWWW,8,80.0,0,10,0,10,0,0,,0,0,,0,,0,,,2026-07-25 06:50:08
official_market,OR-Qwen37Max,model_id_not_proven,resultat,0-14,17,0,8,4,4,50.0,8,WWLLLWLW,4,50.0,8,WWLLLWLW,4,50.0,0,8,0,3,0,0,,0,0,,0,,0,,,2026-08-20 17:16:55
official_market,OR-Qwen37Max,model_id_not_proven,resultat,15-30,96,0,96,39,57,40.62,20,WWLWWLWWLLWLWLLLWWLL,10,50.0,10,WWLWWLWWLL,6,60.0,0,96,0,1,0,0,,0,0,,0,,0,,,2026-09-01 19:18:07
official_market,OR-Qwen37Max,model_id_not_proven,resultat,31-45,5,0,5,1,4,20.0,5,WLLLL,1,20.0,5,WLLLL,1,20.0,0,5,0,1,0,0,,0,0,,0,,0,,,2026-08-19 23:23:20
official_market,OR-Qwen37Max,model_id_not_proven,resultat,46+,7,0,7,4,3,57.14,7,WLLWWWL,4,57.14,7,WLLWWWL,4,57.14,0,7,0,1,0,0,,0,0,,0,,0,,,2026-08-19 20:17:33
official_market,OR-Qwen37Max,model_id_not_proven,resultat,unknown,80,0,10,5,5,50.0,10,WWWLWLLLLW,5,50.0,10,WWWLWLLLLW,5,50.0,0,10,0,10,0,0,,0,0,,0,,0,,,2026-07-25 06:50:08
official_market,OpenRouter-Kimi,model_id_not_proven,btts,15-30,43,0,43,20,23,46.51,20,LWWWLLLWWWLWLLLLLLLW,8,40.0,10,LWWWLLLWWW,6,60.0,4,0,1,2,39,17,43.59,31,20,45.0,10,50.0,0,,,2026-08-30 18:17:34
official_market,OpenRouter-Kimi,model_id_not_proven,btts,unknown,1,0,1,1,0,100.0,1,W,1,100.0,1,W,1,100.0,0,1,0,1,0,0,,0,0,,0,,0,,,2026-08-29 17:21:54
official_market,OpenRouter-Kimi,model_id_not_proven,mt1,15-30,43,0,43,32,11,74.42,20,LWWLLLLWWWWWWWLLWWWW,13,65.0,10,LWWLLLLWWW,5,50.0,0,43,0,2,0,0,,0,0,,0,,0,,,2026-08-30 18:17:34
official_market,OpenRouter-Kimi,model_id_not_proven,mt1,unknown,1,0,1,1,0,100.0,1,W,1,100.0,1,W,1,100.0,0,1,0,1,0,0,,0,0,,0,,0,,,2026-08-29 17:21:54
official_market,OpenRouter-Kimi,model_id_not_proven,mt1_dom,15-30,43,0,43,30,13,69.77,20,WWWLWWLLWLWWWLLLLWLW,11,55.0,10,WWWLWWLLWL,6,60.0,0,43,0,2,0,0,,0,0,,0,,0,,,2026-08-30 18:17:34
official_market,OpenRouter-Kimi,model_id_not_proven,mt1_dom,unknown,1,0,1,1,0,100.0,1,W,1,100.0,1,W,1,100.0,0,1,0,1,0,0,,0,0,,0,,0,,,2026-08-29 17:21:54
official_market,OpenRouter-Kimi,model_id_not_proven,mt1_ext,15-30,41,0,41,33,8,80.49,20,LWLLLWWWWLWWWLWWWWLW,13,65.0,10,LWLLLWWWWL,5,50.0,0,41,0,2,0,0,,0,0,,0,,0,,,2026-08-30 18:17:34
official_market,OpenRouter-Kimi,model_id_not_proven,mt1_ext,unknown,1,0,1,1,0,100.0,1,W,1,100.0,1,W,1,100.0,0,1,0,1,0,0,,0,0,,0,,0,,,2026-08-29 17:21:54
official_market,OpenRouter-Kimi,model_id_not_proven,mt2,15-30,37,0,37,25,12,67.57,20,WWWWWLWWWLLWWWWWWLWW,16,80.0,10,WWWWWLWWWL,8,80.0,0,37,0,2,0,0,,0,0,,0,,0,,,2026-08-30 18:17:34
official_market,OpenRouter-Kimi,model_id_not_proven,mt2,unknown,1,0,1,1,0,100.0,1,W,1,100.0,1,W,1,100.0,0,1,0,1,0,0,,0,0,,0,,0,,,2026-08-29 17:21:54
official_market,OpenRouter-Kimi,model_id_not_proven,mt2_dom,15-30,31,0,31,17,14,54.84,20,LWLLWLWLLWLWWWWWLWLW,11,55.0,10,LWLLWLWLLW,4,40.0,0,31,0,2,0,0,,0,0,,0,,0,,,2026-08-30 18:17:34
official_market,OpenRouter-Kimi,model_id_not_proven,mt2_dom,unknown,1,0,1,0,1,0.0,1,L,0,0.0,1,L,0,0.0,0,1,0,1,0,0,,0,0,,0,,0,,,2026-08-29 17:21:54
official_market,OpenRouter-Kimi,model_id_not_proven,mt2_ext,15-30,26,0,26,12,14,46.15,20,WLLLWLWWLWLWLLWLLLWL,8,40.0,10,WLLLWLWWLW,5,50.0,0,26,0,2,0,0,,0,0,,0,,0,,,2026-08-30 18:17:34
official_market,OpenRouter-Kimi,model_id_not_proven,mt2_ext,unknown,1,0,1,1,0,100.0,1,W,1,100.0,1,W,1,100.0,0,1,0,1,0,0,,0,0,,0,,0,,,2026-08-29 17:21:54
official_market,OpenRouter-Kimi,model_id_not_proven,ou05,15-30,43,0,43,39,4,90.7,20,WWWWWWWWLWWWWWWWWWWW,19,95.0,10,WWWWWWWWLW,9,90.0,18,0,0,2,25,21,84.0,22,20,90.0,10,90.0,0,,,2026-08-30 18:17:34
official_market,OpenRouter-Kimi,model_id_not_proven,ou05,unknown,1,0,1,1,0,100.0,1,W,1,100.0,1,W,1,100.0,0,1,0,1,0,0,,0,0,,0,,0,,,2026-08-29 17:21:54
official_market,OpenRouter-Kimi,model_id_not_proven,ou15,15-30,43,0,43,31,12,72.09,20,LWWWWWLWLWLWWWLLWWWW,14,70.0,10,LWWWWWLWLW,7,70.0,5,0,0,2,38,26,68.42,30,20,55.0,10,60.0,0,,,2026-08-30 18:17:34
official_market,OpenRouter-Kimi,model_id_not_proven,ou15,unknown,1,0,1,1,0,100.0,1,W,1,100.0,1,W,1,100.0,0,1,0,1,0,0,,0,0,,0,,0,,,2026-08-29 17:21:54
official_market,OpenRouter-Kimi,model_id_not_proven,ou25,15-30,43,0,43,25,18,58.14,20,LWWWWLLWLWLWLLLLLLWW,9,45.0,10,LWWWWLLWLW,6,60.0,2,0,1,2,41,23,56.1,33,20,45.0,10,50.0,6,0.3,5.0,2026-08-30 18:17:34
official_market,OpenRouter-Kimi,model_id_not_proven,ou25,unknown,1,0,1,1,0,100.0,1,W,1,100.0,1,W,1,100.0,0,1,0,1,0,0,,0,0,,0,,0,,,2026-08-29 17:21:54
official_market,OpenRouter-Kimi,model_id_not_proven,resultat,15-30,43,0,43,19,24,44.19,20,WWWWWLLLLWLLLWLLWWLL,9,45.0,10,WWWWWLLLLW,6,60.0,0,43,0,2,0,0,,0,0,,0,,0,,,2026-08-30 18:17:34
official_market,OpenRouter-Kimi,model_id_not_proven,resultat,unknown,1,0,1,0,1,0.0,1,L,0,0.0,1,L,0,0.0,0,1,0,1,0,0,,0,0,,0,,0,,,2026-08-29 17:21:54
official_market,OpenRouter-Kimi,moonshotai/kimi-k2,btts,15-30,50,0,50,31,19,62.0,20,LWLLLWWWWWLLWLWWWWWL,12,60.0,10,LWLLLWWWWW,6,60.0,3,0,2,1,44,25,56.82,34,20,40.0,10,30.0,0,,,2026-08-30 14:53:17
official_market,OpenRouter-Kimi,moonshotai/kimi-k2,mt1,15-30,49,0,49,30,19,61.22,20,WWLLLWWWWWWWWLWLWWWL,14,70.0,10,WWLLLWWWWW,7,70.0,0,49,0,1,0,0,,0,0,,0,,0,,,2026-08-30 14:53:17
official_market,OpenRouter-Kimi,moonshotai/kimi-k2,mt1_dom,15-30,47,0,47,25,22,53.19,20,WWLLWWWLLWLWLLWWWWWL,12,60.0,10,WWLLWWWLLW,6,60.0,0,47,0,1,0,0,,0,0,,0,,0,,,2026-08-30 14:53:17
official_market,OpenRouter-Kimi,moonshotai/kimi-k2,mt1_ext,15-30,45,0,45,26,19,57.78,20,LWLWLWLLWWLLWWLWLWWW,11,55.0,10,LWLWLWLLWW,5,50.0,0,45,0,1,0,0,,0,0,,0,,0,,,2026-08-30 14:53:17
official_market,OpenRouter-Kimi,moonshotai/kimi-k2,mt2,15-30,42,0,42,33,9,78.57,20,LWWWLWWWWWWLWWLWWWWW,16,80.0,10,LWWWLWWWWW,8,80.0,0,42,0,1,0,0,,0,0,,0,,0,,,2026-08-30 14:53:17
official_market,OpenRouter-Kimi,moonshotai/kimi-k2,mt2_dom,15-30,32,0,32,26,6,81.25,20,LWWLWWWLWWWWWWWWWWWW,17,85.0,10,LWWLWWWLWW,7,70.0,0,32,0,1,0,0,,0,0,,0,,0,,,2026-08-30 14:53:17
official_market,OpenRouter-Kimi,moonshotai/kimi-k2,mt2_ext,15-30,31,0,31,12,19,38.71,20,LWLLWWLLLLWWWLLLLLLL,6,30.0,10,LWLLWWLLLL,3,30.0,0,31,0,1,0,0,,0,0,,0,,0,,,2026-08-30 14:53:17
official_market,OpenRouter-Kimi,moonshotai/kimi-k2,ou05,15-30,50,0,50,49,1,98.0,20,WWWWWWWWWWWWWWLWWWWW,19,95.0,10,WWWWWWWWWW,10,100.0,24,0,1,1,25,24,96.0,21,20,95.0,10,90.0,0,,,2026-08-30 14:53:17
official_market,OpenRouter-Kimi,moonshotai/kimi-k2,ou15,15-30,50,0,50,34,16,68.0,20,WWLLLWWWLLWLWLWWWWWL,12,60.0,10,WWLLLWWWLL,5,50.0,6,0,3,1,41,28,68.29,32,20,65.0,10,50.0,0,,,2026-08-30 14:53:17
official_market,OpenRouter-Kimi,moonshotai/kimi-k2,ou25,15-30,50,0,50,26,24,52.0,20,LWLLWLWWWWWLWLWLWWWL,12,60.0,10,LWLLWLWWWW,6,60.0,0,0,3,1,46,24,52.17,34,20,45.0,10,40.0,5,0.32,6.4,2026-08-30 14:53:17
official_market,OpenRouter-Kimi,moonshotai/kimi-k2,resultat,15-30,50,0,50,20,30,40.0,20,LWWWWWWLLWLLLLWLLLLL,8,40.0,10,LWWWWWWLLW,7,70.0,0,50,0,1,0,0,,0,0,,0,,0,,,2026-08-30 14:53:17
official_market,OpenRouter-Kimi,moonshotai/kimi-k3,btts,15-30,11,0,11,8,3,72.73,11,LWLLWWWWWWW,8,72.73,10,LWLLWWWWWW,7,70.0,1,0,0,1,9,7,77.78,8,8,75.0,8,75.0,0,,,2026-09-01 19:17:23
official_market,OpenRouter-Kimi,moonshotai/kimi-k3,mt1,15-30,11,0,11,9,2,81.82,11,LWLWWWWWWWW,9,81.82,10,LWLWWWWWWW,8,80.0,0,11,0,1,0,0,,0,0,,0,,0,,,2026-09-01 19:17:23
official_market,OpenRouter-Kimi,moonshotai/kimi-k3,mt1_dom,15-30,10,0,10,7,3,70.0,10,LLWWLWWWWW,7,70.0,10,LLWWLWWWWW,7,70.0,0,10,0,1,0,0,,0,0,,0,,0,,,2026-09-01 19:17:23
official_market,OpenRouter-Kimi,moonshotai/kimi-k3,mt1_ext,15-30,9,0,9,7,2,77.78,9,LLWWWWWWW,7,77.78,9,LLWWWWWWW,7,77.78,0,9,0,1,0,0,,0,0,,0,,0,,,2026-09-01 19:17:23
official_market,OpenRouter-Kimi,moonshotai/kimi-k3,mt2,15-30,9,0,9,8,1,88.89,9,WWLWWWWWW,8,88.89,9,WWLWWWWWW,8,88.89,0,9,0,1,0,0,,0,0,,0,,0,,,2026-09-01 19:17:23
official_market,OpenRouter-Kimi,moonshotai/kimi-k3,mt2_dom,15-30,7,0,7,2,5,28.57,7,WLLLWLL,2,28.57,7,WLLLWLL,2,28.57,0,7,0,0,0,0,,0,0,,0,,0,,,2026-09-01 19:17:23
official_market,OpenRouter-Kimi,moonshotai/kimi-k3,mt2_ext,15-30,4,0,4,1,3,25.0,4,LWLL,1,25.0,4,LWLL,1,25.0,0,4,0,0,0,0,,0,0,,0,,0,,,2026-09-01 19:17:23
official_market,OpenRouter-Kimi,moonshotai/kimi-k3,ou05,15-30,11,0,11,11,0,100.0,11,WWWWWWWWWWW,11,100.0,10,WWWWWWWWWW,10,100.0,11,0,0,1,0,0,,0,0,,0,,0,,,2026-09-01 19:17:23
official_market,OpenRouter-Kimi,moonshotai/kimi-k3,ou15,15-30,11,0,11,10,1,90.91,11,LWWWWWWWWWW,10,90.91,10,LWWWWWWWWW,9,90.0,2,0,0,1,8,8,100.0,7,7,100.0,7,100.0,0,,,2026-09-01 19:17:23
official_market,OpenRouter-Kimi,moonshotai/kimi-k3,ou25,15-30,11,0,11,6,5,54.55,11,LWWLWWLLLWW,6,54.55,10,LWWLWWLLLW,5,50.0,0,0,0,1,10,5,50.0,9,9,55.56,9,55.56,3,0.46,15.33,2026-09-01 19:17:23
official_market,OpenRouter-Kimi,moonshotai/kimi-k3,resultat,15-30,11,0,11,6,5,54.55,11,WWWWLLWLLWL,6,54.55,10,WWWWLLWLLW,6,60.0,0,11,0,1,0,0,,0,0,,0,,0,,,2026-09-01 19:17:23
official_market,OpenRouter-Qwen,llama-3.3-70b-versatile,btts,0-14,13,0,13,5,8,38.46,13,LLLLLLWWLWWWL,5,38.46,10,LLLLLLWWLW,3,30.0,0,0,0,1,12,4,33.33,12,12,33.33,10,30.0,0,,,2026-08-16 11:36:54
official_market,OpenRouter-Qwen,llama-3.3-70b-versatile,btts,15-30,36,0,36,21,15,58.33,20,WLWLLWLLWWWWWWWLWWLL,12,60.0,10,WLWLLWLLWW,5,50.0,5,0,1,0,30,16,53.33,30,20,55.0,10,50.0,0,,,2026-08-16 17:55:31
official_market,OpenRouter-Qwen,llama-3.3-70b-versatile,btts,31-45,3,0,3,2,1,66.67,3,WWL,2,66.67,3,WWL,2,66.67,1,0,0,0,2,1,50.0,2,2,50.0,2,50.0,0,,,2026-08-16 17:55:35
official_market,OpenRouter-Qwen,llama-3.3-70b-versatile,btts,46+,18,0,18,13,5,72.22,18,WLLWWWWWLWLWWWLWWW,13,72.22,10,WLLWWWWWLW,7,70.0,8,0,0,2,8,6,75.0,8,8,75.0,8,75.0,0,,,2026-08-16 17:57:26
official_market,OpenRouter-Qwen,llama-3.3-70b-versatile,mt1,0-14,13,0,13,6,7,46.15,13,WWLLWLLLLWWWL,6,46.15,10,WWLLWLLLLW,4,40.0,0,13,0,1,0,0,,0,0,,0,,0,,,2026-08-16 11:36:54
official_market,OpenRouter-Qwen,llama-3.3-70b-versatile,mt1,15-30,36,0,36,26,10,72.22,20,WWWWWWWLWWWWWLWWWLWW,17,85.0,10,WWWWWWWLWW,9,90.0,0,36,0,0,0,0,,0,0,,0,,0,,,2026-08-16 17:55:31
official_market,OpenRouter-Qwen,llama-3.3-70b-versatile,mt1,31-45,3,0,3,1,2,33.33,3,WLL,1,33.33,3,WLL,1,33.33,0,3,0,0,0,0,,0,0,,0,,0,,,2026-08-16 17:55:35
official_market,OpenRouter-Qwen,llama-3.3-70b-versatile,mt1,46+,17,0,17,11,6,64.71,17,WWLWWWWLLLLWWLWWW,11,64.71,10,WWLWWWWLLL,6,60.0,0,17,0,2,0,0,,0,0,,0,,0,,,2026-08-16 17:57:26
official_market,OpenRouter-Qwen,llama-3.3-70b-versatile,mt1_dom,0-14,13,0,13,5,8,38.46,13,WLLLWLLWLWWLL,5,38.46,10,WLLLWLLWLW,4,40.0,0,13,0,1,0,0,,0,0,,0,,0,,,2026-08-16 11:36:54
official_market,OpenRouter-Qwen,llama-3.3-70b-versatile,mt1_dom,15-30,35,0,35,24,11,68.57,20,WWWWWLWLWWWLWLWWLLWW,14,70.0,10,WWWWWLWLWW,8,80.0,0,35,0,0,0,0,,0,0,,0,,0,,,2026-08-16 17:55:31
official_market,OpenRouter-Qwen,llama-3.3-70b-versatile,mt1_dom,31-45,3,0,3,3,0,100.0,3,WWW,3,100.0,3,WWW,3,100.0,0,3,0,0,0,0,,0,0,,0,,0,,,2026-08-16 17:55:35
official_market,OpenRouter-Qwen,llama-3.3-70b-versatile,mt1_dom,46+,16,0,16,10,6,62.5,16,WWWWLWWLLLWWLWLW,10,62.5,10,WWWWLWWLLL,6,60.0,0,16,0,2,0,0,,0,0,,0,,0,,,2026-08-16 17:57:26
official_market,OpenRouter-Qwen,llama-3.3-70b-versatile,mt1_ext,0-14,12,0,12,9,3,75.0,12,WLWLWWLWWWWW,9,75.0,10,WLWLWWLWWW,7,70.0,0,12,0,0,0,0,,0,0,,0,,0,,,2026-08-16 11:36:54
official_market,OpenRouter-Qwen,llama-3.3-70b-versatile,mt1_ext,15-30,31,0,31,20,11,64.52,20,WWWLLWWWWLLWWLWLWWLW,13,65.0,10,WWWLLWWWWL,7,70.0,0,31,0,0,0,0,,0,0,,0,,0,,,2026-08-16 17:55:31
official_market,OpenRouter-Qwen,llama-3.3-70b-versatile,mt1_ext,31-45,3,0,3,3,0,100.0,3,WWW,3,100.0,3,WWW,3,100.0,0,3,0,0,0,0,,0,0,,0,,0,,,2026-08-16 17:55:35
official_market,OpenRouter-Qwen,llama-3.3-70b-versatile,mt1_ext,46+,11,0,11,9,2,81.82,11,WWWWWWLWWLW,9,81.82,10,WWWWWWLWWL,8,80.0,0,11,0,2,0,0,,0,0,,0,,0,,,2026-08-16 17:57:26
official_market,OpenRouter-Qwen,llama-3.3-70b-versatile,mt2,0-14,10,0,10,6,4,60.0,10,WLWWWLLLWW,6,60.0,10,WLWWWLLLWW,6,60.0,0,10,0,0,0,0,,0,0,,0,,0,,,2026-08-16 11:36:54
official_market,OpenRouter-Qwen,llama-3.3-70b-versatile,mt2,15-30,21,0,21,16,5,76.19,20,WWWLWLWWLWWWWWLWWWWL,15,75.0,10,WWWLWLWWLW,7,70.0,0,21,0,0,0,0,,0,0,,0,,0,,,2026-08-16 17:55:31
official_market,OpenRouter-Qwen,llama-3.3-70b-versatile,mt2,31-45,2,0,2,1,1,50.0,2,WL,1,50.0,2,WL,1,50.0,0,2,0,0,0,0,,0,0,,0,,0,,,2026-08-16 17:55:35
official_market,OpenRouter-Qwen,llama-3.3-70b-versatile,mt2,46+,7,0,7,5,2,71.43,7,LWWWLWW,5,71.43,7,LWWWLWW,5,71.43,0,7,0,2,0,0,,0,0,,0,,0,,,2026-08-16 17:55:33
official_market,OpenRouter-Qwen,llama-3.3-70b-versatile,mt2_dom,0-14,6,0,6,5,1,83.33,6,WWWLWW,5,83.33,6,WWWLWW,5,83.33,0,6,0,0,0,0,,0,0,,0,,0,,,2026-08-16 11:36:48
official_market,OpenRouter-Qwen,llama-3.3-70b-versatile,mt2_dom,15-30,10,0,10,8,2,80.0,10,LWLWWWWWWW,8,80.0,10,LWLWWWWWWW,8,80.0,0,10,0,0,0,0,,0,0,,0,,0,,,2026-08-16 11:06:57
official_market,OpenRouter-Qwen,llama-3.3-70b-versatile,mt2_dom,46+,1,0,1,0,1,0.0,1,L,0,0.0,1,L,0,0.0,0,1,0,0,0,0,,0,0,,0,,0,,,2026-08-08 23:07:26
official_market,OpenRouter-Qwen,llama-3.3-70b-versatile,mt2_ext,0-14,2,0,2,1,1,50.0,2,WL,1,50.0,2,WL,1,50.0,0,2,0,0,0,0,,0,0,,0,,0,,,2026-08-14 18:53:28
official_market,OpenRouter-Qwen,llama-3.3-70b-versatile,mt2_ext,15-30,1,0,1,0,1,0.0,1,L,0,0.0,1,L,0,0.0,0,1,0,0,0,0,,0,0,,0,,0,,,2026-08-08 16:48:19
official_market,OpenRouter-Qwen,llama-3.3-70b-versatile,ou05,0-14,13,0,13,12,1,92.31,13,WWWWWWWWWLWWW,12,92.31,10,WWWWWWWWWL,9,90.0,4,0,0,1,8,7,87.5,8,8,87.5,8,87.5,0,,,2026-08-16 11:36:54
official_market,OpenRouter-Qwen,llama-3.3-70b-versatile,ou05,15-30,36,0,36,31,5,86.11,20,WWWWWWWWLWWWWLWWWLWW,17,85.0,10,WWWWWWWWLW,9,90.0,21,0,0,0,15,10,66.67,15,15,66.67,10,60.0,0,,,2026-08-16 17:55:31
official_market,OpenRouter-Qwen,llama-3.3-70b-versatile,ou05,31-45,3,0,3,3,0,100.0,3,WWW,3,100.0,3,WWW,3,100.0,3,0,0,0,0,0,,0,0,,0,,0,,,2026-08-16 17:55:35
official_market,OpenRouter-Qwen,llama-3.3-70b-versatile,ou05,46+,18,0,18,17,1,94.44,18,WWWWWWWWWWWWWWLWWW,17,94.44,10,WWWWWWWWWW,10,100.0,17,0,0,2,1,1,100.0,1,1,100.0,1,100.0,0,,,2026-08-16 17:57:26
official_market,OpenRouter-Qwen,llama-3.3-70b-versatile,ou15,0-14,13,0,13,8,5,61.54,13,WLWLWLLWLWWWW,8,61.54,10,WLWLWLLWLW,5,50.0,0,0,0,1,12,8,66.67,12,12,66.67,10,60.0,0,,,2026-08-16 11:36:54
official_market,OpenRouter-Qwen,llama-3.3-70b-versatile,ou15,15-30,36,0,36,24,12,66.67,20,WWWLLLWWWWWWWWWWWLWW,16,80.0,10,WWWLLLWWWW,7,70.0,10,0,1,0,25,14,56.0,25,20,55.0,10,70.0,0,,,2026-08-16 17:55:31
official_market,OpenRouter-Qwen,llama-3.3-70b-versatile,ou15,31-45,3,0,3,2,1,66.67,3,WWL,2,66.67,3,WWL,2,66.67,1,0,0,0,2,1,50.0,2,2,50.0,2,50.0,0,,,2026-08-16 17:55:35
official_market,OpenRouter-Qwen,llama-3.3-70b-versatile,ou15,46+,18,0,18,12,6,66.67,18,WLLWLWWWLWLWWWLWWW,12,66.67,10,WLLWLWWWLW,6,60.0,11,0,0,2,5,2,40.0,5,5,40.0,5,40.0,0,,,2026-08-16 17:57:26
official_market,OpenRouter-Qwen,llama-3.3-70b-versatile,ou25,0-14,13,0,13,9,4,69.23,13,WLLLWLWWWWWWW,9,69.23,10,WLLLWLWWWW,6,60.0,0,0,0,1,12,8,66.67,12,12,66.67,10,60.0,0,,,2026-08-16 11:36:54
official_market,OpenRouter-Qwen,llama-3.3-70b-versatile,ou25,15-30,36,0,36,24,12,66.67,20,WWWWLLLLWWWWWWWWWLWL,14,70.0,10,WWWWLLLLWW,6,60.0,0,0,1,0,35,23,65.71,33,20,70.0,10,60.0,0,,,2026-08-16 17:55:31
official_market,OpenRouter-Qwen,llama-3.3-70b-versatile,ou25,31-45,3,0,3,3,0,100.0,3,WWW,3,100.0,3,WWW,3,100.0,1,0,0,0,2,2,100.0,2,2,100.0,2,100.0,0,,,2026-08-16 17:55:35
official_market,OpenRouter-Qwen,llama-3.3-70b-versatile,ou25,46+,18,0,18,13,5,72.22,18,WLLWWWWWLWWWLWLWWW,13,72.22,10,WLLWWWWWLW,7,70.0,7,0,0,2,9,7,77.78,9,9,77.78,9,77.78,0,,,2026-08-16 17:57:26
official_market,OpenRouter-Qwen,llama-3.3-70b-versatile,resultat,0-14,13,0,13,8,5,61.54,13,LLWLWWWLLWWWW,8,61.54,10,LLWLWWWLLW,5,50.0,0,13,0,1,0,0,,0,0,,0,,0,,,2026-08-16 11:36:54
official_market,OpenRouter-Qwen,llama-3.3-70b-versatile,resultat,15-30,36,0,36,19,17,52.78,20,LWLWLLWWWLWWLLLWLLWW,10,50.0,10,LWLWLLWWWL,5,50.0,0,36,0,0,0,0,,0,0,,0,,0,,,2026-08-16 17:55:31
official_market,OpenRouter-Qwen,llama-3.3-70b-versatile,resultat,31-45,3,0,3,2,1,66.67,3,LWW,2,66.67,3,LWW,2,66.67,0,3,0,0,0,0,,0,0,,0,,0,,,2026-08-16 17:55:35
official_market,OpenRouter-Qwen,llama-3.3-70b-versatile,resultat,46+,18,0,18,11,7,61.11,18,WLLWWWWLLLWLWWLWWW,11,61.11,10,WLLWWWWLLL,5,50.0,0,18,0,2,0,0,,0,0,,0,,0,,,2026-08-16 17:57:26
official_market,OpenRouter-Qwen,model_id_not_proven,btts,0-14,1013,0,528,273,255,51.7,20,LLWWWLLLWWLWLLLLWWLL,8,40.0,10,LLWWWLLLWW,5,50.0,109,0,2,131,386,202,52.33,350,20,35.0,10,40.0,0,,,2026-08-20 18:06:34
official_market,OpenRouter-Qwen,model_id_not_proven,btts,15-30,845,0,814,476,338,58.48,20,LWWWLWWWWWWLLLLWWLLW,12,60.0,10,LWWWLWWWWW,8,80.0,65,0,3,40,710,390,54.93,395,20,45.0,10,60.0,0,,,2026-09-04 18:36:28
official_market,OpenRouter-Qwen,model_id_not_proven,btts,31-45,375,0,365,259,106,70.96,20,WLWWWWWWWWLLWWWLWWWL,15,75.0,10,WLWWWWWWWW,9,90.0,103,0,1,24,248,159,64.11,230,20,70.0,10,80.0,0,,,2026-08-20 03:23:13
official_market,OpenRouter-Qwen,model_id_not_proven,btts,46+,567,0,556,462,94,83.09,20,WWWWWWWWWWWWWWWWWWWW,20,100.0,10,WWWWWWWWWW,10,100.0,227,0,2,26,312,235,75.32,193,20,85.0,10,90.0,2,1.66,83.0,2026-08-20 03:47:15
official_market,OpenRouter-Qwen,model_id_not_proven,btts,unknown,229,0,56,42,14,75.0,20,WWWWLWLLLLWWLWWWLWWW,13,65.0,10,WWWWLWLLLL,5,50.0,0,56,0,56,0,0,,0,0,,0,,0,,,2026-08-19 02:17:23
official_market,OpenRouter-Qwen,model_id_not_proven,mt1,0-14,1013,0,528,327,201,61.93,20,WWWLLLWWWWLWWWWLWLWW,14,70.0,10,WWWLLLWWWW,7,70.0,0,528,0,131,0,0,,0,0,,0,,0,,,2026-08-20 18:06:34
official_market,OpenRouter-Qwen,model_id_not_proven,mt1,15-30,845,0,814,627,187,77.03,20,LWWWWWLLWWWWWLWLWWWW,15,75.0,10,LWWWWWLLWW,7,70.0,0,814,0,40,0,0,,0,0,,0,,0,,,2026-09-04 18:36:28
official_market,OpenRouter-Qwen,model_id_not_proven,mt1,31-45,375,0,365,316,49,86.58,20,WWLWLLWLWWWLWWWLWWLW,13,65.0,10,WWLWLLWLWW,6,60.0,0,365,0,24,0,0,,0,0,,0,,0,,,2026-08-20 03:23:13
official_market,OpenRouter-Qwen,model_id_not_proven,mt1,46+,567,0,556,433,123,77.88,20,WWLWLWWWLWWLLLWWLWWW,13,65.0,10,WWLWLWWWLW,7,70.0,0,556,0,26,0,0,,0,0,,0,,0,,,2026-08-20 03:47:15
official_market,OpenRouter-Qwen,model_id_not_proven,mt1,unknown,229,0,56,40,16,71.43,20,WWWWLLLLLLWWWWWWLWWW,13,65.0,10,WWWWLLLLLL,4,40.0,0,56,0,56,0,0,,0,0,,0,,0,,,2026-08-19 02:17:23
official_market,OpenRouter-Qwen,model_id_not_proven,mt1_dom,0-14,169,0,169,84,85,49.7,20,LWWLWLWWWWLLWWLLWLWW,12,60.0,10,LWWLWLWWWW,7,70.0,0,169,0,12,0,0,,0,0,,0,,0,,,2026-08-20 18:06:34
official_market,OpenRouter-Qwen,model_id_not_proven,mt1_dom,15-30,318,0,318,172,146,54.09,20,LWWWWWLLWWWWWLLLWWWW,14,70.0,10,LWWWWWLLWW,7,70.0,0,318,0,9,0,0,,0,0,,0,,0,,,2026-09-04 18:36:28
official_market,OpenRouter-Qwen,model_id_not_proven,mt1_dom,31-45,119,0,119,59,60,49.58,20,WWLWLLWLLWWLWWWLWWLW,12,60.0,10,WWLWLLWLLW,5,50.0,0,119,0,7,0,0,,0,0,,0,,0,,,2026-08-20 03:23:13
official_market,OpenRouter-Qwen,model_id_not_proven,mt1_dom,46+,196,0,196,95,101,48.47,20,WLLWLWWWLWWLLLWWLLLW,10,50.0,10,WLLWLWWWLW,6,60.0,0,196,0,6,0,0,,0,0,,0,,0,,,2026-08-20 03:47:15
official_market,OpenRouter-Qwen,model_id_not_proven,mt1_dom,unknown,4,0,4,4,0,100.0,4,WWWW,4,100.0,4,WWWW,4,100.0,0,4,0,4,0,0,,0,0,,0,,0,,,2026-08-19 02:17:23
official_market,OpenRouter-Qwen,model_id_not_proven,mt1_ext,0-14,169,0,169,97,72,57.4,20,LLWLLWLWWWWLWLLLWWWW,11,55.0,10,LLWLLWLWWW,5,50.0,0,169,0,12,0,0,,0,0,,0,,0,,,2026-08-20 18:06:34
official_market,OpenRouter-Qwen,model_id_not_proven,mt1_ext,15-30,316,0,316,196,120,62.03,20,WWWWWWWWWWWWWWWLWWWW,19,95.0,10,WWWWWWWWWW,10,100.0,0,316,0,9,0,0,,0,0,,0,,0,,,2026-09-04 18:36:28
official_market,OpenRouter-Qwen,model_id_not_proven,mt1_ext,31-45,118,0,118,81,37,68.64,20,WLWWWWWWLLWWLWWWWWWW,16,80.0,10,WLWWWWWWLL,7,70.0,0,118,0,7,0,0,,0,0,,0,,0,,,2026-08-20 03:23:13
official_market,OpenRouter-Qwen,model_id_not_proven,mt1_ext,46+,196,0,196,116,80,59.18,20,WLWLWLLWWWWWWWWLWLLL,12,60.0,10,WLWLWLLWWW,6,60.0,0,196,0,6,0,0,,0,0,,0,,0,,,2026-08-20 03:47:15
official_market,OpenRouter-Qwen,model_id_not_proven,mt1_ext,unknown,4,0,4,4,0,100.0,4,WWWW,4,100.0,4,WWWW,4,100.0,0,4,0,4,0,0,,0,0,,0,,0,,,2026-08-19 02:17:23
official_market,OpenRouter-Qwen,model_id_not_proven,mt2,0-14,167,0,167,134,33,80.24,20,WWWWLWWWWWLLWWWWWWLL,15,75.0,10,WWWWLWWWWW,9,90.0,0,167,0,12,0,0,,0,0,,0,,0,,,2026-08-20 18:06:34
official_market,OpenRouter-Qwen,model_id_not_proven,mt2,15-30,307,0,307,230,77,74.92,20,WWWLWWLWWWWWWLWLLWLW,14,70.0,10,WWWLWWLWWW,8,80.0,0,307,0,8,0,0,,0,0,,0,,0,,,2026-09-04 18:35:32
official_market,OpenRouter-Qwen,model_id_not_proven,mt2,31-45,117,0,117,91,26,77.78,20,LWWLWLWLWLWWWWWWWWWL,14,70.0,10,LWWLWLWLWL,5,50.0,0,117,0,7,0,0,,0,0,,0,,0,,,2026-08-20 03:23:13
official_market,OpenRouter-Qwen,model_id_not_proven,mt2,46+,193,0,193,153,40,79.27,20,LWWWLLWLWWLLWLLWWLLW,10,50.0,10,LWWWLLWLWW,6,60.0,0,193,0,6,0,0,,0,0,,0,,0,,,2026-08-19 20:47:32
official_market,OpenRouter-Qwen,model_id_not_proven,mt2,unknown,4,0,4,4,0,100.0,4,WWWW,4,100.0,4,WWWW,4,100.0,0,4,0,4,0,0,,0,0,,0,,0,,,2026-08-19 02:17:23
official_market,OpenRouter-Qwen,model_id_not_proven,mt2_dom,0-14,157,0,157,76,81,48.41,20,LWWWLLWWWLLLLLWLWLLW,9,45.0,10,LWWWLLWWWL,6,60.0,0,157,0,11,0,0,,0,0,,0,,0,,,2026-08-20 18:06:05
official_market,OpenRouter-Qwen,model_id_not_proven,mt2_dom,15-30,296,0,296,124,172,41.89,20,WWWLWWLWLWWLLLWWLLWW,12,60.0,10,WWWLWWLWLW,7,70.0,0,296,0,7,0,0,,0,0,,0,,0,,,2026-09-04 18:35:32
official_market,OpenRouter-Qwen,model_id_not_proven,mt2_dom,31-45,115,0,115,55,60,47.83,20,WLLLLLWLWLLWLWLLLLLL,5,25.0,10,WLLLLLWLWL,3,30.0,0,115,0,7,0,0,,0,0,,0,,0,,,2026-08-19 20:17:13
official_market,OpenRouter-Qwen,model_id_not_proven,mt2_dom,46+,192,0,192,89,103,46.35,20,WWWWLLLLLLLLLLLWWLLW,7,35.0,10,WWWWLLLLLL,4,40.0,0,192,0,6,0,0,,0,0,,0,,0,,,2026-08-19 20:47:32
official_market,OpenRouter-Qwen,model_id_not_proven,mt2_dom,unknown,4,0,4,1,3,25.0,4,LLLW,1,25.0,4,LLLW,1,25.0,0,4,0,4,0,0,,0,0,,0,,0,,,2026-08-19 02:17:23
official_market,OpenRouter-Qwen,model_id_not_proven,mt2_ext,0-14,151,0,151,77,74,50.99,20,WWWLWWLLLWWWWLLLLLLL,9,45.0,10,WWWLWWLLLW,6,60.0,0,151,0,11,0,0,,0,0,,0,,0,,,2026-08-20 18:05:37
official_market,OpenRouter-Qwen,model_id_not_proven,mt2_ext,15-30,286,0,286,141,145,49.3,20,WWWLWWWWLWLWLLWWWWWL,14,70.0,10,WWWLWWWWLW,8,80.0,0,286,0,7,0,0,,0,0,,0,,0,,,2026-09-04 18:35:32
official_market,OpenRouter-Qwen,model_id_not_proven,mt2_ext,31-45,115,0,115,62,53,53.91,20,WWLLLWWWLLLLLLLLLLWW,7,35.0,10,WWLLLWWWLL,5,50.0,0,115,0,7,0,0,,0,0,,0,,0,,,2026-08-19 20:17:13
official_market,OpenRouter-Qwen,model_id_not_proven,mt2_ext,46+,192,0,192,89,103,46.35,20,WWWWWWLWLLWLLWWWWWWL,14,70.0,10,WWWWWWLWLL,7,70.0,0,192,0,6,0,0,,0,0,,0,,0,,,2026-08-19 20:47:32
official_market,OpenRouter-Qwen,model_id_not_proven,mt2_ext,unknown,4,0,4,1,3,25.0,4,WLLL,1,25.0,4,WLLL,1,25.0,0,4,0,4,0,0,,0,0,,0,,0,,,2026-08-19 02:17:23
official_market,OpenRouter-Qwen,model_id_not_proven,ou05,0-14,169,0,169,161,8,95.27,20,WWWWWLWWWWWWWWWWWWWW,19,95.0,10,WWWWWLWWWW,9,90.0,32,0,1,12,129,122,94.57,129,20,90.0,10,90.0,0,,,2026-08-20 18:06:34
official_market,OpenRouter-Qwen,model_id_not_proven,ou05,15-30,317,0,317,303,14,95.58,20,WWWWWWWWWWWWWWWLWWWL,18,90.0,10,WWWWWWWWWW,10,100.0,176,0,0,9,140,126,90.0,100,20,85.0,10,90.0,0,,,2026-09-04 18:36:28
official_market,OpenRouter-Qwen,model_id_not_proven,ou05,31-45,119,0,119,113,6,94.96,20,WWWWWWWLWWWWWWWWWWWW,19,95.0,10,WWWWWWWLWW,9,90.0,91,0,0,7,27,23,85.19,27,20,80.0,10,90.0,0,,,2026-08-20 03:23:13
official_market,OpenRouter-Qwen,model_id_not_proven,ou05,46+,196,0,196,186,10,94.9,20,WWWWWWWWWWWWLLWWLWWW,17,85.0,10,WWWWWWWWWW,10,100.0,169,0,0,6,26,18,69.23,19,19,68.42,10,70.0,0,,,2026-08-20 03:47:15
official_market,OpenRouter-Qwen,model_id_not_proven,ou05,unknown,4,0,4,4,0,100.0,4,WWWW,4,100.0,4,WWWW,4,100.0,0,4,0,4,0,0,,0,0,,0,,0,,,2026-08-19 02:17:23
official_market,OpenRouter-Qwen,model_id_not_proven,ou15,0-14,169,0,169,68,101,40.24,20,LLLLLLLLLLWWLLLLLWLL,3,15.0,10,LLLLLLLLLL,0,0.0,1,0,1,12,155,58,37.42,140,20,20.0,10,20.0,0,,,2026-08-20 18:06:34
official_market,OpenRouter-Qwen,model_id_not_proven,ou15,15-30,318,0,318,196,122,61.64,20,LWWWWWWWWWWLWWWWWWLW,17,85.0,10,LWWWWWWWWW,9,90.0,43,0,1,9,265,147,55.47,164,20,65.0,10,80.0,0,,,2026-09-04 18:36:28
official_market,OpenRouter-Qwen,model_id_not_proven,ou15,31-45,119,0,119,74,45,62.18,20,WLLWWWWWWWWLWWLLWLLL,12,60.0,10,WLLWWWWWWW,8,80.0,44,0,0,7,73,34,46.58,66,20,45.0,10,50.0,0,,,2026-08-20 03:23:13
official_market,OpenRouter-Qwen,model_id_not_proven,ou15,46+,196,0,196,152,44,77.55,20,WWLWLWWWWWWWWWWWWWWW,18,90.0,10,WWLWLWWWWW,8,80.0,100,0,0,6,95,56,58.95,62,20,65.0,10,70.0,0,,,2026-08-20 03:47:15
official_market,OpenRouter-Qwen,model_id_not_proven,ou15,unknown,4,0,4,4,0,100.0,4,WWWW,4,100.0,4,WWWW,4,100.0,0,4,0,4,0,0,,0,0,,0,,0,,,2026-08-19 02:17:23
official_market,OpenRouter-Qwen,model_id_not_proven,ou25,0-14,1013,0,528,273,255,51.7,20,LLLLLLLWLLWWLWLLLWLW,6,30.0,10,LLLLLLLWLL,1,10.0,104,0,3,131,389,210,53.98,350,20,40.0,10,30.0,4,-2.23,-55.75,2026-08-20 18:06:34
official_market,OpenRouter-Qwen,model_id_not_proven,ou25,15-30,844,0,813,509,304,62.61,20,WWWWLLWWWWLLWWWWWLWW,15,75.0,10,WWWWLLWWWW,8,80.0,22,0,4,40,748,464,62.03,409,20,75.0,10,70.0,9,1.63,18.11,2026-09-04 18:36:28
official_market,OpenRouter-Qwen,model_id_not_proven,ou25,31-45,375,0,365,261,104,71.51,20,WLWWWWWWLWLLLWWLWWWL,13,65.0,10,WLWWWWWWLW,8,80.0,52,0,1,24,292,198,67.81,268,20,65.0,10,60.0,8,4.02,50.25,2026-08-20 03:23:13
official_market,OpenRouter-Qwen,model_id_not_proven,ou25,46+,567,0,556,437,119,78.6,20,WWWWWWLWWWWWWWLWWLLW,16,80.0,10,WWWWWWLWWW,9,90.0,143,0,2,26,395,287,72.66,244,20,75.0,10,80.0,12,5.73,47.75,2026-08-20 03:47:15
official_market,OpenRouter-Qwen,model_id_not_proven,ou25,unknown,229,0,56,38,18,67.86,20,WLLWLLLLLLWWLWWWLWWW,10,50.0,10,WLLWLLLLLL,2,20.0,0,56,0,56,0,0,,0,0,,0,,0,,,2026-08-19 02:17:23
official_market,OpenRouter-Qwen,model_id_not_proven,resultat,0-14,1013,0,528,263,265,49.81,20,LLLWWLLLWWWLWLLWWLLW,9,45.0,10,LLLWWLLLWW,4,40.0,0,528,0,131,0,0,,0,0,,0,,0,,,2026-08-20 18:06:34
official_market,OpenRouter-Qwen,model_id_not_proven,resultat,15-30,845,0,814,420,394,51.6,20,WLWLWLWLWLWLLWWLLWLL,9,45.0,10,WLWLWLWLWL,5,50.0,0,814,0,40,0,0,,0,0,,0,,0,,,2026-09-04 18:36:28
official_market,OpenRouter-Qwen,model_id_not_proven,resultat,31-45,375,0,365,209,156,57.26,20,LWWWLLLLLLWLLWLLWLLW,7,35.0,10,LWWWLLLLLL,3,30.0,0,365,0,24,0,0,,0,0,,0,,0,,,2026-08-20 03:23:13
official_market,OpenRouter-Qwen,model_id_not_proven,resultat,46+,567,0,556,356,200,64.03,20,WLWWWWLWLWWLWWLLWLLL,11,55.0,10,WLWWWWLWLW,7,70.0,0,556,0,26,0,0,,0,0,,0,,0,,,2026-08-20 03:47:15
official_market,OpenRouter-Qwen,model_id_not_proven,resultat,unknown,229,0,56,36,20,64.29,20,WWLLLLLLLLLWLWWLLWWL,7,35.0,10,WWLLLLLLLL,2,20.0,0,56,0,56,0,0,,0,0,,0,,0,,,2026-08-19 02:17:23
official_market,OpenRouter-Qwen,moonshotai/kimi-k2-0905,btts,15-30,97,0,94,56,38,59.57,20,WWLWLWWLWWLWLLWWWWWL,13,65.0,10,WWLWLWWLWW,7,70.0,11,0,0,1,82,45,54.88,61,20,65.0,10,60.0,0,,,2026-09-11 18:16:52
official_market,OpenRouter-Qwen,moonshotai/kimi-k2-0905,btts,31-45,38,0,34,26,8,76.47,20,WLWWWWWLWWLWWWWWLWWW,16,80.0,10,WLWWWWWLWW,8,80.0,12,0,0,0,22,14,63.64,22,20,70.0,10,70.0,0,,,2026-09-11 17:17:10
official_market,OpenRouter-Qwen,moonshotai/kimi-k2-0905,mt1,15-30,92,0,89,67,22,75.28,20,WWWWWWWWLWWWLWWWWWWL,17,85.0,10,WWWWWWWWLW,9,90.0,0,89,0,1,0,0,,0,0,,0,,0,,,2026-09-11 18:16:52
official_market,OpenRouter-Qwen,moonshotai/kimi-k2-0905,mt1,31-45,37,0,33,32,1,96.97,20,WWWWWWWWWWWWWLWWWWWW,19,95.0,10,WWWWWWWWWW,10,100.0,0,33,0,0,0,0,,0,0,,0,,0,,,2026-09-11 17:17:10
official_market,OpenRouter-Qwen,moonshotai/kimi-k2-0905,mt1_dom,15-30,86,0,83,64,19,77.11,20,WWWWWWWLLWWWLWWWLWWW,16,80.0,10,WWWWWWWLLW,8,80.0,0,83,0,1,0,0,,0,0,,0,,0,,,2026-09-11 18:16:52
official_market,OpenRouter-Qwen,moonshotai/kimi-k2-0905,mt1_dom,31-45,34,0,30,30,0,100.0,20,WWWWWWWWWWWWWWWWWWWW,20,100.0,10,WWWWWWWWWW,10,100.0,0,30,0,0,0,0,,0,0,,0,,0,,,2026-09-11 17:17:10
official_market,OpenRouter-Qwen,moonshotai/kimi-k2-0905,mt1_ext,15-30,77,0,74,59,15,79.73,20,WWWWWWWWWLLWWWWLLWWW,16,80.0,10,WWWWWWWWWL,9,90.0,0,74,0,1,0,0,,0,0,,0,,0,,,2026-09-11 18:16:52
official_market,OpenRouter-Qwen,moonshotai/kimi-k2-0905,mt1_ext,31-45,31,0,28,26,2,92.86,20,WWWWWWWWWWWLWWWWWWWW,19,95.0,10,WWWWWWWWWW,10,100.0,0,28,0,0,0,0,,0,0,,0,,0,,,2026-09-11 17:17:10
official_market,OpenRouter-Qwen,moonshotai/kimi-k2-0905,mt2,15-30,71,0,69,53,16,76.81,20,LWWWWWWWLLWWWWWWWLWW,16,80.0,10,LWWWWWWWLL,7,70.0,0,69,0,1,0,0,,0,0,,0,,0,,,2026-09-11 18:16:52
official_market,OpenRouter-Qwen,moonshotai/kimi-k2-0905,mt2,31-45,26,0,23,18,5,78.26,20,WWWWWLWWWWWWWWWLLWLW,16,80.0,10,WWWWWLWWWW,9,90.0,0,23,0,0,0,0,,0,0,,0,,0,,,2026-09-11 17:17:10
official_market,OpenRouter-Qwen,moonshotai/kimi-k2-0905,mt2_dom,15-30,58,0,56,28,28,50.0,20,LWLWWWWLLWWWWWLWWWWL,14,70.0,10,LWLWWWWLLW,6,60.0,0,56,0,1,0,0,,0,0,,0,,0,,,2026-09-11 18:16:52
official_market,OpenRouter-Qwen,moonshotai/kimi-k2-0905,mt2_dom,31-45,20,0,17,12,5,70.59,17,WLWWLWWLWWWLWWLWW,12,70.59,10,WLWWLWWLWW,7,70.0,0,17,0,0,0,0,,0,0,,0,,0,,,2026-09-11 17:17:10
official_market,OpenRouter-Qwen,moonshotai/kimi-k2-0905,mt2_ext,15-30,54,0,52,25,27,48.08,20,WLLLWWWLWLLWWWLLWLLL,9,45.0,10,WLLLWWWLWL,5,50.0,0,52,0,1,0,0,,0,0,,0,,0,,,2026-09-11 18:16:52
official_market,OpenRouter-Qwen,moonshotai/kimi-k2-0905,mt2_ext,31-45,17,0,14,6,8,42.86,14,WLWLLLWWWLWLLL,6,42.86,10,WLWLLLWWWL,5,50.0,0,14,0,0,0,0,,0,0,,0,,0,,,2026-09-11 17:17:10
official_market,OpenRouter-Qwen,moonshotai/kimi-k2-0905,ou05,15-30,98,0,95,90,5,94.74,20,LWWWWWWWWWWWWWWWWWWW,19,95.0,10,LWWWWWWWWW,9,90.0,49,0,0,1,45,40,88.89,37,20,85.0,10,90.0,0,,,2026-09-11 18:16:52
official_market,OpenRouter-Qwen,moonshotai/kimi-k2-0905,ou05,31-45,38,0,34,33,1,97.06,20,WWWWWWWWWWWWWWWWWWWW,20,100.0,10,WWWWWWWWWW,10,100.0,26,0,0,0,8,7,87.5,8,8,87.5,8,87.5,0,,,2026-09-11 17:17:10
official_market,OpenRouter-Qwen,moonshotai/kimi-k2-0905,ou15,15-30,97,0,94,64,30,68.09,20,WWWLWWWWWLWWLLWLWLWW,14,70.0,10,WWWLWWWWWL,8,80.0,16,0,0,1,77,48,62.34,58,20,50.0,10,50.0,0,,,2026-09-11 18:16:52
official_market,OpenRouter-Qwen,moonshotai/kimi-k2-0905,ou15,31-45,38,0,34,27,7,79.41,20,WWWLWWWWWWLWWLLWWWWW,16,80.0,10,WWWLWWWWWW,9,90.0,15,0,0,0,19,12,63.16,19,19,63.16,10,60.0,0,,,2026-09-11 17:17:10
official_market,OpenRouter-Qwen,moonshotai/kimi-k2-0905,ou25,15-30,98,0,95,56,39,58.95,20,WWWWLWWLWWWWWLLWLLWW,14,70.0,10,WWWWLWWLWW,8,80.0,3,0,0,1,91,53,58.24,67,20,70.0,10,80.0,2,-0.09,-4.5,2026-09-11 18:16:52
official_market,OpenRouter-Qwen,moonshotai/kimi-k2-0905,ou25,31-45,38,0,34,25,9,73.53,20,WLWWWWWLLWLWWWWWWWWW,16,80.0,10,WLWWWWWLLW,7,70.0,7,0,0,0,27,18,66.67,27,20,70.0,10,60.0,5,1.77,35.4,2026-09-11 17:17:10
official_market,OpenRouter-Qwen,moonshotai/kimi-k2-0905,resultat,15-30,95,0,92,51,41,55.43,20,WLWLWWWWWWWWWLWWWWWW,17,85.0,10,WLWLWWWWWW,8,80.0,0,92,0,1,0,0,,0,0,,0,,0,,,2026-09-11 18:16:52
official_market,OpenRouter-Qwen,moonshotai/kimi-k2-0905,resultat,31-45,38,0,34,22,12,64.71,20,WLWWLWWWWWWLWLWWWWWL,15,75.0,10,WLWWLWWWWW,8,80.0,0,34,0,0,0,0,,0,0,,0,,0,,,2026-09-11 17:17:10
official_market,OpenRouter-Qwen,qwen/qwen-plus-2025-07-28,btts,0-14,14,0,13,6,7,46.15,13,LWLLWWLLWWLWL,6,46.15,10,LWLLWWLLWW,5,50.0,0,0,0,0,13,6,46.15,11,11,45.45,10,50.0,0,,,2026-08-19 19:11:15
official_market,OpenRouter-Qwen,qwen/qwen-plus-2025-07-28,btts,15-30,32,0,30,20,10,66.67,20,WLLWLWWLLWLWWLWWWWWW,13,65.0,10,WLLWLWWLLW,5,50.0,2,0,2,1,26,16,61.54,23,20,65.0,10,40.0,0,,,2026-08-20 02:53:06
official_market,OpenRouter-Qwen,qwen/qwen-plus-2025-07-28,btts,31-45,17,0,17,9,8,52.94,17,WWWWLLLWLWWLLWLLW,9,52.94,10,WWWWLLLWLW,6,60.0,6,0,1,0,10,4,40.0,10,10,40.0,10,40.0,0,,,2026-08-19 23:41:52
official_market,OpenRouter-Qwen,qwen/qwen-plus-2025-07-28,btts,46+,23,0,23,14,9,60.87,20,WLWWLWLWWWWLLWWLWWLL,12,60.0,10,WLWWLWLWWW,7,70.0,8,0,1,0,14,7,50.0,13,13,53.85,10,60.0,0,,,2026-08-20 00:11:15
official_market,OpenRouter-Qwen,qwen/qwen-plus-2025-07-28,mt1,0-14,14,0,13,9,4,69.23,13,WLWWWWWWWLLWL,9,69.23,10,WLWWWWWWWL,8,80.0,0,13,0,0,0,0,,0,0,,0,,0,,,2026-08-19 19:11:15
official_market,OpenRouter-Qwen,qwen/qwen-plus-2025-07-28,mt1,15-30,32,0,30,21,9,70.0,20,WLWWWWWWLWWWLLWLLLWW,13,65.0,10,WLWWWWWWLW,8,80.0,0,30,0,1,0,0,,0,0,,0,,0,,,2026-08-20 02:53:06
official_market,OpenRouter-Qwen,qwen/qwen-plus-2025-07-28,mt1,31-45,17,0,17,9,8,52.94,17,WWLWWWLLWLLWWLLLW,9,52.94,10,WWLWWWLLWL,6,60.0,0,17,0,0,0,0,,0,0,,0,,0,,,2026-08-19 23:41:52
official_market,OpenRouter-Qwen,qwen/qwen-plus-2025-07-28,mt1,46+,23,0,23,15,8,65.22,20,WWWWWWLWWWLLWLWLWWLL,13,65.0,10,WWWWWWLWWW,9,90.0,0,23,0,0,0,0,,0,0,,0,,0,,,2026-08-20 00:11:15
official_market,OpenRouter-Qwen,qwen/qwen-plus-2025-07-28,mt1_dom,0-14,14,0,13,9,4,69.23,13,WLLWWWWWWWLWL,9,69.23,10,WLLWWWWWWW,8,80.0,0,13,0,0,0,0,,0,0,,0,,0,,,2026-08-19 19:11:15
official_market,OpenRouter-Qwen,qwen/qwen-plus-2025-07-28,mt1_dom,15-30,32,0,30,12,18,40.0,20,WLWWLWWLLLWWLLLLLLLW,8,40.0,10,WLWWLWWLLL,5,50.0,0,30,0,1,0,0,,0,0,,0,,0,,,2026-08-20 02:53:06
official_market,OpenRouter-Qwen,qwen/qwen-plus-2025-07-28,mt1_dom,31-45,17,0,17,8,9,47.06,17,WWLWWLLLWLLWLWLLW,8,47.06,10,WWLWWLLLWL,5,50.0,0,17,0,0,0,0,,0,0,,0,,0,,,2026-08-19 23:41:52
official_market,OpenRouter-Qwen,qwen/qwen-plus-2025-07-28,mt1_dom,46+,23,0,23,15,8,65.22,20,WWWWLWWWWWLWWLLLWWLL,13,65.0,10,WWWWLWWWWW,9,90.0,0,23,0,0,0,0,,0,0,,0,,0,,,2026-08-20 00:11:15
official_market,OpenRouter-Qwen,qwen/qwen-plus-2025-07-28,mt1_ext,0-14,14,0,13,5,8,38.46,13,LWLLLLWWLLWLW,5,38.46,10,LWLLLLWWLL,3,30.0,0,13,0,0,0,0,,0,0,,0,,0,,,2026-08-19 19:11:15
official_market,OpenRouter-Qwen,qwen/qwen-plus-2025-07-28,mt1_ext,15-30,32,0,30,17,13,56.67,20,LLWLLWWLWLWWWWLWWWLW,12,60.0,10,LLWLLWWLWL,4,40.0,0,30,0,1,0,0,,0,0,,0,,0,,,2026-08-20 02:53:06
official_market,OpenRouter-Qwen,qwen/qwen-plus-2025-07-28,mt1_ext,31-45,17,0,17,13,4,76.47,17,LLWWWLWWWWWWWLWWW,13,76.47,10,LLWWWLWWWW,7,70.0,0,17,0,0,0,0,,0,0,,0,,0,,,2026-08-19 23:41:52
official_market,OpenRouter-Qwen,qwen/qwen-plus-2025-07-28,mt1_ext,46+,23,0,23,15,8,65.22,20,LWLWLWLLWWWLWWLWWWWW,13,65.0,10,LWLWLWLLWW,5,50.0,0,23,0,0,0,0,,0,0,,0,,0,,,2026-08-20 00:11:15
official_market,OpenRouter-Qwen,qwen/qwen-plus-2025-07-28,mt2,0-14,14,0,13,10,3,76.92,13,WWWWWWWWLLWLW,10,76.92,10,WWWWWWWWLL,8,80.0,0,13,0,0,0,0,,0,0,,0,,0,,,2026-08-19 19:11:15
official_market,OpenRouter-Qwen,qwen/qwen-plus-2025-07-28,mt2,15-30,29,0,27,19,8,70.37,20,WLWLWWWWLWWWLWLLWLWW,13,65.0,10,WLWLWWWWLW,7,70.0,0,27,0,1,0,0,,0,0,,0,,0,,,2026-08-20 00:06:00
official_market,OpenRouter-Qwen,qwen/qwen-plus-2025-07-28,mt2,31-45,17,0,17,14,3,82.35,17,LWLWWWWLWWWWWWWWW,14,82.35,10,LWLWWWWLWW,7,70.0,0,17,0,0,0,0,,0,0,,0,,0,,,2026-08-19 23:41:52
official_market,OpenRouter-Qwen,qwen/qwen-plus-2025-07-28,mt2,46+,23,0,23,17,6,73.91,20,LWWWWWWLWLLWWWWWWWLW,15,75.0,10,LWWWWWWLWL,7,70.0,0,23,0,0,0,0,,0,0,,0,,0,,,2026-08-20 00:11:15
official_market,OpenRouter-Qwen,qwen/qwen-plus-2025-07-28,mt2_dom,0-14,14,0,13,6,7,46.15,13,WWLWWWLLLLLLW,6,46.15,10,WWLWWWLLLL,5,50.0,0,13,0,0,0,0,,0,0,,0,,0,,,2026-08-19 19:11:15
official_market,OpenRouter-Qwen,qwen/qwen-plus-2025-07-28,mt2_dom,15-30,29,0,27,13,14,48.15,20,LLWLLWLLLWWWLLLLLLWW,7,35.0,10,LLWLLWLLLW,3,30.0,0,27,0,1,0,0,,0,0,,0,,0,,,2026-08-20 00:06:00
official_market,OpenRouter-Qwen,qwen/qwen-plus-2025-07-28,mt2_dom,31-45,17,0,17,7,10,41.18,17,LLLLLLLLLWWWWLWWW,7,41.18,10,LLLLLLLLLW,1,10.0,0,17,0,0,0,0,,0,0,,0,,0,,,2026-08-19 23:41:52
official_market,OpenRouter-Qwen,qwen/qwen-plus-2025-07-28,mt2_dom,46+,22,0,22,9,13,40.91,20,WLLLLLLLLLWLWLWLWWWW,8,40.0,10,WLLLLLLLLL,1,10.0,0,22,0,0,0,0,,0,0,,0,,0,,,2026-08-19 20:23:05
official_market,OpenRouter-Qwen,qwen/qwen-plus-2025-07-28,mt2_ext,0-14,14,0,13,5,8,38.46,13,WWLLLLLLWWLWL,5,38.46,10,WWLLLLLLWW,4,40.0,0,13,0,0,0,0,,0,0,,0,,0,,,2026-08-19 19:11:15
official_market,OpenRouter-Qwen,qwen/qwen-plus-2025-07-28,mt2_ext,15-30,27,0,25,15,10,60.0,20,LWLWLLLWWWWLWWLWLLWW,11,55.0,10,LWLWLLLWWW,5,50.0,0,25,0,1,0,0,,0,0,,0,,0,,,2026-08-19 19:19:00
official_market,OpenRouter-Qwen,qwen/qwen-plus-2025-07-28,mt2_ext,31-45,16,0,16,6,10,37.5,16,WWLLLLWWLLLLWLLW,6,37.5,10,WWLLLLWWLL,4,40.0,0,16,0,0,0,0,,0,0,,0,,0,,,2026-08-19 01:29:03
official_market,OpenRouter-Qwen,qwen/qwen-plus-2025-07-28,mt2_ext,46+,22,0,22,11,11,50.0,20,LWLLWWWLWWWLLLLWWLLW,10,50.0,10,LWLLWWWLWW,6,60.0,0,22,0,0,0,0,,0,0,,0,,0,,,2026-08-19 20:23:05
official_market,OpenRouter-Qwen,qwen/qwen-plus-2025-07-28,ou05,0-14,14,0,13,13,0,100.0,13,WWWWWWWWWWWWW,13,100.0,10,WWWWWWWWWW,10,100.0,7,0,0,0,6,6,100.0,6,6,100.0,6,100.0,0,,,2026-08-19 19:11:15
official_market,OpenRouter-Qwen,qwen/qwen-plus-2025-07-28,ou05,15-30,33,0,31,29,2,93.55,20,WWWWWWWWWWWWWWWLWLWW,18,90.0,10,WWWWWWWWWW,10,100.0,20,0,2,1,10,10,100.0,8,8,100.0,8,100.0,0,,,2026-08-20 02:53:06
official_market,OpenRouter-Qwen,qwen/qwen-plus-2025-07-28,ou05,31-45,17,0,17,15,2,88.24,17,WWLWWWWLWWWWWWWWW,15,88.24,10,WWLWWWWLWW,8,80.0,9,0,1,0,7,5,71.43,7,7,71.43,7,71.43,0,,,2026-08-19 23:41:52
official_market,OpenRouter-Qwen,qwen/qwen-plus-2025-07-28,ou05,46+,23,0,23,22,1,95.65,20,WWWWWWWWWWLWWWWWWWWW,19,95.0,10,WWWWWWWWWW,10,100.0,17,0,1,0,5,4,80.0,5,5,80.0,5,80.0,0,,,2026-08-20 00:11:15
official_market,OpenRouter-Qwen,qwen/qwen-plus-2025-07-28,ou15,0-14,14,0,13,7,6,53.85,13,LWWLWWLLWWLWL,7,53.85,10,LWWLWWLLWW,6,60.0,0,0,0,0,13,7,53.85,11,11,54.55,10,60.0,0,,,2026-08-19 19:11:15
official_market,OpenRouter-Qwen,qwen/qwen-plus-2025-07-28,ou15,15-30,32,0,30,20,10,66.67,20,WLWWLWWLLLLWLWLWLWWW,11,55.0,10,WLWWLWWLLL,5,50.0,6,0,2,1,22,12,54.55,19,19,57.89,10,40.0,0,,,2026-08-20 02:53:06
official_market,OpenRouter-Qwen,qwen/qwen-plus-2025-07-28,ou15,31-45,17,0,17,13,4,76.47,17,WWWWWWWWWWWLWLLLW,13,76.47,10,WWWWWWWWWW,10,100.0,7,0,1,0,9,6,66.67,9,9,66.67,9,66.67,0,,,2026-08-19 23:41:52
official_market,OpenRouter-Qwen,qwen/qwen-plus-2025-07-28,ou15,46+,23,0,23,15,8,65.22,20,WWWWWWWWWWWLLWLLLWLL,13,65.0,10,WWWWWWWWWW,10,100.0,12,0,1,0,10,3,30.0,9,9,33.33,9,33.33,0,,,2026-08-20 00:11:15
official_market,OpenRouter-Qwen,qwen/qwen-plus-2025-07-28,ou25,0-14,14,0,13,7,6,53.85,13,LWLLWWLLWWLWW,7,53.85,10,LWLLWWLLWW,5,50.0,0,0,0,0,13,7,53.85,11,11,54.55,10,50.0,0,,,2026-08-19 19:11:15
official_market,OpenRouter-Qwen,qwen/qwen-plus-2025-07-28,ou25,15-30,33,0,31,18,13,58.06,20,LLWLLWWWLWLLWLLWWWWW,11,55.0,10,LLWLLWWWLW,5,50.0,0,0,2,1,28,15,53.57,24,20,50.0,10,50.0,0,,,2026-08-20 02:53:06
official_market,OpenRouter-Qwen,qwen/qwen-plus-2025-07-28,ou25,31-45,17,0,17,10,7,58.82,17,LWWLWLWWWWWLWWLLL,10,58.82,10,LWWLWLWWWW,7,70.0,2,0,1,0,14,8,57.14,12,12,58.33,10,70.0,0,,,2026-08-19 23:41:52
official_market,OpenRouter-Qwen,qwen/qwen-plus-2025-07-28,ou25,46+,23,0,23,13,10,56.52,20,LWWLLWLWWWWLWWWLWWLL,12,60.0,10,LWWLLWLWWW,6,60.0,6,0,1,0,16,8,50.0,15,15,53.33,10,60.0,1,0.56,56.0,2026-08-20 00:11:15
official_market,OpenRouter-Qwen,qwen/qwen-plus-2025-07-28,resultat,0-14,14,0,13,6,7,46.15,13,LWLLLWWWLLWWL,6,46.15,10,LWLLLWWWLL,4,40.0,0,13,0,0,0,0,,0,0,,0,,0,,,2026-08-19 19:11:15
official_market,OpenRouter-Qwen,qwen/qwen-plus-2025-07-28,resultat,15-30,32,0,30,13,17,43.33,20,WLWLLWLLWLWLLLLLLLLW,6,30.0,10,WLWLLWLLWL,4,40.0,0,30,0,1,0,0,,0,0,,0,,0,,,2026-08-20 02:53:06
official_market,OpenRouter-Qwen,qwen/qwen-plus-2025-07-28,resultat,31-45,17,0,17,8,9,47.06,17,LLWLLLLLWWWWWLLWW,8,47.06,10,LLWLLLLLWW,3,30.0,0,17,0,0,0,0,,0,0,,0,,0,,,2026-08-19 23:41:52
official_market,OpenRouter-Qwen,qwen/qwen-plus-2025-07-28,resultat,46+,23,0,23,17,6,73.91,20,LWWLWWWWWWWWLWLLLWWW,14,70.0,10,LWWLWWWWWW,8,80.0,0,23,0,0,0,0,,0,0,,0,,0,,,2026-08-20 00:11:15
official_market,Perplexity-Web,model_id_not_proven,btts,0-14,261,0,237,131,106,55.27,20,WWWWWLWLWWLWWWWLWLWW,15,75.0,10,WWWWWLWLWW,8,80.0,2,0,2,41,192,106,55.21,190,20,70.0,10,80.0,0,,,2026-08-17 16:17:20
official_market,Perplexity-Web,model_id_not_proven,btts,15-30,762,0,759,433,326,57.05,20,LLLWWWLWLWLLLLLWWLLL,7,35.0,10,LLLWWWLWLW,5,50.0,69,0,2,154,551,285,51.72,450,20,30.0,10,20.0,0,,,2026-09-02 10:38:09
official_market,Perplexity-Web,model_id_not_proven,btts,31-45,636,0,635,415,220,65.35,20,WWLLWWWLLLWWWLLWLWLW,11,55.0,10,WWLLWWWLLL,5,50.0,156,0,2,125,383,212,55.35,344,20,60.0,10,70.0,0,,,2026-08-19 20:07:28
official_market,Perplexity-Web,model_id_not_proven,btts,46+,676,0,673,551,122,81.87,20,WWWWWLWLLWWWWWWWLWLW,15,75.0,10,WWWWWLWLLW,7,70.0,248,0,2,90,359,262,72.98,297,20,70.0,10,80.0,0,,,2026-08-16 00:30:57
official_market,Perplexity-Web,model_id_not_proven,btts,unknown,50,0,12,6,6,50.0,12,LLLLWLWWWWWL,6,50.0,10,LLLLWLWWWW,5,50.0,0,12,0,12,0,0,,0,0,,0,,0,,,2026-08-02 09:13:15
official_market,Perplexity-Web,model_id_not_proven,mt1,0-14,249,0,225,135,90,60.0,20,WLLWWWWLLWWWWLWWWWWW,15,75.0,10,WLLWWWWLLW,6,60.0,0,225,0,39,0,0,,0,0,,0,,0,,,2026-08-13 17:11:45
official_market,Perplexity-Web,model_id_not_proven,mt1,15-30,732,0,729,583,146,79.97,20,WWWWWWWLWWWWWWWWWWWW,19,95.0,10,WWWWWWWLWW,9,90.0,0,729,0,151,0,0,,0,0,,0,,0,,,2026-09-02 10:25:22
official_market,Perplexity-Web,model_id_not_proven,mt1,31-45,626,0,625,583,42,93.28,20,WWLWWWWWWWWWLLLWWLWW,15,75.0,10,WWLWWWWWWW,9,90.0,0,625,0,122,0,0,,0,0,,0,,0,,,2026-08-19 20:07:28
official_market,Perplexity-Web,model_id_not_proven,mt1,46+,659,0,656,531,125,80.95,20,WWWWWWWLLWWWWWWWWWLW,17,85.0,10,WWWWWWWLLW,8,80.0,0,656,0,90,0,0,,0,0,,0,,0,,,2026-08-13 20:21:57
official_market,Perplexity-Web,model_id_not_proven,mt1,unknown,50,0,12,6,6,50.0,12,LLLWWLWLWWWL,6,50.0,10,LLLWWLWLWW,5,50.0,0,12,0,12,0,0,,0,0,,0,,0,,,2026-08-02 09:13:15
official_market,Perplexity-Web,model_id_not_proven,mt1_dom,0-14,23,0,23,11,12,47.83,20,WLLWLLWWLLWLLWWWLLLW,9,45.0,10,WLLWLLWWLL,4,40.0,0,23,0,1,0,0,,0,0,,0,,0,,,2026-08-13 17:11:45
official_market,Perplexity-Web,model_id_not_proven,mt1_dom,15-30,54,0,54,29,25,53.7,20,WLWWLWWWWWLLLLWWWWWW,14,70.0,10,WLWWLWWWWW,8,80.0,0,54,0,1,0,0,,0,0,,0,,0,,,2026-09-01 19:08:08
official_market,Perplexity-Web,model_id_not_proven,mt1_dom,31-45,24,0,24,15,9,62.5,20,WWLLWWWLWWLLWLLWWWWW,13,65.0,10,WWLLWWWLWW,7,70.0,0,24,0,0,0,0,,0,0,,0,,0,,,2026-08-14 11:12:04
official_market,Perplexity-Web,model_id_not_proven,mt1_dom,46+,31,0,31,21,10,67.74,20,WLLLWWWWLWWWWLWLWWWW,14,70.0,10,WLLLWWWWLW,6,60.0,0,31,0,0,0,0,,0,0,,0,,0,,,2026-08-13 20:21:57
official_market,Perplexity-Web,model_id_not_proven,mt1_ext,0-14,21,0,21,16,5,76.19,20,WLLWWWWLWWWWWWWWWLWL,15,75.0,10,WLLWWWWLWW,7,70.0,0,21,0,1,0,0,,0,0,,0,,0,,,2026-08-13 17:03:59
official_market,Perplexity-Web,model_id_not_proven,mt1_ext,15-30,44,0,44,28,16,63.64,20,WWLWWWLWWLWWLLWWLLLW,12,60.0,10,WWLWWWLWWL,7,70.0,0,44,0,1,0,0,,0,0,,0,,0,,,2026-09-01 19:08:08
official_market,Perplexity-Web,model_id_not_proven,mt1_ext,31-45,22,0,22,13,9,59.09,20,WLLWWWWLWWLLLWWWLWWW,13,65.0,10,WLLWWWWLWW,7,70.0,0,22,0,0,0,0,,0,0,,0,,0,,,2026-08-14 11:12:04
official_market,Perplexity-Web,model_id_not_proven,mt1_ext,46+,21,0,21,12,9,57.14,20,LWLLWWLWLWWLLWLLWWWW,11,55.0,10,LWLLWWLWLW,5,50.0,0,21,0,0,0,0,,0,0,,0,,0,,,2026-08-13 20:21:57
official_market,Perplexity-Web,model_id_not_proven,mt2,0-14,20,0,20,17,3,85.0,20,WWWWLWWWWWWWWWLWLWWW,17,85.0,10,WWWWLWWWWW,9,90.0,0,20,0,1,0,0,,0,0,,0,,0,,,2026-08-13 16:03:32
official_market,Perplexity-Web,model_id_not_proven,mt2,15-30,43,0,43,37,6,86.05,20,WWWWLWLWWWWWWWLWWWWW,17,85.0,10,WWWWLWLWWW,8,80.0,0,43,0,1,0,0,,0,0,,0,,0,,,2026-09-01 19:08:08
official_market,Perplexity-Web,model_id_not_proven,mt2,31-45,21,0,21,16,5,76.19,20,WWLWLWLWWLWWWWWWWLWW,15,75.0,10,WWLWLWLWWL,6,60.0,0,21,0,0,0,0,,0,0,,0,,0,,,2026-08-14 11:12:04
official_market,Perplexity-Web,model_id_not_proven,mt2,46+,19,0,19,15,4,78.95,19,WWWWLWLLWWWWWWWWWWL,15,78.95,10,WWWWLWLLWW,7,70.0,0,19,0,0,0,0,,0,0,,0,,0,,,2026-08-13 20:21:57
official_market,Perplexity-Web,model_id_not_proven,mt2_dom,0-14,20,0,20,7,13,35.0,20,LWWLLWLWLWLLLWLLLLLW,7,35.0,10,LWWLLWLWLW,5,50.0,0,20,0,1,0,0,,0,0,,0,,0,,,2026-08-13 16:03:32
official_market,Perplexity-Web,model_id_not_proven,mt2_dom,15-30,43,0,43,20,23,46.51,20,LWLLLWLWLLLWWWLLLWWW,9,45.0,10,LWLLLWLWLL,3,30.0,0,43,0,1,0,0,,0,0,,0,,0,,,2026-09-01 19:08:08
official_market,Perplexity-Web,model_id_not_proven,mt2_dom,31-45,21,0,21,11,10,52.38,20,LWLWLLWWLLLLLWWWWLWW,10,50.0,10,LWLWLLWWLL,4,40.0,0,21,0,0,0,0,,0,0,,0,,0,,,2026-08-14 11:12:04
official_market,Perplexity-Web,model_id_not_proven,mt2_dom,46+,19,0,19,14,5,73.68,19,WWWWWWLWLLLWWWWWWWL,14,73.68,10,WWWWWWLWLL,7,70.0,0,19,0,0,0,0,,0,0,,0,,0,,,2026-08-13 20:21:57
official_market,Perplexity-Web,model_id_not_proven,mt2_ext,0-14,20,0,20,12,8,60.0,20,LLWLLWLWLWWLLWWWWWWW,12,60.0,10,LLWLLWLWLW,4,40.0,0,20,0,1,0,0,,0,0,,0,,0,,,2026-08-13 16:03:32
official_market,Perplexity-Web,model_id_not_proven,mt2_ext,15-30,41,0,41,23,18,56.1,20,WWLLLLWWLLLWWLWLWLWL,9,45.0,10,WWLLLLWWLL,4,40.0,0,41,0,1,0,0,,0,0,,0,,0,,,2026-09-01 19:08:08
official_market,Perplexity-Web,model_id_not_proven,mt2_ext,31-45,21,0,21,11,10,52.38,20,WLWLWLLLWWLLLLWWWLWW,10,50.0,10,WLWLWLLLWW,5,50.0,0,21,0,0,0,0,,0,0,,0,,0,,,2026-08-14 11:12:04
official_market,Perplexity-Web,model_id_not_proven,mt2_ext,46+,18,0,18,11,7,61.11,18,LLWWLWLWWWWLWWWLLW,11,61.11,10,LLWWLWLWWW,6,60.0,0,18,0,0,0,0,,0,0,,0,,0,,,2026-08-13 20:21:57
official_market,Perplexity-Web,model_id_not_proven,ou05,0-14,55,0,55,50,5,90.91,20,WWLWWWWLWWWLWWWWWWWW,17,85.0,10,WWLWWWWLWW,8,80.0,9,0,1,4,43,40,93.02,43,20,90.0,10,80.0,0,,,2026-08-20 17:06:45
official_market,Perplexity-Web,model_id_not_proven,ou05,15-30,185,0,185,161,24,87.03,20,WLWWWWLWWLLWWLLWWWLL,12,60.0,10,WLWWWWLWWL,7,70.0,102,0,0,7,83,69,83.13,72,20,65.0,10,60.0,0,,,2026-09-02 22:48:50
official_market,Perplexity-Web,model_id_not_proven,ou05,31-45,51,0,51,49,2,96.08,20,WWWWWLWWLWWWWWWWWWWW,18,90.0,10,WWWWWLWWLW,8,80.0,42,0,0,3,8,7,87.5,8,8,87.5,8,87.5,0,,,2026-08-19 20:07:28
official_market,Perplexity-Web,model_id_not_proven,ou05,46+,82,0,82,78,4,95.12,20,WWWWWWLWWWWWWWLWWWWW,18,90.0,10,WWWWWWLWWW,9,90.0,73,0,0,2,9,7,77.78,8,8,75.0,8,75.0,0,,,2026-08-19 20:47:32
official_market,Perplexity-Web,model_id_not_proven,ou15,0-14,48,0,48,36,12,75.0,20,LWWWWWWWLLWWWLWWWWWW,16,80.0,10,LWWWWWWWLL,7,70.0,0,0,1,4,43,32,74.42,42,20,80.0,10,70.0,0,,,2026-08-20 17:06:45
official_market,Perplexity-Web,model_id_not_proven,ou15,15-30,126,0,126,96,30,76.19,20,WLLWWWWWLWWWWWLWLWWW,15,75.0,10,WLLWWWWWLW,7,70.0,18,0,1,4,103,75,72.82,82,20,75.0,10,70.0,0,,,2026-09-02 22:48:50
official_market,Perplexity-Web,model_id_not_proven,ou15,31-45,43,0,43,31,12,72.09,20,WWWWLWWLLLWWWWWLLWWW,14,70.0,10,WWWWLWWLLL,6,60.0,15,0,0,3,27,19,70.37,26,20,65.0,10,70.0,0,,,2026-08-19 20:07:28
official_market,Perplexity-Web,model_id_not_proven,ou15,46+,69,0,69,52,17,75.36,20,LLWWWWWWWWWWWWWWWWWL,17,85.0,10,LLWWWWWWWW,8,80.0,35,0,0,2,34,18,52.94,30,20,60.0,10,60.0,0,,,2026-08-19 20:47:32
official_market,Perplexity-Web,model_id_not_proven,ou25,0-14,287,0,263,138,125,52.47,20,LWLWWWWWLLWLWWWWLLWL,12,60.0,10,LWLWWWWWLL,6,60.0,2,0,3,42,217,110,50.69,214,20,50.0,10,60.0,2,-2,-100.0,2026-08-20 18:04:40
official_market,Perplexity-Web,model_id_not_proven,ou25,15-30,935,0,932,581,351,62.34,20,WLWWWWLLWLLLWWLWLLWW,11,55.0,10,WLWWWWLLWL,6,60.0,33,0,6,157,749,464,61.95,606,20,55.0,10,50.0,24,11.18,46.58,2026-09-02 22:48:50
official_market,Perplexity-Web,model_id_not_proven,ou25,31-45,658,0,657,475,182,72.3,20,WLWWWLWWWLLWWWLWWWLW,14,70.0,10,WLWWWLWWWL,7,70.0,106,0,1,125,457,315,68.93,409,20,60.0,10,70.0,18,11.13,61.83,2026-08-19 23:23:17
official_market,Perplexity-Web,model_id_not_proven,ou25,46+,718,0,715,562,153,78.6,20,WWLWWWWWLLWWWLWLLLWL,12,60.0,10,WWLWWWWWLL,7,70.0,206,0,1,91,451,321,71.18,371,20,80.0,10,80.0,105,45.11,42.96,2026-08-20 02:05:58
official_market,Perplexity-Web,model_id_not_proven,ou25,unknown,50,0,12,5,7,41.67,12,LLLLWLWWWWLL,5,41.67,10,LLLLWLWWWW,5,50.0,0,12,0,12,0,0,,0,0,,0,,0,,,2026-08-02 09:13:15
official_market,Perplexity-Web,model_id_not_proven,resultat,0-14,257,0,233,105,128,45.06,20,WWWWWWLWWLLWWLLWLLLW,12,60.0,10,WWWWWWLWWL,8,80.0,0,233,0,40,0,0,,0,0,,0,,0,,,2026-08-17 16:17:20
official_market,Perplexity-Web,model_id_not_proven,resultat,15-30,750,0,747,373,374,49.93,20,LWLLWWLLLLWWLWLLWWWW,10,50.0,10,LWLLWWLLLL,3,30.0,0,747,0,153,0,0,,0,0,,0,,0,,,2026-09-02 10:25:22
official_market,Perplexity-Web,model_id_not_proven,resultat,31-45,631,0,630,370,260,58.73,20,LWWLWLWLLLWLWWWWLLLL,9,45.0,10,LWWLWLWLLL,4,40.0,0,630,0,124,0,0,,0,0,,0,,0,,,2026-08-19 20:07:28
official_market,Perplexity-Web,model_id_not_proven,resultat,46+,673,0,670,448,222,66.87,20,LWWWWLWWWWWWWLLWWLWW,15,75.0,10,LWWWWLWWWW,8,80.0,0,670,0,90,0,0,,0,0,,0,,0,,,2026-08-16 00:30:57
official_market,Perplexity-Web,model_id_not_proven,resultat,unknown,50,0,12,6,6,50.0,12,LLLWLWWLWWLW,6,50.0,10,LLLWLWWLWW,5,50.0,0,12,0,12,0,0,,0,0,,0,,0,,,2026-08-02 09:13:15
official_market,Perplexity-Web,perplexity/sonar-pro,btts,0-14,8,0,7,3,4,42.86,7,WLLWLLW,3,42.86,7,WLLWLLW,3,42.86,0,0,0,0,7,3,42.86,7,7,42.86,7,42.86,0,,,2026-08-13 17:04:59
official_market,Perplexity-Web,perplexity/sonar-pro,btts,15-30,30,0,29,18,11,62.07,20,WWLWLLWLLLLWLWLWWLWW,10,50.0,10,WWLWLLWLLL,4,40.0,4,0,2,1,23,14,60.87,21,20,55.0,10,40.0,0,,,2026-09-06 15:50:56
official_market,Perplexity-Web,perplexity/sonar-pro,btts,31-45,7,0,7,2,5,28.57,7,LLLWLLW,2,28.57,7,LLLWLLW,2,28.57,1,0,1,0,5,1,20.0,5,5,20.0,5,20.0,0,,,2026-09-06 18:39:04
official_market,Perplexity-Web,perplexity/sonar-pro,btts,46+,6,0,6,4,2,66.67,6,WWLWLW,4,66.67,6,WWLWLW,4,66.67,2,0,1,0,3,2,66.67,3,3,66.67,3,66.67,0,,,2026-08-11 16:27:14
official_market,Perplexity-Web,perplexity/sonar-pro,mt1,0-14,6,0,6,6,0,100.0,6,WWWWWW,6,100.0,6,WWWWWW,6,100.0,0,6,0,0,0,0,,0,0,,0,,0,,,2026-08-13 17:04:59
official_market,Perplexity-Web,perplexity/sonar-pro,mt1,15-30,20,0,19,13,6,68.42,19,WWLLWLWLLLWWWWWWWWW,13,68.42,10,WWLLWLWLLL,4,40.0,0,19,0,0,0,0,,0,0,,0,,0,,,2026-09-06 15:50:56
official_market,Perplexity-Web,perplexity/sonar-pro,mt1,31-45,5,0,5,4,1,80.0,5,WWLWW,4,80.0,5,WWLWW,4,80.0,0,5,0,0,0,0,,0,0,,0,,0,,,2026-09-06 18:39:04
official_market,Perplexity-Web,perplexity/sonar-pro,mt1,46+,4,0,4,3,1,75.0,4,LWWW,3,75.0,4,LWWW,3,75.0,0,4,0,0,0,0,,0,0,,0,,0,,,2026-08-11 16:27:14
official_market,Perplexity-Web,perplexity/sonar-pro,mt1_dom,0-14,3,0,3,3,0,100.0,3,WWW,3,100.0,3,WWW,3,100.0,0,3,0,0,0,0,,0,0,,0,,0,,,2026-08-08 10:12:55
official_market,Perplexity-Web,perplexity/sonar-pro,mt1_dom,15-30,15,0,14,11,3,78.57,14,WWWWLWWWLWWWLW,11,78.57,10,WWWWLWWWLW,8,80.0,0,14,0,0,0,0,,0,0,,0,,0,,,2026-09-06 15:50:56
official_market,Perplexity-Web,perplexity/sonar-pro,mt1_dom,31-45,4,0,4,3,1,75.0,4,WWLW,3,75.0,4,WWLW,3,75.0,0,4,0,0,0,0,,0,0,,0,,0,,,2026-09-06 18:39:04
official_market,Perplexity-Web,perplexity/sonar-pro,mt1_dom,46+,2,0,2,1,1,50.0,2,LW,1,50.0,2,LW,1,50.0,0,2,0,0,0,0,,0,0,,0,,0,,,2026-08-11 16:27:14
official_market,Perplexity-Web,perplexity/sonar-pro,mt1_ext,0-14,2,0,2,2,0,100.0,2,WW,2,100.0,2,WW,2,100.0,0,2,0,0,0,0,,0,0,,0,,0,,,2026-08-08 10:12:55
official_market,Perplexity-Web,perplexity/sonar-pro,mt1_ext,15-30,13,0,13,9,4,69.23,13,WLLWLWWLWWWWW,9,69.23,10,WLLWLWWLWW,6,60.0,0,13,0,0,0,0,,0,0,,0,,0,,,2026-09-06 15:50:56
official_market,Perplexity-Web,perplexity/sonar-pro,mt1_ext,31-45,4,0,4,3,1,75.0,4,WWLW,3,75.0,4,WWLW,3,75.0,0,4,0,0,0,0,,0,0,,0,,0,,,2026-09-06 18:39:04
official_market,Perplexity-Web,perplexity/sonar-pro,mt1_ext,46+,2,0,2,1,1,50.0,2,LW,1,50.0,2,LW,1,50.0,0,2,0,0,0,0,,0,0,,0,,0,,,2026-08-11 16:27:14
official_market,Perplexity-Web,perplexity/sonar-pro,mt2,0-14,2,0,2,2,0,100.0,2,WW,2,100.0,2,WW,2,100.0,0,2,0,0,0,0,,0,0,,0,,0,,,2026-08-08 10:12:55
official_market,Perplexity-Web,perplexity/sonar-pro,mt2,15-30,12,0,12,5,7,41.67,12,LWLWLLLLLWWW,5,41.67,10,LWLWLLLLLW,3,30.0,0,12,0,0,0,0,,0,0,,0,,0,,,2026-09-06 15:50:56
official_market,Perplexity-Web,perplexity/sonar-pro,mt2,31-45,4,0,4,3,1,75.0,4,WLWW,3,75.0,4,WLWW,3,75.0,0,4,0,0,0,0,,0,0,,0,,0,,,2026-09-06 18:39:04
official_market,Perplexity-Web,perplexity/sonar-pro,mt2,46+,2,0,2,2,0,100.0,2,WW,2,100.0,2,WW,2,100.0,0,2,0,0,0,0,,0,0,,0,,0,,,2026-08-11 16:27:14
official_market,Perplexity-Web,perplexity/sonar-pro,mt2_dom,0-14,2,0,2,0,2,0.0,2,LL,0,0.0,2,LL,0,0.0,0,2,0,0,0,0,,0,0,,0,,0,,,2026-08-08 10:12:55
official_market,Perplexity-Web,perplexity/sonar-pro,mt2_dom,15-30,11,0,11,3,8,27.27,11,LLLLLLLLWWW,3,27.27,10,LLLLLLLLWW,2,20.0,0,11,0,0,0,0,,0,0,,0,,0,,,2026-08-11 15:20:58
official_market,Perplexity-Web,perplexity/sonar-pro,mt2_dom,31-45,4,0,4,1,3,25.0,4,LLLW,1,25.0,4,LLLW,1,25.0,0,4,0,0,0,0,,0,0,,0,,0,,,2026-09-06 18:39:04
official_market,Perplexity-Web,perplexity/sonar-pro,mt2_dom,46+,2,0,2,0,2,0.0,2,LL,0,0.0,2,LL,0,0.0,0,2,0,0,0,0,,0,0,,0,,0,,,2026-08-11 16:27:14
official_market,Perplexity-Web,perplexity/sonar-pro,mt2_ext,0-14,2,0,2,1,1,50.0,2,LW,1,50.0,2,LW,1,50.0,0,2,0,0,0,0,,0,0,,0,,0,,,2026-08-08 10:12:55
official_market,Perplexity-Web,perplexity/sonar-pro,mt2_ext,15-30,11,0,11,5,6,45.45,11,WWWLLWLLLLW,5,45.45,10,WWWLLWLLLL,4,40.0,0,11,0,0,0,0,,0,0,,0,,0,,,2026-08-11 15:20:58
official_market,Perplexity-Web,perplexity/sonar-pro,mt2_ext,31-45,4,0,4,2,2,50.0,4,LLWW,2,50.0,4,LLWW,2,50.0,0,4,0,0,0,0,,0,0,,0,,0,,,2026-09-06 18:39:04
official_market,Perplexity-Web,perplexity/sonar-pro,mt2_ext,46+,1,0,1,1,0,100.0,1,W,1,100.0,1,W,1,100.0,0,1,0,0,0,0,,0,0,,0,,0,,,2026-08-11 16:27:14
official_market,Perplexity-Web,perplexity/sonar-pro,ou05,0-14,12,0,11,10,1,90.91,11,WLWWWWWWWWW,10,90.91,10,WLWWWWWWWW,9,90.0,4,0,0,0,7,7,100.0,7,7,100.0,7,100.0,0,,,2026-08-20 17:06:14
official_market,Perplexity-Web,perplexity/sonar-pro,ou05,15-30,86,0,84,68,16,80.95,20,LLWWWWWLWWWLWWWWWWLW,15,75.0,10,LLWWWWWLWW,7,70.0,57,0,2,2,25,18,72.0,25,20,65.0,10,60.0,0,,,2026-09-11 18:16:56
official_market,Perplexity-Web,perplexity/sonar-pro,ou05,31-45,17,0,15,14,1,93.33,15,WWWWLWWWWWWWWWW,14,93.33,10,WWWWLWWWWW,9,90.0,9,0,1,0,5,5,100.0,5,5,100.0,5,100.0,0,,,2026-09-11 17:47:00
official_market,Perplexity-Web,perplexity/sonar-pro,ou05,46+,8,0,8,8,0,100.0,8,WWWWWWWW,8,100.0,8,WWWWWWWW,8,100.0,5,0,1,0,2,2,100.0,2,2,100.0,2,100.0,0,,,2026-08-20 00:11:06
official_market,Perplexity-Web,perplexity/sonar-pro,ou15,0-14,9,0,8,7,1,87.5,8,WWWWWWWL,7,87.5,8,WWWWWWWL,7,87.5,0,0,0,0,8,7,87.5,8,8,87.5,8,87.5,0,,,2026-08-20 17:06:14
official_market,Perplexity-Web,perplexity/sonar-pro,ou15,15-30,42,0,40,27,13,67.5,20,WWWLLWWWWWWWLWLLWWWL,14,70.0,10,WWWLLWWWWW,8,80.0,10,0,2,1,28,18,64.29,25,20,70.0,10,60.0,0,,,2026-09-11 00:07:14
official_market,Perplexity-Web,perplexity/sonar-pro,ou15,31-45,10,0,9,4,5,44.44,9,WWLLLWLLW,4,44.44,9,WWLLLWLLW,4,44.44,2,0,1,0,6,2,33.33,6,6,33.33,6,33.33,0,,,2026-09-11 00:37:14
official_market,Perplexity-Web,perplexity/sonar-pro,ou15,46+,7,0,7,4,3,57.14,7,WLWLWLW,4,57.14,7,WLWLWLW,4,57.14,3,0,1,0,3,1,33.33,3,3,33.33,3,33.33,0,,,2026-08-17 00:53:57
official_market,Perplexity-Web,perplexity/sonar-pro,ou25,0-14,14,0,13,8,5,61.54,13,WLLWWWWLLWWLW,8,61.54,10,WLLWWWWLLW,6,60.0,0,0,0,0,13,8,61.54,12,12,66.67,10,70.0,0,,,2026-08-20 17:06:14
official_market,Perplexity-Web,perplexity/sonar-pro,ou25,15-30,168,0,165,104,61,63.03,20,LWLWWWLLWLLWLLWWWWWW,12,60.0,10,LWLWWWLLWL,5,50.0,7,0,3,6,150,93,62.0,133,20,55.0,10,50.0,24,13.45,56.04,2026-09-11 18:17:05
official_market,Perplexity-Web,perplexity/sonar-pro,ou25,31-45,28,0,26,18,8,69.23,20,WLLLWWWWLWLWWWWWLWWW,14,70.0,10,WLLLWWWWLW,6,60.0,4,0,1,0,21,14,66.67,20,20,65.0,10,50.0,1,0.84,84.0,2026-09-11 17:47:00
official_market,Perplexity-Web,perplexity/sonar-pro,ou25,46+,9,0,9,6,3,66.67,9,WLWWWLWLW,6,66.67,9,WLWWWLWLW,6,66.67,3,0,1,0,5,4,80.0,5,5,80.0,5,80.0,1,0.46,46.0,2026-08-20 00:11:06
official_market,Perplexity-Web,perplexity/sonar-pro,resultat,0-14,8,0,7,4,3,57.14,7,WLLWWWL,4,57.14,7,WLLWWWL,4,57.14,0,7,0,0,0,0,,0,0,,0,,0,,,2026-08-13 17:04:59
official_market,Perplexity-Web,perplexity/sonar-pro,resultat,15-30,21,0,20,7,13,35.0,20,WWLLLLLLLLLLWWLWWLLW,7,35.0,10,WWLLLLLLLL,2,20.0,0,20,0,0,0,0,,0,0,,0,,0,,,2026-09-06 15:50:56
official_market,Perplexity-Web,perplexity/sonar-pro,resultat,31-45,6,0,6,5,1,83.33,6,LWWWWW,5,83.33,6,LWWWWW,5,83.33,0,6,0,0,0,0,,0,0,,0,,0,,,2026-09-06 18:39:04
official_market,Perplexity-Web,perplexity/sonar-pro,resultat,46+,5,0,5,4,1,80.0,5,WLWWW,4,80.0,5,WLWWW,4,80.0,0,5,0,0,0,0,,0,0,,0,,0,,,2026-08-11 16:27:14
official_market,Qwen-3.7-Max,model_id_not_proven,btts,15-30,93,0,93,50,43,53.76,20,LLWWLWLLLWLLWWLWLWWL,9,45.0,10,LLWWLWLLLW,4,40.0,5,0,2,6,81,43,53.09,63,20,40.0,10,30.0,1,0.92,92.0,2026-09-04 18:40:59
official_market,Qwen-3.7-Max,model_id_not_proven,btts,31-45,1,0,1,0,1,0.0,1,L,0,0.0,1,L,0,0.0,0,0,0,0,1,0,0.0,1,1,0.0,1,0.0,0,,,2026-09-04 11:46:47
official_market,Qwen-3.7-Max,model_id_not_proven,mt1,15-30,92,0,92,69,23,75.0,20,WLWWWWWLLWWWWWWWWWLL,15,75.0,10,WLWWWWWLLW,7,70.0,0,92,0,6,0,0,,0,0,,0,,0,,,2026-09-04 18:40:59
official_market,Qwen-3.7-Max,model_id_not_proven,mt1,31-45,1,0,1,1,0,100.0,1,W,1,100.0,1,W,1,100.0,0,1,0,0,0,0,,0,0,,0,,0,,,2026-09-04 11:46:47
official_market,Qwen-3.7-Max,model_id_not_proven,mt1_dom,15-30,89,0,89,55,34,61.8,20,WLWWWWWWWLWWLWWWWWLL,15,75.0,10,WLWWWWWWWL,8,80.0,0,89,0,6,0,0,,0,0,,0,,0,,,2026-09-04 18:40:59
official_market,Qwen-3.7-Max,model_id_not_proven,mt1_dom,31-45,1,0,1,0,1,0.0,1,L,0,0.0,1,L,0,0.0,0,1,0,0,0,0,,0,0,,0,,0,,,2026-09-04 11:46:47
official_market,Qwen-3.7-Max,model_id_not_proven,mt1_ext,15-30,78,0,78,46,32,58.97,20,WWWWWLLLWWWWWWWWWWLW,16,80.0,10,WWWWWLLLWW,7,70.0,0,78,0,6,0,0,,0,0,,0,,0,,,2026-09-04 18:40:59
official_market,Qwen-3.7-Max,model_id_not_proven,mt1_ext,31-45,1,0,1,0,1,0.0,1,L,0,0.0,1,L,0,0.0,0,1,0,0,0,0,,0,0,,0,,0,,,2026-09-04 11:46:47
official_market,Qwen-3.7-Max,model_id_not_proven,mt2,15-30,60,0,60,45,15,75.0,20,WWLWWWWWLLWWWWWLLLWW,14,70.0,10,WWLWWWWWLL,7,70.0,0,60,0,5,0,0,,0,0,,0,,0,,,2026-09-04 18:36:28
official_market,Qwen-3.7-Max,model_id_not_proven,mt2,31-45,1,0,1,0,1,0.0,1,L,0,0.0,1,L,0,0.0,0,1,0,0,0,0,,0,0,,0,,0,,,2026-09-04 11:46:47
official_market,Qwen-3.7-Max,model_id_not_proven,mt2_dom,15-30,40,0,40,29,11,72.5,20,LLWWLWWWWLWWWWWWWWWL,15,75.0,10,LLWWLWWWWL,6,60.0,0,40,0,3,0,0,,0,0,,0,,0,,,2026-09-04 18:36:28
official_market,Qwen-3.7-Max,model_id_not_proven,mt2_dom,31-45,1,0,1,0,1,0.0,1,L,0,0.0,1,L,0,0.0,0,1,0,0,0,0,,0,0,,0,,0,,,2026-09-04 11:46:47
official_market,Qwen-3.7-Max,model_id_not_proven,mt2_ext,15-30,29,0,29,13,16,44.83,20,LWLLWLLWLWWLLWWLLLWW,9,45.0,10,LWLLWLLWLW,4,40.0,0,29,0,2,0,0,,0,0,,0,,0,,,2026-09-04 18:36:28
official_market,Qwen-3.7-Max,model_id_not_proven,mt2_ext,31-45,1,0,1,0,1,0.0,1,L,0,0.0,1,L,0,0.0,0,1,0,0,0,0,,0,0,,0,,0,,,2026-09-04 11:46:47
official_market,Qwen-3.7-Max,model_id_not_proven,ou05,15-30,93,0,93,85,8,91.4,20,WWWWWWWWWWWWWWWWWWWW,20,100.0,10,WWWWWWWWWW,10,100.0,49,0,0,6,43,36,83.72,38,20,80.0,10,90.0,0,,,2026-09-04 18:40:59
official_market,Qwen-3.7-Max,model_id_not_proven,ou05,31-45,1,0,1,1,0,100.0,1,W,1,100.0,1,W,1,100.0,1,0,0,0,0,0,,0,0,,0,,0,,,2026-09-04 11:46:47
official_market,Qwen-3.7-Max,model_id_not_proven,ou15,15-30,93,0,93,61,32,65.59,20,WLWWWWWWLWWWWWWWLWWW,17,85.0,10,WLWWWWWWLW,8,80.0,12,0,1,6,75,47,62.67,58,20,75.0,10,80.0,0,,,2026-09-04 18:40:59
official_market,Qwen-3.7-Max,model_id_not_proven,ou15,31-45,1,0,1,1,0,100.0,1,W,1,100.0,1,W,1,100.0,0,0,0,0,1,1,100.0,1,1,100.0,1,100.0,0,,,2026-09-04 11:46:47
official_market,Qwen-3.7-Max,model_id_not_proven,ou25,15-30,93,0,93,54,39,58.06,20,WWWWLLWWLWLWWWLLLWWW,13,65.0,10,WWWWLLWWLW,7,70.0,3,0,2,6,83,46,55.42,64,20,70.0,10,70.0,19,6.68,35.16,2026-09-04 18:40:59
official_market,Qwen-3.7-Max,model_id_not_proven,ou25,31-45,1,0,1,0,1,0.0,1,L,0,0.0,1,L,0,0.0,0,0,0,0,1,0,0.0,1,1,0.0,1,0.0,0,,,2026-09-04 11:46:47
official_market,Qwen-3.7-Max,model_id_not_proven,resultat,15-30,93,0,93,53,40,56.99,20,WLWWWLLWLWLWLWLLWLLW,10,50.0,10,WLWWWLLWLW,6,60.0,0,93,0,6,0,0,,0,0,,0,,0,,,2026-09-04 18:40:59
official_market,Qwen-3.7-Max,model_id_not_proven,resultat,31-45,1,0,1,0,1,0.0,1,L,0,0.0,1,L,0,0.0,0,1,0,0,0,0,,0,0,,0,,0,,,2026-09-04 11:46:47
official_market,Qwen-3.7-Max,moonshotai/kimi-k2-0905,btts,15-30,122,0,116,65,51,56.03,20,LLLLWLWWWWWLWLWWWLWW,12,60.0,10,LLLLWLWWWW,5,50.0,16,0,0,0,100,49,49.0,73,20,65.0,10,60.0,0,,,2026-09-11 12:31:58
official_market,Qwen-3.7-Max,moonshotai/kimi-k2-0905,btts,31-45,29,0,24,21,3,87.5,20,LWWWWWWWWWWWLWWWLWWW,17,85.0,10,LWWWWWWWWW,9,90.0,7,0,0,0,17,14,82.35,17,17,82.35,10,80.0,0,,,2026-09-11 12:31:49
official_market,Qwen-3.7-Max,moonshotai/kimi-k2-0905,mt1,15-30,119,0,113,85,28,75.22,20,WWWWWLLWWWWLWWLWWWWL,15,75.0,10,WWWWWLLWWW,8,80.0,0,113,0,0,0,0,,0,0,,0,,0,,,2026-09-11 12:31:58
official_market,Qwen-3.7-Max,moonshotai/kimi-k2-0905,mt1,31-45,28,0,23,20,3,86.96,20,WWWWWWWWWWLWLWWWWLWW,17,85.0,10,WWWWWWWWWW,10,100.0,0,23,0,0,0,0,,0,0,,0,,0,,,2026-09-11 12:31:49
official_market,Qwen-3.7-Max,moonshotai/kimi-k2-0905,mt1_dom,15-30,113,0,107,84,23,78.5,20,WWWLWLLWWWLWWLWLWWLW,13,65.0,10,WWWLWLLWWW,7,70.0,0,107,0,0,0,0,,0,0,,0,,0,,,2026-09-11 12:31:58
official_market,Qwen-3.7-Max,moonshotai/kimi-k2-0905,mt1_dom,31-45,25,0,20,19,1,95.0,20,WWWWLWWWWWWWWWWWWWWW,19,95.0,10,WWWWLWWWWW,9,90.0,0,20,0,0,0,0,,0,0,,0,,0,,,2026-09-11 12:31:49
official_market,Qwen-3.7-Max,moonshotai/kimi-k2-0905,mt1_ext,15-30,105,0,99,77,22,77.78,20,WWWWWWWWLLWWWWLWWWWW,17,85.0,10,WWWWWWWWLL,8,80.0,0,99,0,0,0,0,,0,0,,0,,0,,,2026-09-11 12:31:58
official_market,Qwen-3.7-Max,moonshotai/kimi-k2-0905,mt1_ext,31-45,23,0,19,18,1,94.74,19,WWWWWWWWWWLWWWWWWWW,18,94.74,10,WWWWWWWWWW,10,100.0,0,19,0,0,0,0,,0,0,,0,,0,,,2026-09-11 12:31:49
official_market,Qwen-3.7-Max,moonshotai/kimi-k2-0905,mt2,15-30,94,0,88,65,23,73.86,20,WWWWWWLLLWWWLWWLLWWW,14,70.0,10,WWWWWWLLLW,7,70.0,0,88,0,0,0,0,,0,0,,0,,0,,,2026-09-11 12:31:58
official_market,Qwen-3.7-Max,moonshotai/kimi-k2-0905,mt2,31-45,21,0,18,12,6,66.67,18,WLLLWLWWWWLWWWLWWW,12,66.67,10,WLLLWLWWWW,6,60.0,0,18,0,0,0,0,,0,0,,0,,0,,,2026-09-11 12:31:49
official_market,Qwen-3.7-Max,moonshotai/kimi-k2-0905,mt2_dom,15-30,79,0,76,39,37,51.32,20,WWLWWLLWWWWWLWLWWWLL,13,65.0,10,WWLWWLLWWW,7,70.0,0,76,0,0,0,0,,0,0,,0,,0,,,2026-09-11 12:31:58
official_market,Qwen-3.7-Max,moonshotai/kimi-k2-0905,mt2_dom,31-45,15,0,12,8,4,66.67,12,WWWWLWLWLLWW,8,66.67,10,WWWWLWLWLL,6,60.0,0,12,0,0,0,0,,0,0,,0,,0,,,2026-09-11 12:31:49
official_market,Qwen-3.7-Max,moonshotai/kimi-k2-0905,mt2_ext,15-30,70,0,67,46,21,68.66,20,LLWLWLWWWLWWLLLWWLLL,9,45.0,10,LLWLWLWWWL,5,50.0,0,67,0,0,0,0,,0,0,,0,,0,,,2026-09-11 12:31:58
official_market,Qwen-3.7-Max,moonshotai/kimi-k2-0905,mt2_ext,31-45,12,0,9,5,4,55.56,9,LLWWWWLWL,5,55.56,9,LLWWWWLWL,5,55.56,0,9,0,0,0,0,,0,0,,0,,0,,,2026-09-11 12:31:49
official_market,Qwen-3.7-Max,moonshotai/kimi-k2-0905,ou05,15-30,126,0,120,112,8,93.33,20,WWWWWWWWWWWWWWWLWWWW,19,95.0,10,WWWWWWWWWW,10,100.0,61,0,0,0,59,52,88.14,48,20,85.0,10,80.0,0,,,2026-09-11 12:31:58
official_market,Qwen-3.7-Max,moonshotai/kimi-k2-0905,ou05,31-45,29,0,24,24,0,100.0,20,WWWWWWWWWWWWWWWWWWWW,20,100.0,10,WWWWWWWWWW,10,100.0,18,0,0,0,6,6,100.0,6,6,100.0,6,100.0,0,,,2026-09-11 12:31:49
official_market,Qwen-3.7-Max,moonshotai/kimi-k2-0905,ou15,15-30,126,0,120,91,29,75.83,20,WWWWWLWWLWWLWWLWWWLL,14,70.0,10,WWWWWLWWLW,8,80.0,21,0,0,0,99,70,70.71,72,20,70.0,10,70.0,0,,,2026-09-11 12:31:58
official_market,Qwen-3.7-Max,moonshotai/kimi-k2-0905,ou15,31-45,29,0,24,20,4,83.33,20,WWLWWWWWWWWWLWWWLWWW,17,85.0,10,WWLWWWWWWW,9,90.0,10,0,0,0,14,10,71.43,14,14,71.43,10,80.0,0,,,2026-09-11 12:31:49
official_market,Qwen-3.7-Max,moonshotai/kimi-k2-0905,ou25,15-30,126,0,120,73,47,60.83,20,WLLLWLWLWWWLWLLWLWWL,10,50.0,10,WLLLWLWLWW,5,50.0,3,0,0,0,117,70,59.83,82,20,60.0,10,50.0,5,-2.14,-42.8,2026-09-11 12:31:58
official_market,Qwen-3.7-Max,moonshotai/kimi-k2-0905,ou25,31-45,29,0,24,17,7,70.83,20,LLWWWWLWWWWWLWLWLWWW,14,70.0,10,LLWWWWLWWW,7,70.0,4,0,0,0,20,13,65.0,20,20,65.0,10,60.0,4,2.08,52.0,2026-09-11 12:31:49
official_market,Qwen-3.7-Max,moonshotai/kimi-k2-0905,resultat,15-30,120,0,114,61,53,53.51,20,WWWLWLWWWWWWWLWWLLLL,13,65.0,10,WWWLWLWWWW,8,80.0,0,114,0,0,0,0,,0,0,,0,,0,,,2026-09-11 12:31:58
official_market,Qwen-3.7-Max,moonshotai/kimi-k2-0905,resultat,31-45,29,0,24,15,9,62.5,20,WWLWWWWWWLLWWWWLLLWL,13,65.0,10,WWLWWWWWWL,8,80.0,0,24,0,0,0,0,,0,0,,0,,0,,,2026-09-11 12:31:49
official_market,Qwen-3.7-Max,qwen/qwen-plus-2025-07-28,btts,15-30,11,0,11,5,6,45.45,11,LLLWLWWWWLL,5,45.45,10,LLLWLWWWWL,5,50.0,1,0,0,0,10,4,40.0,10,10,40.0,10,40.0,0,,,2026-08-30 19:17:02
official_market,Qwen-3.7-Max,qwen/qwen-plus-2025-07-28,mt1,15-30,11,0,11,7,4,63.64,11,WWLWWWLWLWL,7,63.64,10,WWLWWWLWLW,7,70.0,0,11,0,0,0,0,,0,0,,0,,0,,,2026-08-30 19:17:02
official_market,Qwen-3.7-Max,qwen/qwen-plus-2025-07-28,mt1_dom,15-30,11,0,11,8,3,72.73,11,WWWWWWLWLWL,8,72.73,10,WWWWWWLWLW,8,80.0,0,11,0,0,0,0,,0,0,,0,,0,,,2026-08-30 19:17:02
official_market,Qwen-3.7-Max,qwen/qwen-plus-2025-07-28,mt1_ext,15-30,8,0,8,4,4,50.0,8,WLLWLWLW,4,50.0,8,WLLWLWLW,4,50.0,0,8,0,0,0,0,,0,0,,0,,0,,,2026-08-30 19:17:02
official_market,Qwen-3.7-Max,qwen/qwen-plus-2025-07-28,mt2,15-30,6,0,6,5,1,83.33,6,WWWLWW,5,83.33,6,WWWLWW,5,83.33,0,6,0,0,0,0,,0,0,,0,,0,,,2026-08-30 19:17:02
official_market,Qwen-3.7-Max,qwen/qwen-plus-2025-07-28,mt2_dom,15-30,2,0,2,2,0,100.0,2,WW,2,100.0,2,WW,2,100.0,0,2,0,0,0,0,,0,0,,0,,0,,,2026-08-30 08:33:27
official_market,Qwen-3.7-Max,qwen/qwen-plus-2025-07-28,ou05,15-30,11,0,11,9,2,81.82,11,WWWWWWLWLWW,9,81.82,10,WWWWWWLWLW,8,80.0,5,0,0,0,6,4,66.67,6,6,66.67,6,66.67,0,,,2026-08-30 19:17:02
official_market,Qwen-3.7-Max,qwen/qwen-plus-2025-07-28,ou15,15-30,11,0,11,7,4,63.64,11,WWLWLWWWWLL,7,63.64,10,WWLWLWWWWL,7,70.0,2,0,0,0,9,5,55.56,9,9,55.56,9,55.56,0,,,2026-08-30 19:17:02
official_market,Qwen-3.7-Max,qwen/qwen-plus-2025-07-28,ou25,15-30,11,0,11,7,4,63.64,11,LLWWLWWWWLW,7,63.64,10,LLWWLWWWWL,6,60.0,0,0,0,0,11,7,63.64,11,11,63.64,10,60.0,4,0.06,1.5,2026-08-30 19:17:02
official_market,Qwen-3.7-Max,qwen/qwen-plus-2025-07-28,resultat,15-30,11,0,11,6,5,54.55,11,WWLWWWLWLLL,6,54.55,10,WWLWWWLWLL,6,60.0,0,11,0,0,0,0,,0,0,,0,,0,,,2026-08-30 19:17:02
tournament,Claude Sonnet 5,anthropic/claude-sonnet-5,ou25,15-30,16,16,0,0,0,,0,,0,,0,,0,,0,0,0,0,0,0,,0,0,,0,,0,,,2026-09-11 03:27:25
tournament,Claude Sonnet 5,anthropic/claude-sonnet-5,ou25,31-45,15,15,0,0,0,,0,,0,,0,,0,,0,0,0,0,0,0,,0,0,,0,,0,,,2026-09-11 10:50:51
tournament,DeepSeek V4 Pro,deepseek/deepseek-v4-pro-0813,ou25,15-30,16,16,0,0,0,,0,,0,,0,,0,,0,0,0,0,0,0,,0,0,,0,,0,,,2026-09-11 03:29:28
tournament,DeepSeek V4 Pro,deepseek/deepseek-v4-pro-0813,ou25,31-45,15,15,0,0,0,,0,,0,,0,,0,,0,0,0,0,0,0,,0,0,,0,,0,,,2026-09-11 10:52:30
tournament,GLM 5.3 Flash,z-ai/glm-5.3-flash,ou25,15-30,16,16,0,0,0,,0,,0,,0,,0,,0,0,0,0,0,0,,0,0,,0,,0,,,2026-09-11 03:31:17
tournament,GLM 5.3 Flash,z-ai/glm-5.3-flash,ou25,31-45,15,15,0,0,0,,0,,0,,0,,0,,0,0,0,0,0,0,,0,0,,0,,0,,,2026-09-11 10:54:16
tournament,GPT-5.2,openai/gpt-5.2,ou25,15-30,16,16,0,0,0,,0,,0,,0,,0,,0,0,0,0,0,0,,0,0,,0,,0,,,2026-09-11 03:26:36
tournament,GPT-5.2,openai/gpt-5.2,ou25,31-45,15,14,1,1,0,100.0,1,W,1,100.0,1,W,1,100.0,1,0,0,0,0,0,,0,0,,0,,0,,,2026-09-11 10:50:01
tournament,Gemini 3.7 Flash,google/gemini-3.7-flash,ou25,15-30,16,16,0,0,0,,0,,0,,0,,0,,0,0,0,0,0,0,,0,0,,0,,0,,,2026-09-11 03:28:23
tournament,Gemini 3.7 Flash,google/gemini-3.7-flash,ou25,31-45,15,15,0,0,0,,0,,0,,0,,0,,0,0,0,0,0,0,,0,0,,0,,0,,,2026-09-11 10:51:40
tournament,Grok 4.6,x-ai/grok-4.6,ou25,15-30,16,16,0,0,0,,0,,0,,0,,0,,0,0,0,0,0,0,,0,0,,0,,0,,,2026-09-11 03:30:26
tournament,Grok 4.6,x-ai/grok-4.6,ou25,31-45,15,14,1,1,0,100.0,1,W,1,100.0,1,W,1,100.0,1,0,0,0,0,0,,0,0,,0,,0,,,2026-09-11 10:53:26
tournament,Kimi K3,moonshotai/kimi-k2,ou25,15-30,16,16,0,0,0,,0,,0,,0,,0,,0,0,0,0,0,0,,0,0,,0,,0,,,2026-09-11 03:25:46
tournament,Kimi K3,moonshotai/kimi-k2,ou25,31-45,15,15,0,0,0,,0,,0,,0,,0,,0,0,0,0,0,0,,0,0,,0,,0,,,2026-09-11 10:49:10
tournament,Mercury 2.5,inception/mercury-2.5-preview,ou25,15-30,16,16,0,0,0,,0,,0,,0,,0,,0,0,0,0,0,0,,0,0,,0,,0,,,2026-09-11 03:33:41
tournament,Mercury 2.5,inception/mercury-2.5-preview,ou25,31-45,14,14,0,0,0,,0,,0,,0,,0,,0,0,0,0,0,0,,0,0,,0,,0,,,2026-09-11 10:56:41
tournament,Muse Spark 1.2,meta/muse-spark-1.2,ou25,15-30,16,16,0,0,0,,0,,0,,0,,0,,0,0,0,0,0,0,,0,0,,0,,0,,,2026-09-11 03:32:55
tournament,Muse Spark 1.2,meta/muse-spark-1.2,ou25,31-45,15,15,0,0,0,,0,,0,,0,,0,,0,0,0,0,0,0,,0,0,,0,,0,,,2026-09-11 10:55:55
tournament,Qwen 3.8 Max,qwen/qwen3.8-max,ou25,15-30,16,16,0,0,0,,0,,0,,0,,0,,0,0,0,0,0,0,,0,0,,0,,0,,,2026-09-11 03:32:09
tournament,Qwen 3.8 Max,qwen/qwen3.8-max,ou25,31-45,15,15,0,0,0,,0,,0,,0,,0,,0,0,0,0,0,0,,0,0,,0,,0,,,2026-09-11 10:55:09
tournament_market,Claude Sonnet 5,anthropic/claude-sonnet-5,btts,15-30,16,16,0,0,0,,0,,0,,0,,0,,0,0,0,0,0,0,,0,0,,0,,0,,,2026-09-11 03:27:25
tournament_market,Claude Sonnet 5,anthropic/claude-sonnet-5,btts,31-45,15,15,0,0,0,,0,,0,,0,,0,,0,0,0,0,0,0,,0,0,,0,,0,,,2026-09-11 10:50:51
tournament_market,Claude Sonnet 5,anthropic/claude-sonnet-5,ou15,15-30,16,16,0,0,0,,0,,0,,0,,0,,0,0,0,0,0,0,,0,0,,0,,0,,,2026-09-11 03:27:25
tournament_market,Claude Sonnet 5,anthropic/claude-sonnet-5,ou15,31-45,15,15,0,0,0,,0,,0,,0,,0,,0,0,0,0,0,0,,0,0,,0,,0,,,2026-09-11 10:50:51
tournament_market,Claude Sonnet 5,anthropic/claude-sonnet-5,ou35,15-30,16,16,0,0,0,,0,,0,,0,,0,,0,0,0,0,0,0,,0,0,,0,,0,,,2026-09-11 03:27:25
tournament_market,Claude Sonnet 5,anthropic/claude-sonnet-5,ou35,31-45,15,15,0,0,0,,0,,0,,0,,0,,0,0,0,0,0,0,,0,0,,0,,0,,,2026-09-11 10:50:51
tournament_market,DeepSeek V4 Pro,deepseek/deepseek-v4-pro-0813,btts,15-30,16,16,0,0,0,,0,,0,,0,,0,,0,0,0,0,0,0,,0,0,,0,,0,,,2026-09-11 03:29:28
tournament_market,DeepSeek V4 Pro,deepseek/deepseek-v4-pro-0813,btts,31-45,15,15,0,0,0,,0,,0,,0,,0,,0,0,0,0,0,0,,0,0,,0,,0,,,2026-09-11 10:52:30
tournament_market,DeepSeek V4 Pro,deepseek/deepseek-v4-pro-0813,ou15,15-30,16,16,0,0,0,,0,,0,,0,,0,,0,0,0,0,0,0,,0,0,,0,,0,,,2026-09-11 03:29:28
tournament_market,DeepSeek V4 Pro,deepseek/deepseek-v4-pro-0813,ou15,31-45,15,15,0,0,0,,0,,0,,0,,0,,0,0,0,0,0,0,,0,0,,0,,0,,,2026-09-11 10:52:30
tournament_market,DeepSeek V4 Pro,deepseek/deepseek-v4-pro-0813,ou35,15-30,16,16,0,0,0,,0,,0,,0,,0,,0,0,0,0,0,0,,0,0,,0,,0,,,2026-09-11 03:29:28
tournament_market,DeepSeek V4 Pro,deepseek/deepseek-v4-pro-0813,ou35,31-45,15,15,0,0,0,,0,,0,,0,,0,,0,0,0,0,0,0,,0,0,,0,,0,,,2026-09-11 10:52:30
tournament_market,GLM 5.3 Flash,z-ai/glm-5.3-flash,btts,15-30,16,16,0,0,0,,0,,0,,0,,0,,0,0,0,0,0,0,,0,0,,0,,0,,,2026-09-11 03:31:17
tournament_market,GLM 5.3 Flash,z-ai/glm-5.3-flash,btts,31-45,15,15,0,0,0,,0,,0,,0,,0,,0,0,0,0,0,0,,0,0,,0,,0,,,2026-09-11 10:54:16
tournament_market,GLM 5.3 Flash,z-ai/glm-5.3-flash,ou15,15-30,16,16,0,0,0,,0,,0,,0,,0,,0,0,0,0,0,0,,0,0,,0,,0,,,2026-09-11 03:31:17
tournament_market,GLM 5.3 Flash,z-ai/glm-5.3-flash,ou15,31-45,15,15,0,0,0,,0,,0,,0,,0,,0,0,0,0,0,0,,0,0,,0,,0,,,2026-09-11 10:54:16
tournament_market,GLM 5.3 Flash,z-ai/glm-5.3-flash,ou35,15-30,16,16,0,0,0,,0,,0,,0,,0,,0,0,0,0,0,0,,0,0,,0,,0,,,2026-09-11 03:31:17
tournament_market,GLM 5.3 Flash,z-ai/glm-5.3-flash,ou35,31-45,15,15,0,0,0,,0,,0,,0,,0,,0,0,0,0,0,0,,0,0,,0,,0,,,2026-09-11 10:54:16
tournament_market,GPT-5.2,openai/gpt-5.2,btts,15-30,16,16,0,0,0,,0,,0,,0,,0,,0,0,0,0,0,0,,0,0,,0,,0,,,2026-09-11 03:26:36
tournament_market,GPT-5.2,openai/gpt-5.2,btts,31-45,15,14,1,1,0,100.0,1,W,1,100.0,1,W,1,100.0,1,0,0,0,0,0,,0,0,,0,,0,,,2026-09-11 10:50:01
tournament_market,GPT-5.2,openai/gpt-5.2,ou15,15-30,16,16,0,0,0,,0,,0,,0,,0,,0,0,0,0,0,0,,0,0,,0,,0,,,2026-09-11 03:26:36
tournament_market,GPT-5.2,openai/gpt-5.2,ou15,31-45,15,14,1,1,0,100.0,1,W,1,100.0,1,W,1,100.0,1,0,0,0,0,0,,0,0,,0,,0,,,2026-09-11 10:50:01
tournament_market,GPT-5.2,openai/gpt-5.2,ou35,15-30,16,16,0,0,0,,0,,0,,0,,0,,0,0,0,0,0,0,,0,0,,0,,0,,,2026-09-11 03:26:36
tournament_market,GPT-5.2,openai/gpt-5.2,ou35,31-45,15,15,0,0,0,,0,,0,,0,,0,,0,0,0,0,0,0,,0,0,,0,,0,,,2026-09-11 10:50:01
tournament_market,Gemini 3.7 Flash,google/gemini-3.7-flash,btts,15-30,16,16,0,0,0,,0,,0,,0,,0,,0,0,0,0,0,0,,0,0,,0,,0,,,2026-09-11 03:28:23
tournament_market,Gemini 3.7 Flash,google/gemini-3.7-flash,btts,31-45,15,15,0,0,0,,0,,0,,0,,0,,0,0,0,0,0,0,,0,0,,0,,0,,,2026-09-11 10:51:40
tournament_market,Gemini 3.7 Flash,google/gemini-3.7-flash,ou15,15-30,16,16,0,0,0,,0,,0,,0,,0,,0,0,0,0,0,0,,0,0,,0,,0,,,2026-09-11 03:28:23
tournament_market,Gemini 3.7 Flash,google/gemini-3.7-flash,ou15,31-45,15,15,0,0,0,,0,,0,,0,,0,,0,0,0,0,0,0,,0,0,,0,,0,,,2026-09-11 10:51:40
tournament_market,Gemini 3.7 Flash,google/gemini-3.7-flash,ou35,15-30,16,16,0,0,0,,0,,0,,0,,0,,0,0,0,0,0,0,,0,0,,0,,0,,,2026-09-11 03:28:23
tournament_market,Gemini 3.7 Flash,google/gemini-3.7-flash,ou35,31-45,15,15,0,0,0,,0,,0,,0,,0,,0,0,0,0,0,0,,0,0,,0,,0,,,2026-09-11 10:51:40
tournament_market,Grok 4.6,x-ai/grok-4.6,btts,15-30,16,16,0,0,0,,0,,0,,0,,0,,0,0,0,0,0,0,,0,0,,0,,0,,,2026-09-11 03:30:26
tournament_market,Grok 4.6,x-ai/grok-4.6,btts,31-45,15,12,3,3,0,100.0,3,WWW,3,100.0,3,WWW,3,100.0,3,0,0,0,0,0,,0,0,,0,,0,,,2026-09-11 10:53:26
tournament_market,Grok 4.6,x-ai/grok-4.6,ou15,15-30,16,15,1,1,0,100.0,1,W,1,100.0,1,W,1,100.0,1,0,0,0,0,0,,0,0,,0,,0,,,2026-09-11 03:30:26
tournament_market,Grok 4.6,x-ai/grok-4.6,ou15,31-45,15,10,4,4,0,100.0,4,WWWW,4,100.0,4,WWWW,4,100.0,4,0,0,0,0,0,,0,0,,0,,0,,,2026-09-11 10:53:26
tournament_market,Grok 4.6,x-ai/grok-4.6,ou35,15-30,16,16,0,0,0,,0,,0,,0,,0,,0,0,0,0,0,0,,0,0,,0,,0,,,2026-09-11 03:30:26
tournament_market,Grok 4.6,x-ai/grok-4.6,ou35,31-45,15,15,0,0,0,,0,,0,,0,,0,,0,0,0,0,0,0,,0,0,,0,,0,,,2026-09-11 10:53:26
tournament_market,Kimi K3,moonshotai/kimi-k2,btts,15-30,16,16,0,0,0,,0,,0,,0,,0,,0,0,0,0,0,0,,0,0,,0,,0,,,2026-09-11 03:25:46
tournament_market,Kimi K3,moonshotai/kimi-k2,btts,31-45,15,13,2,2,0,100.0,2,WW,2,100.0,2,WW,2,100.0,2,0,0,0,0,0,,0,0,,0,,0,,,2026-09-11 10:49:10
tournament_market,Kimi K3,moonshotai/kimi-k2,ou15,15-30,16,16,0,0,0,,0,,0,,0,,0,,0,0,0,0,0,0,,0,0,,0,,0,,,2026-09-11 03:25:46
tournament_market,Kimi K3,moonshotai/kimi-k2,ou15,31-45,15,13,2,2,0,100.0,2,WW,2,100.0,2,WW,2,100.0,2,0,0,0,0,0,,0,0,,0,,0,,,2026-09-11 10:49:10
tournament_market,Kimi K3,moonshotai/kimi-k2,ou35,15-30,16,16,0,0,0,,0,,0,,0,,0,,0,0,0,0,0,0,,0,0,,0,,0,,,2026-09-11 03:25:46
tournament_market,Kimi K3,moonshotai/kimi-k2,ou35,31-45,15,15,0,0,0,,0,,0,,0,,0,,0,0,0,0,0,0,,0,0,,0,,0,,,2026-09-11 10:49:10
tournament_market,Mercury 2.5,inception/mercury-2.5-preview,btts,15-30,16,16,0,0,0,,0,,0,,0,,0,,0,0,0,0,0,0,,0,0,,0,,0,,,2026-09-11 03:33:41
tournament_market,Mercury 2.5,inception/mercury-2.5-preview,btts,31-45,14,14,0,0,0,,0,,0,,0,,0,,0,0,0,0,0,0,,0,0,,0,,0,,,2026-09-11 10:56:41
tournament_market,Mercury 2.5,inception/mercury-2.5-preview,ou15,15-30,16,16,0,0,0,,0,,0,,0,,0,,0,0,0,0,0,0,,0,0,,0,,0,,,2026-09-11 03:33:41
tournament_market,Mercury 2.5,inception/mercury-2.5-preview,ou15,31-45,14,14,0,0,0,,0,,0,,0,,0,,0,0,0,0,0,0,,0,0,,0,,0,,,2026-09-11 10:56:41
tournament_market,Mercury 2.5,inception/mercury-2.5-preview,ou35,15-30,16,16,0,0,0,,0,,0,,0,,0,,0,0,0,0,0,0,,0,0,,0,,0,,,2026-09-11 03:33:41
tournament_market,Mercury 2.5,inception/mercury-2.5-preview,ou35,31-45,14,14,0,0,0,,0,,0,,0,,0,,0,0,0,0,0,0,,0,0,,0,,0,,,2026-09-11 10:56:41
tournament_market,Muse Spark 1.2,meta/muse-spark-1.2,btts,15-30,16,16,0,0,0,,0,,0,,0,,0,,0,0,0,0,0,0,,0,0,,0,,0,,,2026-09-11 03:32:55
tournament_market,Muse Spark 1.2,meta/muse-spark-1.2,btts,31-45,15,15,0,0,0,,0,,0,,0,,0,,0,0,0,0,0,0,,0,0,,0,,0,,,2026-09-11 10:55:55
tournament_market,Muse Spark 1.2,meta/muse-spark-1.2,ou15,15-30,16,16,0,0,0,,0,,0,,0,,0,,0,0,0,0,0,0,,0,0,,0,,0,,,2026-09-11 03:32:55
tournament_market,Muse Spark 1.2,meta/muse-spark-1.2,ou15,31-45,15,15,0,0,0,,0,,0,,0,,0,,0,0,0,0,0,0,,0,0,,0,,0,,,2026-09-11 10:55:55
tournament_market,Muse Spark 1.2,meta/muse-spark-1.2,ou35,15-30,16,16,0,0,0,,0,,0,,0,,0,,0,0,0,0,0,0,,0,0,,0,,0,,,2026-09-11 03:32:55
tournament_market,Muse Spark 1.2,meta/muse-spark-1.2,ou35,31-45,15,15,0,0,0,,0,,0,,0,,0,,0,0,0,0,0,0,,0,0,,0,,0,,,2026-09-11 10:55:55
tournament_market,Qwen 3.8 Max,qwen/qwen3.8-max,btts,15-30,16,16,0,0,0,,0,,0,,0,,0,,0,0,0,0,0,0,,0,0,,0,,0,,,2026-09-11 03:32:09
tournament_market,Qwen 3.8 Max,qwen/qwen3.8-max,btts,31-45,15,15,0,0,0,,0,,0,,0,,0,,0,0,0,0,0,0,,0,0,,0,,0,,,2026-09-11 10:55:09
tournament_market,Qwen 3.8 Max,qwen/qwen3.8-max,ou15,15-30,16,16,0,0,0,,0,,0,,0,,0,,0,0,0,0,0,0,,0,0,,0,,0,,,2026-09-11 03:32:09
tournament_market,Qwen 3.8 Max,qwen/qwen3.8-max,ou15,31-45,15,15,0,0,0,,0,,0,,0,,0,,0,0,0,0,0,0,,0,0,,0,,0,,,2026-09-11 10:55:09
tournament_market,Qwen 3.8 Max,qwen/qwen3.8-max,ou35,15-30,16,16,0,0,0,,0,,0,,0,,0,,0,0,0,0,0,0,,0,0,,0,,0,,,2026-09-11 03:32:09
tournament_market,Qwen 3.8 Max,qwen/qwen3.8-max,ou35,31-45,15,15,0,0,0,,0,,0,,0,,0,,0,0,0,0,0,0,,0,0,,0,,0,,,2026-09-11 10:55:09
